[267月2026 23:42:07.532] [main/INFO] [cpw.mods.modlauncher.Launcher/MODLAUNCHER]: ModLauncher running: args [--launchTarget, forgeclientdev, --version, 21.1.219, --assetIndex, 17, --assetsDir, C:\\Users\\28178\\.gradle\\caches\\neoformruntime\\assets, --gameDir, ., --fml.fmlVersion, 4.0.42, --fml.mcVersion, 1.21.1, --fml.neoForgeVersion, 21.1.219, --fml.neoFormVersion, 20240808.144430]
[267月2026 23:42:07.535] [main/INFO] [cpw.mods.modlauncher.Launcher/MODLAUNCHER]: JVM identified as Oracle Corporation Java HotSpot(TM) 64-Bit Server VM 21.0.9+7-LTS-338
[267月2026 23:42:07.536] [main/INFO] [cpw.mods.modlauncher.Launcher/MODLAUNCHER]: ModLauncher 11.0.5+main.901c6ea8 starting: java version 21.0.9 by Oracle Corporation; OS Windows 11 arch amd64 version 10.0
[267月2026 23:42:07.554] [main/DEBUG] [cpw.mods.modlauncher.LaunchServiceHandler/MODLAUNCHER]: Found launch services [minecraft,forgeclient,forgedatauserdev,testharness,forgeserverdev,forgeserveruserdev,forgejunitdev,forgeclientdev,forgeclientuserdev,forgeserver,forgejunituserdev,forgedatadev]
[267月2026 23:42:07.573] [main/DEBUG] [cpw.mods.modlauncher.LaunchPluginHandler/MODLAUNCHER]: Found launch plugins: [mixin,slf4jfixer,runtime_enum_extender,accesstransformer,runtimedistcleaner]
[267月2026 23:42:07.580] [main/DEBUG] [cpw.mods.modlauncher.TransformationServicesHandler/MODLAUNCHER]: Discovering transformation services
[267月2026 23:42:07.585] [main/DEBUG] [net.neoforged.fml.loading.FMLPaths/CORE]: Path GAMEDIR is E:\Minecraft\Minecraft Modding\RTSbuilding\run
[267月2026 23:42:07.585] [main/DEBUG] [net.neoforged.fml.loading.FMLPaths/CORE]: Path MODSDIR is E:\Minecraft\Minecraft Modding\RTSbuilding\run\mods
[267月2026 23:42:07.585] [main/DEBUG] [net.neoforged.fml.loading.FMLPaths/CORE]: Path CONFIGDIR is E:\Minecraft\Minecraft Modding\RTSbuilding\run\config
[267月2026 23:42:07.586] [main/DEBUG] [net.neoforged.fml.loading.FMLPaths/CORE]: Path FMLCONFIG is E:\Minecraft\Minecraft Modding\RTSbuilding\run\config\fml.toml
[267月2026 23:42:07.643] [main/DEBUG] [net.neoforged.fml.loading.targets.CommonLaunchHandler/CORE]: Got mod coordinates rtsbuilding%%E:\Minecraft\Minecraft Modding\RTSbuilding\build\classes\java\main;rtsbuilding%%E:\Minecraft\Minecraft Modding\RTSbuilding\build\resources\main from env
[267月2026 23:42:07.646] [main/DEBUG] [net.neoforged.fml.loading.targets.CommonLaunchHandler/CORE]: Found supplied mod coordinates [{rtsbuilding=[E:\Minecraft\Minecraft Modding\RTSbuilding\build\classes\java\main, E:\Minecraft\Minecraft Modding\RTSbuilding\build\resources\main]}]
[267月2026 23:42:07.650] [main/DEBUG] [cpw.mods.modlauncher.TransformationServicesHandler/MODLAUNCHER]: Found additional transformation services from discovery services: 
[267月2026 23:42:07.660] [main/INFO] [net.neoforged.fml.loading.ImmediateWindowHandler/]: Loading ImmediateWindowProvider fmlearlywindow
[267月2026 23:42:07.840] [main/INFO] [EARLYDISPLAY/]: Trying GL version 4.6
[267月2026 23:42:08.043] [main/INFO] [EARLYDISPLAY/]: Requested GL version 4.6 got version 4.6
[267月2026 23:42:08.122] [main/DEBUG] [cpw.mods.modlauncher.TransformationServicesHandler/MODLAUNCHER]: Found transformer services : [mixin,fml]
[267月2026 23:42:08.122] [main/DEBUG] [cpw.mods.modlauncher.TransformationServicesHandler/MODLAUNCHER]: Transformation services loading
[267月2026 23:42:08.123] [main/DEBUG] [cpw.mods.modlauncher.TransformationServiceDecorator/MODLAUNCHER]: Loading service mixin
[267月2026 23:42:08.123] [main/DEBUG] [cpw.mods.modlauncher.TransformationServiceDecorator/MODLAUNCHER]: Loaded service mixin
[267月2026 23:42:08.124] [main/DEBUG] [cpw.mods.modlauncher.TransformationServiceDecorator/MODLAUNCHER]: Loading service fml
[267月2026 23:42:08.124] [main/DEBUG] [net.neoforged.fml.loading.FMLLoader/CORE]: FML 4.0.42 loading
[267月2026 23:42:08.124] [main/DEBUG] [net.neoforged.fml.loading.FMLLoader/CORE]: FML found ModLauncher version : 11.0.5+main.901c6ea8
[267月2026 23:42:08.125] [main/DEBUG] [net.neoforged.fml.loading.FMLLoader/CORE]: FML found AccessTransformer version : 10.0.1+139da711
[267月2026 23:42:08.126] [main/DEBUG] [net.neoforged.fml.loading.FMLLoader/CORE]: FML found EventBus version : null
[267月2026 23:42:08.126] [main/DEBUG] [net.neoforged.fml.loading.FMLLoader/CORE]: Found Runtime Dist Cleaner
[267月2026 23:42:08.127] [main/DEBUG] [cpw.mods.modlauncher.TransformationServiceDecorator/MODLAUNCHER]: Loaded service fml
[267月2026 23:42:08.127] [main/DEBUG] [cpw.mods.modlauncher.TransformationServicesHandler/MODLAUNCHER]: Configuring option handling for services
[267月2026 23:42:08.144] [main/DEBUG] [net.neoforged.fml.loading.FMLServiceProvider/CORE]: Received command line version data  : VersionInfo[neoForgeVersion=21.1.219, fmlVersion=4.0.42, mcVersion=1.21.1, neoFormVersion=20240808.144430]
[267月2026 23:42:08.145] [main/DEBUG] [cpw.mods.modlauncher.TransformationServicesHandler/MODLAUNCHER]: Transformation services initializing
[267月2026 23:42:08.145] [main/DEBUG] [cpw.mods.modlauncher.TransformationServiceDecorator/MODLAUNCHER]: Initializing transformation service mixin
[267月2026 23:42:08.159] [main/DEBUG] [mixin/]: MixinService [ModLauncher] was successfully booted in cpw.mods.cl.ModuleClassLoader@10a035a0
[267月2026 23:42:08.190] [main/INFO] [mixin/]: SpongePowered MIXIN Subsystem Version=0.8.7 Source=union:/C:/Users/28178/.gradle/caches/modules-2/files-2.1/net.fabricmc/sponge-mixin/0.15.2+mixin.0.8.7/2af2f021d8e02a0220dc27a7a72b4666d66d44ca/sponge-mixin-0.15.2+mixin.0.8.7.jar%23140!/ Service=ModLauncher Env=CLIENT
[267月2026 23:42:08.194] [main/DEBUG] [mixin/]: Initialising Mixin Platform Manager
[267月2026 23:42:08.194] [main/DEBUG] [mixin/]: Adding mixin platform agents for container ModLauncher Root Container(ModLauncher:4f56a0a2)
[267月2026 23:42:08.195] [main/DEBUG] [mixin/]: Instancing new MixinPlatformAgentMinecraftForge for ModLauncher Root Container(ModLauncher:4f56a0a2)
[267月2026 23:42:08.196] [main/DEBUG] [mixin/]: MixinPlatformAgentMinecraftForge rejected container ModLauncher Root Container(ModLauncher:4f56a0a2)
[267月2026 23:42:08.197] [main/DEBUG] [mixin/]: Instancing new MixinPlatformAgentDefault for ModLauncher Root Container(ModLauncher:4f56a0a2)
[267月2026 23:42:08.197] [main/DEBUG] [mixin/]: MixinPlatformAgentDefault accepted container ModLauncher Root Container(ModLauncher:4f56a0a2)
[267月2026 23:42:08.201] [main/DEBUG] [cpw.mods.modlauncher.TransformationServiceDecorator/MODLAUNCHER]: Initialized transformation service mixin
[267月2026 23:42:08.202] [main/DEBUG] [cpw.mods.modlauncher.TransformationServiceDecorator/MODLAUNCHER]: Initializing transformation service fml
[267月2026 23:42:08.202] [main/DEBUG] [net.neoforged.fml.loading.FMLServiceProvider/CORE]: Setting up basic FML game directories
[267月2026 23:42:08.202] [main/DEBUG] [net.neoforged.fml.loading.FMLPaths/CORE]: Path GAMEDIR is E:\Minecraft\Minecraft Modding\RTSbuilding\run
[267月2026 23:42:08.202] [main/DEBUG] [net.neoforged.fml.loading.FMLPaths/CORE]: Path MODSDIR is E:\Minecraft\Minecraft Modding\RTSbuilding\run\mods
[267月2026 23:42:08.202] [main/DEBUG] [net.neoforged.fml.loading.FMLPaths/CORE]: Path CONFIGDIR is E:\Minecraft\Minecraft Modding\RTSbuilding\run\config
[267月2026 23:42:08.203] [main/DEBUG] [net.neoforged.fml.loading.FMLPaths/CORE]: Path FMLCONFIG is E:\Minecraft\Minecraft Modding\RTSbuilding\run\config\fml.toml
[267月2026 23:42:08.203] [main/DEBUG] [net.neoforged.fml.loading.FMLServiceProvider/CORE]: Loading configuration
[267月2026 23:42:08.216] [main/DEBUG] [net.neoforged.fml.loading.FMLServiceProvider/CORE]: Preparing launch handler
[267月2026 23:42:08.217] [main/DEBUG] [net.neoforged.fml.loading.FMLLoader/CORE]: Using forgeclientdev as launch service
[267月2026 23:42:08.219] [main/DEBUG] [cpw.mods.modlauncher.TransformationServiceDecorator/MODLAUNCHER]: Initialized transformation service fml
[267月2026 23:42:08.219] [main/DEBUG] [cpw.mods.modlauncher.TransformationServicesHandler/MODLAUNCHER]: Transformation services begin scanning
[267月2026 23:42:08.220] [main/DEBUG] [cpw.mods.modlauncher.TransformationServiceDecorator/MODLAUNCHER]: Beginning scan trigger - transformation service mixin
[267月2026 23:42:08.220] [main/DEBUG] [cpw.mods.modlauncher.TransformationServiceDecorator/MODLAUNCHER]: End scan trigger - transformation service mixin
[267月2026 23:42:08.220] [main/DEBUG] [cpw.mods.modlauncher.TransformationServiceDecorator/MODLAUNCHER]: Beginning scan trigger - transformation service fml
[267月2026 23:42:08.220] [main/DEBUG] [net.neoforged.fml.loading.FMLServiceProvider/CORE]: Initiating mod scan
[267月2026 23:42:08.221] [main/DEBUG] [net.neoforged.fml.loading.targets.CommonLaunchHandler/CORE]: Got mod coordinates rtsbuilding%%E:\Minecraft\Minecraft Modding\RTSbuilding\build\classes\java\main;rtsbuilding%%E:\Minecraft\Minecraft Modding\RTSbuilding\build\resources\main from env
[267月2026 23:42:08.221] [main/DEBUG] [net.neoforged.fml.loading.targets.CommonLaunchHandler/CORE]: Found supplied mod coordinates [{rtsbuilding=[E:\Minecraft\Minecraft Modding\RTSbuilding\build\classes\java\main, E:\Minecraft\Minecraft Modding\RTSbuilding\build\resources\main]}]
[267月2026 23:42:08.224] [main/DEBUG] [net.neoforged.fml.loading.targets.CommonDevLaunchHandler/]: Launching with NeoForge from E:\Minecraft\Minecraft Modding\RTSbuilding\build\moddev\artifacts\neoforge-21.1.219.jar
[267月2026 23:42:08.244] [main/DEBUG] [net.neoforged.fml.util.ServiceLoaderUtil/CORE]: Found 4 implementations of IModFileCandidateLocator:
[267月2026 23:42:08.245] [main/DEBUG] [net.neoforged.fml.util.ServiceLoaderUtil/CORE]: 	       0 - [built-in] net.neoforged.fml.loading.moddiscovery.locators.NeoForgeDevProvider from loader-4.0.42.jar
[267月2026 23:42:08.245] [main/DEBUG] [net.neoforged.fml.util.ServiceLoaderUtil/CORE]: 	       0 - net.neoforged.fml.loading.moddiscovery.locators.ModsFolderLocator from loader-4.0.42.jar
[267月2026 23:42:08.245] [main/DEBUG] [net.neoforged.fml.util.ServiceLoaderUtil/CORE]: 	       0 - net.neoforged.fml.loading.moddiscovery.locators.MavenDirectoryLocator from loader-4.0.42.jar
[267月2026 23:42:08.245] [main/DEBUG] [net.neoforged.fml.util.ServiceLoaderUtil/CORE]: 	   -1000 - [built-in] net.neoforged.fml.loading.moddiscovery.locators.UserdevLocator from loader-4.0.42.jar
[267月2026 23:42:08.247] [main/DEBUG] [net.neoforged.fml.util.ServiceLoaderUtil/CORE]: Found 2 implementations of IModFileReader:
[267月2026 23:42:08.248] [main/DEBUG] [net.neoforged.fml.util.ServiceLoaderUtil/CORE]: 	       0 - net.neoforged.fml.loading.moddiscovery.readers.JarModsDotTomlModFileReader from loader-4.0.42.jar
[267月2026 23:42:08.248] [main/DEBUG] [net.neoforged.fml.util.ServiceLoaderUtil/CORE]: 	   -1000 - net.neoforged.fml.loading.moddiscovery.readers.NestedLibraryModReader from loader-4.0.42.jar
[267月2026 23:42:08.250] [main/DEBUG] [net.neoforged.fml.util.ServiceLoaderUtil/CORE]: Found 1 implementations of IDependencyLocator:
[267月2026 23:42:08.250] [main/DEBUG] [net.neoforged.fml.util.ServiceLoaderUtil/CORE]: 	       0 - net.neoforged.fml.loading.moddiscovery.locators.JarInJarDependencyLocator from loader-4.0.42.jar
[267月2026 23:42:08.356] [main/DEBUG] [net.neoforged.fml.loading.moddiscovery.ModFileInfo/LOADING]: Found valid mod file neoforge-21.1.219.jar with {minecraft} mods - versions {1.21.1}
[267月2026 23:42:08.363] [main/DEBUG] [net.neoforged.fml.loading.moddiscovery.ModFileParser/LOADING]: Considering mod file candidate E:\Minecraft\Minecraft Modding\RTSbuilding\build\moddev\artifacts\neoforge-21.1.219.jar
[267月2026 23:42:08.398] [main/DEBUG] [net.neoforged.fml.loading.moddiscovery.ModFileInfo/LOADING]: Found valid mod file neoforge-21.1.219.jar with {neoforge} mods - versions {21.1.219}
[267月2026 23:42:08.404] [main/DEBUG] [net.neoforged.fml.loading.moddiscovery.ModListHandler/CORE]: Found mod coordinates from lists: []
[267月2026 23:42:08.408] [main/DEBUG] [net.neoforged.fml.loading.moddiscovery.ModFileParser/LOADING]: Considering mod file candidate E:\Minecraft\Minecraft Modding\RTSbuilding\build\classes\java\main
[267月2026 23:42:08.417] [main/DEBUG] [net.neoforged.fml.loading.moddiscovery.ModFileInfo/LOADING]: Found valid mod file main with {rtsbuilding} mods - versions {1.1.4}
[267月2026 23:42:08.433] [main/DEBUG] [net.neoforged.fml.loading.moddiscovery.ModFileParser/LOADING]: Considering mod file candidate E:\Minecraft\Minecraft Modding\RTSbuilding\build\moddev\artifacts\neoforge-21.1.219.jar
[267月2026 23:42:08.435] [main/DEBUG] [net.neoforged.fml.loading.moddiscovery.ModFileInfo/LOADING]: Found valid mod file neoforge-21.1.219.jar with {neoforge} mods - versions {21.1.219}
[267月2026 23:42:08.436] [main/DEBUG] [net.neoforged.fml.loading.moddiscovery.ModFileParser/LOADING]: Considering mod file candidate E:\Minecraft\Minecraft Modding\RTSbuilding\libs\architectury-13.0.8-neoforge.jar
[267月2026 23:42:08.438] [main/DEBUG] [net.neoforged.fml.loading.moddiscovery.ModFileInfo/LOADING]: Found valid mod file architectury-13.0.8-neoforge.jar with {architectury} mods - versions {13.0.8}
[267月2026 23:42:08.439] [main/DEBUG] [net.neoforged.fml.loading.moddiscovery.ModFileParser/LOADING]: Considering mod file candidate E:\Minecraft\Minecraft Modding\RTSbuilding\libs\cloth-config-15.0.140-neoforge.jar
[267月2026 23:42:08.440] [main/DEBUG] [net.neoforged.fml.loading.moddiscovery.ModFileInfo/LOADING]: Found valid mod file cloth-config-15.0.140-neoforge.jar with {cloth_config} mods - versions {15.0.140}
[267月2026 23:42:08.442] [main/DEBUG] [net.neoforged.fml.loading.moddiscovery.ModFileParser/LOADING]: Considering mod file candidate E:\Minecraft\Minecraft Modding\RTSbuilding\libs\framework-neoforge-1.21.1-0.13.11.jar
[267月2026 23:42:08.445] [main/DEBUG] [net.neoforged.fml.loading.moddiscovery.ModFileInfo/LOADING]: Found valid mod file framework-neoforge-1.21.1-0.13.11.jar with {framework} mods - versions {0.13.11}
[267月2026 23:42:08.447] [main/DEBUG] [net.neoforged.fml.loading.moddiscovery.ModFileParser/LOADING]: Considering mod file candidate E:\Minecraft\Minecraft Modding\RTSbuilding\libs\guideme-21.1.16.jar
[267月2026 23:42:08.450] [main/DEBUG] [net.neoforged.fml.loading.moddiscovery.ModFileInfo/LOADING]: Found valid mod file guideme-21.1.16.jar with {guideme} mods - versions {21.1.16}
[267月2026 23:42:08.450] [pool-2-thread-1/INFO] [EARLYDISPLAY/]: GL info: NVIDIA GeForce RTX 4050 Laptop GPU/PCIe/SSE2 GL version 4.6.0 NVIDIA 596.36, NVIDIA Corporation
[267月2026 23:42:08.453] [main/DEBUG] [net.neoforged.fml.loading.moddiscovery.ModFileParser/LOADING]: Considering mod file candidate E:\Minecraft\Minecraft Modding\RTSbuilding\libs\journeymap-neoforge-1.21.1-6.0.0.jar
[267月2026 23:42:08.454] [main/DEBUG] [net.neoforged.fml.loading.moddiscovery.ModFileInfo/LOADING]: Found valid mod file journeymap-neoforge-1.21.1-6.0.0.jar with {journeymap} mods - versions {1.21.1-6.0.0}
[267月2026 23:42:08.470] [main/DEBUG] [net.neoforged.fml.loading.moddiscovery.ModFileParser/LOADING]: Considering mod file candidate E:\Minecraft\Minecraft Modding\RTSbuilding\libs\[MrCrayfish 的家具：重制] refurbished_furniture-neoforge-1.21.1-1.0.22.jar
[267月2026 23:42:08.472] [main/DEBUG] [net.neoforged.fml.loading.moddiscovery.ModFileInfo/LOADING]: Found valid mod file [MrCrayfish 的家具：重制] refurbished_furniture-neoforge-1.21.1-1.0.22.jar with {refurbished_furniture} mods - versions {1.0.22}
[267月2026 23:42:08.474] [main/DEBUG] [net.neoforged.fml.loading.moddiscovery.ModFileParser/LOADING]: Considering mod file candidate E:\Minecraft\Minecraft Modding\RTSbuilding\libs\[亮度覆盖] light-overlay-12.0.0-neoforge.jar
[267月2026 23:42:08.475] [main/DEBUG] [net.neoforged.fml.loading.moddiscovery.ModFileInfo/LOADING]: Found valid mod file [亮度覆盖] light-overlay-12.0.0-neoforge.jar with {lightoverlay} mods - versions {12.0.0}
[267月2026 23:42:08.479] [main/DEBUG] [net.neoforged.fml.loading.moddiscovery.ModFileParser/LOADING]: Considering mod file candidate E:\Minecraft\Minecraft Modding\RTSbuilding\libs\[应用能源2] appliedenergistics2-19.2.17.jar
[267月2026 23:42:08.481] [main/DEBUG] [net.neoforged.fml.loading.moddiscovery.ModFileInfo/LOADING]: Found valid mod file [应用能源2] appliedenergistics2-19.2.17.jar with {ae2} mods - versions {19.2.17}
[267月2026 23:42:08.486] [main/DEBUG] [net.neoforged.fml.loading.moddiscovery.ModFileParser/LOADING]: Considering mod file candidate E:\Minecraft\Minecraft Modding\RTSbuilding\libs\[末影接口] enderio-8.2.11-beta.jar
[267月2026 23:42:08.487] [main/DEBUG] [net.neoforged.fml.loading.moddiscovery.ModFileInfo/LOADING]: Found valid mod file [末影接口] enderio-8.2.11-beta.jar with {enderio} mods - versions {8.2.11-beta}
[267月2026 23:42:08.625] [main/DEBUG] [net.neoforged.fml.loading.moddiscovery.ModFileParser/LOADING]: Considering mod file candidate E:\Minecraft\Minecraft Modding\RTSbuilding\libs\[现代化 UI] ModernUI-NeoForge-1.21.1-3.13.0.1-universal.jar
[267月2026 23:42:08.626] [main/DEBUG] [net.neoforged.fml.loading.moddiscovery.ModFileInfo/LOADING]: Found valid mod file [现代化 UI] ModernUI-NeoForge-1.21.1-3.13.0.1-universal.jar with {modernui} mods - versions {3.13.0.1}
[267月2026 23:42:08.632] [main/DEBUG] [net.neoforged.fml.loading.moddiscovery.ModFileParser/LOADING]: Considering mod file candidate E:\Minecraft\Minecraft Modding\RTSbuilding\libs\[通用机械] Mekanism-1.21.1-10.7.19.85.jar
[267月2026 23:42:08.634] [main/DEBUG] [net.neoforged.fml.loading.moddiscovery.ModFileInfo/LOADING]: Found valid mod file [通用机械] Mekanism-1.21.1-10.7.19.85.jar with {mekanism} mods - versions {10.7.19}
[267月2026 23:42:08.636] [main/DEBUG] [net.neoforged.fml.loading.moddiscovery.ModFileParser/LOADING]: Considering mod file candidate E:\Minecraft\Minecraft Modding\RTSbuilding\libs\[通用机械发电机] MekanismGenerators-1.21.1-10.7.19.85.jar
[267月2026 23:42:08.637] [main/DEBUG] [net.neoforged.fml.loading.moddiscovery.ModFileInfo/LOADING]: Found valid mod file [通用机械发电机] MekanismGenerators-1.21.1-10.7.19.85.jar with {mekanismgenerators} mods - versions {10.7.19}
[267月2026 23:42:08.638] [main/DEBUG] [net.neoforged.fml.loading.moddiscovery.ModDiscoverer/]: Skipping C:\Users\28178\.gradle\caches\modules-2\files-2.1\maven.modrinth\pipez\neoforge-1.21.1-1.2.19\ac23ae3ef988aaa021783f905c9d69bdc40dc225\pipez-neoforge-1.21.1-1.2.19.jar because it was already located earlier
[267月2026 23:42:08.641] [main/DEBUG] [net.neoforged.fml.loading.moddiscovery.ModFileParser/LOADING]: Considering mod file candidate C:\Users\28178\.gradle\caches\modules-2\files-2.1\mezz.jei\jei-1.21.1-neoforge\19.22.1.316\ad7cd1f890ef4924c62c39534d186396cde66868\jei-1.21.1-neoforge-19.22.1.316.jar
[267月2026 23:42:08.643] [main/DEBUG] [net.neoforged.fml.loading.moddiscovery.ModFileInfo/LOADING]: Found valid mod file jei-1.21.1-neoforge-19.22.1.316.jar with {jei} mods - versions {19.22.1.316}
[267月2026 23:42:08.664] [main/DEBUG] [net.neoforged.fml.loading.moddiscovery.ModDiscoverer/]: Skipping C:\Users\28178\.gradle\caches\modules-2\files-2.1\net.neoforged.fancymodloader\earlydisplay\4.0.42\46555dbfff14e9e052f1f693aed14d542a74e111\earlydisplay-4.0.42.jar because it was already located earlier
[267月2026 23:42:08.664] [main/DEBUG] [net.neoforged.fml.loading.moddiscovery.ModDiscoverer/]: Skipping C:\Users\28178\.gradle\caches\modules-2\files-2.1\net.neoforged.fancymodloader\loader\4.0.42\76e15f98bf676fb44b36c5e776f52a55581ec43a\loader-4.0.42.jar because it was already located earlier
[267月2026 23:42:08.665] [main/DEBUG] [net.neoforged.fml.loading.moddiscovery.ModDiscoverer/]: Skipping C:\Users\28178\.gradle\caches\modules-2\files-2.1\net.neoforged.accesstransformers\at-modlauncher\10.0.1\5aba50202aceead086bc09fbc2751c9f05cb4890\at-modlauncher-10.0.1.jar because it was already located earlier
[267月2026 23:42:08.665] [main/DEBUG] [net.neoforged.fml.loading.moddiscovery.ModDiscoverer/]: Skipping C:\Users\28178\.gradle\caches\modules-2\files-2.1\net.neoforged\accesstransformers\10.0.1\fd83b5725f76eae9115e9355fa1c456a6a441400\accesstransformers-10.0.1.jar because it was already located earlier
[267月2026 23:42:08.665] [main/DEBUG] [net.neoforged.fml.loading.moddiscovery.ModDiscoverer/]: Skipping C:\Users\28178\.gradle\caches\modules-2\files-2.1\net.neoforged\bus\8.0.5\5b2d33285ab5d1554e9798ad98c40d6ea3868bd5\bus-8.0.5.jar because it was already located earlier
[267月2026 23:42:08.665] [main/DEBUG] [net.neoforged.fml.loading.moddiscovery.ModDiscoverer/]: Skipping C:\Users\28178\.gradle\caches\modules-2\files-2.1\net.neoforged\coremods\7.0.3\9147e6f638b4272b3bd5fc8f92ad37802512c6c\coremods-7.0.3.jar because it was already located earlier
[267月2026 23:42:08.665] [main/DEBUG] [net.neoforged.fml.loading.moddiscovery.ModDiscoverer/]: Skipping C:\Users\28178\.gradle\caches\modules-2\files-2.1\cpw.mods\modlauncher\11.0.5\b8f0d49294f733fdb6173931b263553e943dc950\modlauncher-11.0.5.jar because it was already located earlier
[267月2026 23:42:08.665] [main/DEBUG] [net.neoforged.fml.loading.moddiscovery.ModDiscoverer/]: Skipping C:\Users\28178\.gradle\caches\modules-2\files-2.1\net.neoforged\mergetool\2.0.0\52fe1949be64e3303aabaaa21e315f551db9c9f4\mergetool-2.0.0-api.jar because it was already located earlier
[267月2026 23:42:08.665] [main/DEBUG] [net.neoforged.fml.loading.moddiscovery.ModDiscoverer/]: Skipping C:\Users\28178\.gradle\caches\modules-2\files-2.1\com.electronwill.night-config\toml\3.8.3\90b2fd6efcb4a7d5b9810cf78f9d824994d717f2\toml-3.8.3.jar because it was already located earlier
[267月2026 23:42:08.665] [main/DEBUG] [net.neoforged.fml.loading.moddiscovery.ModDiscoverer/]: Skipping C:\Users\28178\.gradle\caches\modules-2\files-2.1\com.electronwill.night-config\core\3.8.3\b442a95f09e349927f5a945ecb594455870fcf4f\core-3.8.3.jar because it was already located earlier
[267月2026 23:42:08.665] [main/DEBUG] [net.neoforged.fml.loading.moddiscovery.ModDiscoverer/]: Skipping C:\Users\28178\.gradle\caches\modules-2\files-2.1\net.neoforged\JarJarSelector\0.4.1\fb3cc7a58af22ad2880adb98af6d518128c47dae\JarJarSelector-0.4.1.jar because it was already located earlier
[267月2026 23:42:08.665] [main/DEBUG] [net.neoforged.fml.loading.moddiscovery.ModDiscoverer/]: Skipping C:\Users\28178\.gradle\caches\modules-2\files-2.1\net.neoforged\JarJarMetadata\0.4.1\f8da03683dc81694556dc3e177c5e3bb77ae6fcb\JarJarMetadata-0.4.1.jar because it was already located earlier
[267月2026 23:42:08.665] [main/DEBUG] [net.neoforged.fml.loading.moddiscovery.ModDiscoverer/]: Skipping C:\Users\28178\.gradle\caches\modules-2\files-2.1\org.apache.maven\maven-artifact\3.8.5\4433f50c07debefaed0553bd0068f4f48d449313\maven-artifact-3.8.5.jar because it was already located earlier
[267月2026 23:42:08.665] [main/DEBUG] [net.neoforged.fml.loading.moddiscovery.ModDiscoverer/]: Skipping C:\Users\28178\.gradle\caches\modules-2\files-2.1\net.jodah\typetools\0.6.3\a01aaa6ddaea9ec07ec4f209487b7a46a526283a\typetools-0.6.3.jar because it was already located earlier
[267月2026 23:42:08.665] [main/DEBUG] [net.neoforged.fml.loading.moddiscovery.ModDiscoverer/]: Skipping C:\Users\28178\.gradle\caches\modules-2\files-2.1\net.minecrell\terminalconsoleappender\1.3.0\b562e9bb61235c9520e26282cdee71f8f802d1fc\terminalconsoleappender-1.3.0.jar because it was already located earlier
[267月2026 23:42:08.665] [main/DEBUG] [net.neoforged.fml.loading.moddiscovery.ModDiscoverer/]: Skipping C:\Users\28178\.gradle\caches\modules-2\files-2.1\net.fabricmc\sponge-mixin\0.15.2+mixin.0.8.7\2af2f021d8e02a0220dc27a7a72b4666d66d44ca\sponge-mixin-0.15.2+mixin.0.8.7.jar because it was already located earlier
[267月2026 23:42:08.667] [main/DEBUG] [net.neoforged.fml.loading.moddiscovery.ModDiscoverer/]: Skipping C:\Users\28178\.gradle\caches\modules-2\files-2.1\org.openjdk.nashorn\nashorn-core\15.4\f67f5ffaa5f5130cf6fb9b133da00c7df3b532a5\nashorn-core-15.4.jar because it was already located earlier
[267月2026 23:42:08.667] [main/DEBUG] [net.neoforged.fml.loading.moddiscovery.ModDiscoverer/]: Skipping C:\Users\28178\.gradle\caches\modules-2\files-2.1\org.apache.commons\commons-lang3\3.14.0\1ed471194b02f2c6cb734a0cd6f6f107c673afae\commons-lang3-3.14.0.jar because it was already located earlier
[267月2026 23:42:08.667] [main/DEBUG] [net.neoforged.fml.loading.moddiscovery.ModDiscoverer/]: Skipping C:\Users\28178\.gradle\caches\modules-2\files-2.1\net.sf.jopt-simple\jopt-simple\5.0.4\4fdac2fbe92dfad86aa6e9301736f6b4342a3f5c\jopt-simple-5.0.4.jar because it was already located earlier
[267月2026 23:42:08.667] [main/DEBUG] [net.neoforged.fml.loading.moddiscovery.ModDiscoverer/]: Skipping C:\Users\28178\.gradle\caches\modules-2\files-2.1\commons-io\commons-io\2.15.1\f11560da189ab563a5c8e351941415430e9304ea\commons-io-2.15.1.jar because it was already located earlier
[267月2026 23:42:08.667] [main/DEBUG] [net.neoforged.fml.loading.moddiscovery.ModDiscoverer/]: Skipping C:\Users\28178\.gradle\caches\modules-2\files-2.1\com.mojang\logging\1.2.7\24cb95ffb0e3433fd6e844c04e68009e504ca1c0\logging-1.2.7.jar because it was already located earlier
[267月2026 23:42:08.667] [main/DEBUG] [net.neoforged.fml.loading.moddiscovery.ModDiscoverer/]: Skipping C:\Users\28178\.gradle\caches\modules-2\files-2.1\org.apache.logging.log4j\log4j-slf4j2-impl\2.22.1\d7e6693c2606cb7e7335047d7bb96dec52db5665\log4j-slf4j2-impl-2.22.1.jar because it was already located earlier
[267月2026 23:42:08.667] [main/DEBUG] [net.neoforged.fml.loading.moddiscovery.ModDiscoverer/]: Skipping C:\Users\28178\.gradle\caches\modules-2\files-2.1\org.apache.logging.log4j\log4j-core\2.22.1\7183a25510a02ad00cc6a95d3b3d2a7d3c5a8dc4\log4j-core-2.22.1.jar because it was already located earlier
[267月2026 23:42:08.668] [main/DEBUG] [net.neoforged.fml.loading.moddiscovery.ModDiscoverer/]: Skipping C:\Users\28178\.gradle\caches\modules-2\files-2.1\org.apache.logging.log4j\log4j-api\2.22.1\bea6fede6328fabafd7e68363161a7ea6605abd1\log4j-api-2.22.1.jar because it was already located earlier
[267月2026 23:42:08.668] [main/DEBUG] [net.neoforged.fml.loading.moddiscovery.ModDiscoverer/]: Skipping C:\Users\28178\.gradle\caches\modules-2\files-2.1\com.google.guava\guava\32.1.2-jre\5e64ec7e056456bef3a4bc4c6fdaef71e8ab6318\guava-32.1.2-jre.jar because it was already located earlier
[267月2026 23:42:08.668] [main/DEBUG] [net.neoforged.fml.loading.moddiscovery.ModDiscoverer/]: Skipping C:\Users\28178\.gradle\caches\modules-2\files-2.1\com.google.code.gson\gson\2.10.1\b3add478d4382b78ea20b1671390a858002feb6c\gson-2.10.1.jar because it was already located earlier
[267月2026 23:42:08.668] [main/DEBUG] [net.neoforged.fml.loading.moddiscovery.ModDiscoverer/]: Skipping C:\Users\28178\.gradle\caches\modules-2\files-2.1\org.slf4j\slf4j-api\2.0.9\7cf2726fdcfbc8610f9a71fb3ed639871f315340\slf4j-api-2.0.9.jar because it was already located earlier
[267月2026 23:42:08.668] [main/DEBUG] [net.neoforged.fml.loading.moddiscovery.ModDiscoverer/]: Skipping C:\Users\28178\.gradle\caches\modules-2\files-2.1\org.antlr\antlr4-runtime\4.13.1\17125bae1d965624e265ef49552f6465a2bfa307\antlr4-runtime-4.13.1.jar because it was already located earlier
[267月2026 23:42:08.668] [main/DEBUG] [net.neoforged.fml.loading.moddiscovery.ModDiscoverer/]: Skipping C:\Users\28178\.gradle\caches\modules-2\files-2.1\net.minecraftforge\srgutils\0.4.15\ca408b131759478f164e010fae0d73997e125fb5\srgutils-0.4.15.jar because it was already located earlier
[267月2026 23:42:08.668] [main/DEBUG] [net.neoforged.fml.loading.moddiscovery.ModDiscoverer/]: Skipping C:\Users\28178\.gradle\caches\modules-2\files-2.1\org.codehaus.plexus\plexus-utils\3.3.0\cf43b5391de623b36fe066a21127baef82c64022\plexus-utils-3.3.0.jar because it was already located earlier
[267月2026 23:42:08.668] [main/DEBUG] [net.neoforged.fml.loading.moddiscovery.ModDiscoverer/]: Skipping C:\Users\28178\.gradle\caches\modules-2\files-2.1\org.jline\jline-reader\3.20.0\8f15415b022a25b473e8e16c28ae913186ffb9c4\jline-reader-3.20.0.jar because it was already located earlier
[267月2026 23:42:08.668] [main/DEBUG] [net.neoforged.fml.loading.moddiscovery.ModDiscoverer/]: Skipping C:\Users\28178\.gradle\caches\modules-2\files-2.1\com.machinezoo.noexception\noexception\1.7.1\b65330c98e38a1f915fa54a6e5eca496505e3f0a\noexception-1.7.1.jar because it was already located earlier
[267月2026 23:42:08.668] [main/DEBUG] [net.neoforged.fml.loading.moddiscovery.ModDiscoverer/]: Skipping C:\Users\28178\.gradle\caches\modules-2\files-2.1\com.github.oshi\oshi-core\6.4.10\b1d8ab82d11d92fd639b56d639f8f46f739dd5fa\oshi-core-6.4.10.jar because it was already located earlier
[267月2026 23:42:08.669] [main/DEBUG] [net.neoforged.fml.loading.moddiscovery.ModDiscoverer/]: Skipping C:\Users\28178\.gradle\caches\modules-2\files-2.1\com.google.guava\failureaccess\1.0.1\1dcf1de382a0bf95a3d8b0849546c88bac1292c9\failureaccess-1.0.1.jar because it was already located earlier
[267月2026 23:42:08.669] [main/DEBUG] [net.neoforged.fml.loading.moddiscovery.ModDiscoverer/]: Skipping C:\Users\28178\.gradle\caches\modules-2\files-2.1\com.ibm.icu\icu4j\73.2\61ad4ef7f9131fcf6d25c34b817f90d6da06c9e9\icu4j-73.2.jar because it was already located earlier
[267月2026 23:42:08.669] [main/DEBUG] [net.neoforged.fml.loading.moddiscovery.ModDiscoverer/]: Skipping C:\Users\28178\.gradle\caches\modules-2\files-2.1\com.mojang\authlib\6.0.54\de8bc95660e1b2fe8793fd427a7a10dcec5b3ea7\authlib-6.0.54.jar because it was already located earlier
[267月2026 23:42:08.669] [main/DEBUG] [net.neoforged.fml.loading.moddiscovery.ModDiscoverer/]: Skipping C:\Users\28178\.gradle\caches\modules-2\files-2.1\com.mojang\blocklist\1.0.10\5c685c5ffa94c4cd39496c7184c1d122e515ecef\blocklist-1.0.10.jar because it was already located earlier
[267月2026 23:42:08.669] [main/DEBUG] [net.neoforged.fml.loading.moddiscovery.ModDiscoverer/]: Skipping C:\Users\28178\.gradle\caches\modules-2\files-2.1\com.mojang\brigadier\1.3.10\d15b53a14cf20fdcaa98f731af5dda654452c010\brigadier-1.3.10.jar because it was already located earlier
[267月2026 23:42:08.669] [main/DEBUG] [net.neoforged.fml.loading.moddiscovery.ModDiscoverer/]: Skipping C:\Users\28178\.gradle\caches\modules-2\files-2.1\com.mojang\datafixerupper\8.0.16\67d4de6d7f95d89bcf5862995fb854ebaec02a34\datafixerupper-8.0.16.jar because it was already located earlier
[267月2026 23:42:08.669] [main/DEBUG] [net.neoforged.fml.loading.moddiscovery.ModDiscoverer/]: Skipping C:\Users\28178\.gradle\caches\modules-2\files-2.1\com.mojang\patchy\2.2.10\da05971b07cbb379d002cf7eaec6a2048211fefc\patchy-2.2.10.jar because it was already located earlier
[267月2026 23:42:08.669] [main/DEBUG] [net.neoforged.fml.loading.moddiscovery.ModDiscoverer/]: Skipping C:\Users\28178\.gradle\caches\modules-2\files-2.1\com.mojang\text2speech\1.17.9\3cad216e3a7f0c19b4b394388bc9ffc446f13b14\text2speech-1.17.9.jar because it was already located earlier
[267月2026 23:42:08.669] [main/DEBUG] [net.neoforged.fml.loading.moddiscovery.ModDiscoverer/]: Skipping C:\Users\28178\.gradle\caches\modules-2\files-2.1\commons-codec\commons-codec\1.16.0\4e3eb3d79888d76b54e28b350915b5dc3919c9de\commons-codec-1.16.0.jar because it was already located earlier
[267月2026 23:42:08.670] [main/DEBUG] [net.neoforged.fml.loading.moddiscovery.ModDiscoverer/]: Skipping C:\Users\28178\.gradle\caches\modules-2\files-2.1\commons-logging\commons-logging\1.2\4bfc12adfe4842bf07b657f0369c4cb522955686\commons-logging-1.2.jar because it was already located earlier
[267月2026 23:42:08.670] [main/DEBUG] [net.neoforged.fml.loading.moddiscovery.ModDiscoverer/]: Skipping C:\Users\28178\.gradle\caches\modules-2\files-2.1\io.netty\netty-buffer\4.1.97.Final\f8f3d8644afa5e6e1a40a3a6aeb9d9aa970ecb4f\netty-buffer-4.1.97.Final.jar because it was already located earlier
[267月2026 23:42:08.670] [main/DEBUG] [net.neoforged.fml.loading.moddiscovery.ModDiscoverer/]: Skipping C:\Users\28178\.gradle\caches\modules-2\files-2.1\io.netty\netty-codec\4.1.97.Final\384ba4d75670befbedb45c4d3b497a93639c206d\netty-codec-4.1.97.Final.jar because it was already located earlier
[267月2026 23:42:08.670] [main/DEBUG] [net.neoforged.fml.loading.moddiscovery.ModDiscoverer/]: Skipping C:\Users\28178\.gradle\caches\modules-2\files-2.1\io.netty\netty-common\4.1.97.Final\7cceacaf11df8dc63f23d0fb58e9d4640fc88404\netty-common-4.1.97.Final.jar because it was already located earlier
[267月2026 23:42:08.670] [main/DEBUG] [net.neoforged.fml.loading.moddiscovery.ModDiscoverer/]: Skipping C:\Users\28178\.gradle\caches\modules-2\files-2.1\io.netty\netty-handler\4.1.97.Final\abb86c6906bf512bf2b797a41cd7d2e8d3cd7c36\netty-handler-4.1.97.Final.jar because it was already located earlier
[267月2026 23:42:08.670] [main/DEBUG] [net.neoforged.fml.loading.moddiscovery.ModDiscoverer/]: Skipping C:\Users\28178\.gradle\caches\modules-2\files-2.1\io.netty\netty-resolver\4.1.97.Final\cec8348108dc76c47cf87c669d514be52c922144\netty-resolver-4.1.97.Final.jar because it was already located earlier
[267月2026 23:42:08.670] [main/DEBUG] [net.neoforged.fml.loading.moddiscovery.ModDiscoverer/]: Skipping C:\Users\28178\.gradle\caches\modules-2\files-2.1\io.netty\netty-transport-classes-epoll\4.1.97.Final\795da37ded759e862457a82d9d92c4d39ce8ecee\netty-transport-classes-epoll-4.1.97.Final.jar because it was already located earlier
[267月2026 23:42:08.670] [main/DEBUG] [net.neoforged.fml.loading.moddiscovery.ModDiscoverer/]: Skipping C:\Users\28178\.gradle\caches\modules-2\files-2.1\io.netty\netty-transport-native-unix-common\4.1.97.Final\d469d84265ab70095b01b40886cabdd433b6e664\netty-transport-native-unix-common-4.1.97.Final.jar because it was already located earlier
[267月2026 23:42:08.670] [main/DEBUG] [net.neoforged.fml.loading.moddiscovery.ModDiscoverer/]: Skipping C:\Users\28178\.gradle\caches\modules-2\files-2.1\io.netty\netty-transport\4.1.97.Final\f37380d23c9bb079bc702910833b2fd532c9abd0\netty-transport-4.1.97.Final.jar because it was already located earlier
[267月2026 23:42:08.670] [main/DEBUG] [net.neoforged.fml.loading.moddiscovery.ModDiscoverer/]: Skipping C:\Users\28178\.gradle\caches\modules-2\files-2.1\it.unimi.dsi\fastutil\8.5.12\c24946d46824bd528054bface3231d2ecb7e95e8\fastutil-8.5.12.jar because it was already located earlier
[267月2026 23:42:08.671] [main/DEBUG] [net.neoforged.fml.loading.moddiscovery.ModDiscoverer/]: Skipping C:\Users\28178\.gradle\caches\modules-2\files-2.1\net.java.dev.jna\jna-platform\5.14.0\28934d48aed814f11e4c584da55c49fa7032b31b\jna-platform-5.14.0.jar because it was already located earlier
[267月2026 23:42:08.671] [main/DEBUG] [net.neoforged.fml.loading.moddiscovery.ModDiscoverer/]: Skipping C:\Users\28178\.gradle\caches\modules-2\files-2.1\net.java.dev.jna\jna\5.14.0\67bf3eaea4f0718cb376a181a629e5f88fa1c9dd\jna-5.14.0.jar because it was already located earlier
[267月2026 23:42:08.671] [main/DEBUG] [net.neoforged.fml.loading.moddiscovery.ModDiscoverer/]: Skipping C:\Users\28178\.gradle\caches\modules-2\files-2.1\org.apache.commons\commons-compress\1.26.0\659feffdd12280201c8aacb8f7be94f9a883c824\commons-compress-1.26.0.jar because it was already located earlier
[267月2026 23:42:08.671] [main/DEBUG] [net.neoforged.fml.loading.moddiscovery.ModDiscoverer/]: Skipping C:\Users\28178\.gradle\caches\modules-2\files-2.1\org.apache.httpcomponents\httpclient\4.5.13\e5f6cae5ca7ecaac1ec2827a9e2d65ae2869cada\httpclient-4.5.13.jar because it was already located earlier
[267月2026 23:42:08.671] [main/DEBUG] [net.neoforged.fml.loading.moddiscovery.ModDiscoverer/]: Skipping C:\Users\28178\.gradle\caches\modules-2\files-2.1\org.apache.httpcomponents\httpcore\4.4.16\51cf043c87253c9f58b539c9f7e44c8894223850\httpcore-4.4.16.jar because it was already located earlier
[267月2026 23:42:08.671] [main/DEBUG] [net.neoforged.fml.loading.moddiscovery.ModDiscoverer/]: Skipping C:\Users\28178\.gradle\caches\modules-2\files-2.1\org.jcraft\jorbis\0.0.17\8872d22b293e8f5d7d56ff92be966e6dc28ebdc6\jorbis-0.0.17.jar because it was already located earlier
[267月2026 23:42:08.671] [main/DEBUG] [net.neoforged.fml.loading.moddiscovery.ModDiscoverer/]: Skipping C:\Users\28178\.gradle\caches\modules-2\files-2.1\org.joml\joml\1.10.5\22566d58af70ad3d72308bab63b8339906deb649\joml-1.10.5.jar because it was already located earlier
[267月2026 23:42:08.671] [main/DEBUG] [net.neoforged.fml.loading.moddiscovery.ModDiscoverer/]: Skipping C:\Users\28178\.gradle\caches\modules-2\files-2.1\org.lwjgl\lwjgl-freetype\3.3.3\a0db6c84a8becc8ca05f9dbfa985edc348a824c7\lwjgl-freetype-3.3.3.jar because it was already located earlier
[267月2026 23:42:08.676] [main/DEBUG] [net.neoforged.fml.loading.moddiscovery.ModDiscoverer/]: Skipping C:\Users\28178\.gradle\caches\modules-2\files-2.1\org.lwjgl\lwjgl-freetype\3.3.3\15a8c1de7f51d07a92eae7ce1222557073a0c0c3\lwjgl-freetype-3.3.3-natives-windows-x86.jar because it was already located earlier
[267月2026 23:42:08.676] [main/DEBUG] [net.neoforged.fml.loading.moddiscovery.ModDiscoverer/]: Skipping C:\Users\28178\.gradle\caches\modules-2\files-2.1\org.lwjgl\lwjgl-glfw\3.3.3\efa1eb78c5ccd840e9f329717109b5e892d72f8e\lwjgl-glfw-3.3.3.jar because it was already located earlier
[267月2026 23:42:08.679] [main/DEBUG] [net.neoforged.fml.loading.moddiscovery.ModDiscoverer/]: Skipping C:\Users\28178\.gradle\caches\modules-2\files-2.1\org.lwjgl\lwjgl-glfw\3.3.3\32334f3fd5270a59bad9939a93115acb6de36dcf\lwjgl-glfw-3.3.3-natives-windows-x86.jar because it was already located earlier
[267月2026 23:42:08.680] [main/DEBUG] [net.neoforged.fml.loading.moddiscovery.ModDiscoverer/]: Skipping C:\Users\28178\.gradle\caches\modules-2\files-2.1\org.lwjgl\lwjgl-jemalloc\3.3.3\b543467b7ff3c6920539a88ee602d34098628be5\lwjgl-jemalloc-3.3.3.jar because it was already located earlier
[267月2026 23:42:08.680] [main/DEBUG] [net.neoforged.fml.loading.moddiscovery.ModDiscoverer/]: Skipping C:\Users\28178\.gradle\caches\modules-2\files-2.1\org.lwjgl\lwjgl-jemalloc\3.3.3\426222fc027602a5f21b9c0fe79cde6a4c7a011f\lwjgl-jemalloc-3.3.3-natives-windows.jar because it was already located earlier
[267月2026 23:42:08.685] [main/DEBUG] [net.neoforged.fml.loading.moddiscovery.ModDiscoverer/]: Skipping C:\Users\28178\.gradle\caches\modules-2\files-2.1\org.lwjgl\lwjgl-openal\3.3.3\daada81ceb5fc0c291fbfdd4433cb8d9423577f2\lwjgl-openal-3.3.3.jar because it was already located earlier
[267月2026 23:42:08.688] [main/DEBUG] [net.neoforged.fml.loading.moddiscovery.ModDiscoverer/]: Skipping C:\Users\28178\.gradle\caches\modules-2\files-2.1\org.lwjgl\lwjgl-openal\3.3.3\87b8d5050e3adb46bb58fe1cb2669a4a48fce10d\lwjgl-openal-3.3.3-natives-windows-x86.jar because it was already located earlier
[267月2026 23:42:08.688] [main/DEBUG] [net.neoforged.fml.loading.moddiscovery.ModDiscoverer/]: Skipping C:\Users\28178\.gradle\caches\modules-2\files-2.1\org.lwjgl\lwjgl-opengl\3.3.3\2f6b0147078396a58979125a4c947664e98293a\lwjgl-opengl-3.3.3.jar because it was already located earlier
[267月2026 23:42:08.690] [main/DEBUG] [net.neoforged.fml.loading.moddiscovery.ModDiscoverer/]: Skipping C:\Users\28178\.gradle\caches\modules-2\files-2.1\org.lwjgl\lwjgl-opengl\3.3.3\65e956d3735a1abdc82eff4baec1b61174697d4b\lwjgl-opengl-3.3.3-natives-windows-arm64.jar because it was already located earlier
[267月2026 23:42:08.692] [main/DEBUG] [net.neoforged.fml.loading.moddiscovery.ModDiscoverer/]: Skipping C:\Users\28178\.gradle\caches\modules-2\files-2.1\org.lwjgl\lwjgl-stb\3.3.3\25dd6161988d7e65f71d5065c99902402ee32746\lwjgl-stb-3.3.3.jar because it was already located earlier
[267月2026 23:42:08.692] [main/DEBUG] [net.neoforged.fml.loading.moddiscovery.ModDiscoverer/]: Skipping C:\Users\28178\.gradle\caches\modules-2\files-2.1\org.lwjgl\lwjgl-stb\3.3.3\1d9facdf6541de114b0f963be33505b7679c78cb\lwjgl-stb-3.3.3-natives-windows.jar because it was already located earlier
[267月2026 23:42:08.697] [main/DEBUG] [net.neoforged.fml.loading.moddiscovery.ModDiscoverer/]: Skipping C:\Users\28178\.gradle\caches\modules-2\files-2.1\org.lwjgl\lwjgl-tinyfd\3.3.3\82d755ca94b102e9ca77283b9e2dc46d1b15fbe5\lwjgl-tinyfd-3.3.3.jar because it was already located earlier
[267月2026 23:42:08.698] [main/DEBUG] [net.neoforged.fml.loading.moddiscovery.ModDiscoverer/]: Skipping C:\Users\28178\.gradle\caches\modules-2\files-2.1\org.lwjgl\lwjgl-tinyfd\3.3.3\a6697981b0449a5087c1d546fc08b4f73e8f98c9\lwjgl-tinyfd-3.3.3-natives-windows.jar because it was already located earlier
[267月2026 23:42:08.702] [main/DEBUG] [net.neoforged.fml.loading.moddiscovery.ModDiscoverer/]: Skipping C:\Users\28178\.gradle\caches\modules-2\files-2.1\org.lwjgl\lwjgl\3.3.3\29589b5f87ed335a6c7e7ee6a5775f81f97ecb84\lwjgl-3.3.3.jar because it was already located earlier
[267月2026 23:42:08.706] [main/DEBUG] [net.neoforged.fml.loading.moddiscovery.ModDiscoverer/]: Skipping C:\Users\28178\.gradle\caches\modules-2\files-2.1\org.lwjgl\lwjgl\3.3.3\9e670718e050aeaeea0c2d5b907cffb142f2e58f\lwjgl-3.3.3-natives-windows-x86.jar because it was already located earlier
[267月2026 23:42:08.706] [main/DEBUG] [net.neoforged.fml.loading.moddiscovery.ModDiscoverer/]: Skipping C:\Users\28178\.gradle\caches\modules-2\files-2.1\org.lz4\lz4-java\1.8.0\4b986a99445e49ea5fbf5d149c4b63f6ed6c6780\lz4-java-1.8.0.jar because it was already located earlier
[267月2026 23:42:08.706] [main/DEBUG] [net.neoforged.fml.loading.moddiscovery.ModDiscoverer/]: Skipping C:\Users\28178\.gradle\caches\modules-2\files-2.1\org.jline\jline-terminal\3.20.0\d0ddcc708ddf527a3454c941b7b9225cc83a15ff\jline-terminal-3.20.0.jar because it was already located earlier
[267月2026 23:42:08.706] [main/DEBUG] [net.neoforged.fml.loading.moddiscovery.ModDiscoverer/]: Skipping C:\Users\28178\.gradle\caches\modules-2\files-2.1\com.google.guava\listenablefuture\9999.0-empty-to-avoid-conflict-with-guava\b421526c5f297295adef1c886e5246c39d4ac629\listenablefuture-9999.0-empty-to-avoid-conflict-with-guava.jar because it was already located earlier
[267月2026 23:42:08.706] [main/DEBUG] [net.neoforged.fml.loading.moddiscovery.ModDiscoverer/]: Skipping C:\Users\28178\.gradle\caches\modules-2\files-2.1\com.google.code.findbugs\jsr305\3.0.2\25ea2e8b0c338a877313bd4672d3fe056ea78f0d\jsr305-3.0.2.jar because it was already located earlier
[267月2026 23:42:08.707] [main/DEBUG] [net.neoforged.fml.loading.moddiscovery.ModDiscoverer/]: Skipping C:\Users\28178\.gradle\caches\modules-2\files-2.1\org.checkerframework\checker-qual\3.33.0\de2b60b62da487644fc11f734e73c8b0b431238f\checker-qual-3.33.0.jar because it was already located earlier
[267月2026 23:42:08.707] [main/DEBUG] [net.neoforged.fml.loading.moddiscovery.ModDiscoverer/]: Skipping C:\Users\28178\.gradle\caches\modules-2\files-2.1\com.google.errorprone\error_prone_annotations\2.18.0\89b684257096f548fa39a7df9fdaa409d4d4df91\error_prone_annotations-2.18.0.jar because it was already located earlier
[267月2026 23:42:08.707] [main/DEBUG] [net.neoforged.fml.loading.moddiscovery.ModDiscoverer/]: Skipping C:\Users\28178\.gradle\caches\modules-2\files-2.1\com.google.j2objc\j2objc-annotations\2.8\c85270e307e7b822f1086b93689124b89768e273\j2objc-annotations-2.8.jar because it was already located earlier
[267月2026 23:42:08.715] [main/DEBUG] [net.neoforged.fml.loading.UniqueModListBuilder/]: Found 2 mods for first modid neoforge, selecting most recent based on version data
[267月2026 23:42:08.716] [main/DEBUG] [net.neoforged.fml.loading.UniqueModListBuilder/]: Selected file neoforge-21.1.219.jar for modid neoforge with version 21.1.219
[267月2026 23:42:08.934] [main/DEBUG] [net.neoforged.fml.loading.moddiscovery.ModFileParser/LOADING]: Considering mod file candidate 
[267月2026 23:42:08.934] [main/DEBUG] [net.neoforged.fml.loading.moddiscovery.ModFileInfo/LOADING]: Found valid mod file journeymap-api-neoforge-2.0.0-1.21.1.jar with {journeymap_api} mods - versions {2.0.0-1.21.1}
[267月2026 23:42:08.938] [main/DEBUG] [net.neoforged.fml.loading.moddiscovery.ModFileParser/LOADING]: Considering mod file candidate 
[267月2026 23:42:08.949] [main/DEBUG] [net.neoforged.fml.loading.moddiscovery.ModFileInfo/LOADING]: Found valid mod file common-networking-neoforge-1.0.21-1.21.1.jar with {commonnetworking} mods - versions {1.0.21-1.21.1}
[267月2026 23:42:08.954] [main/DEBUG] [net.neoforged.fml.loading.moddiscovery.ModFileParser/LOADING]: Considering mod file candidate 
[267月2026 23:42:08.955] [main/DEBUG] [net.neoforged.fml.loading.moddiscovery.ModFileInfo/LOADING]: Found valid mod file com.enderio.endercore-8.2.11-beta.jar with {endercore} mods - versions {8.2.11-beta}
[267月2026 23:42:08.961] [main/DEBUG] [net.neoforged.fml.loading.moddiscovery.ModFileParser/LOADING]: Considering mod file candidate 
[267月2026 23:42:08.962] [main/DEBUG] [net.neoforged.fml.loading.moddiscovery.ModFileInfo/LOADING]: Found valid mod file com.enderio.enderio-modded-conduits-8.2.11-beta.jar with {enderio_modded_conduits} mods - versions {8.2.11-beta}
[267月2026 23:42:09.138] [main/DEBUG] [net.neoforged.fml.loading.moddiscovery.ModFileParser/LOADING]: Considering mod file candidate 
[267月2026 23:42:09.140] [main/DEBUG] [net.neoforged.fml.loading.moddiscovery.ModFileInfo/LOADING]: Found valid mod file common-networking-neoforge-1.0.21-1.21.1.jar with {commonnetworking} mods - versions {1.0.21-1.21.1}
[267月2026 23:42:09.145] [main/DEBUG] [net.neoforged.fml.loading.moddiscovery.ModFileParser/LOADING]: Considering mod file candidate 
[267月2026 23:42:09.146] [main/DEBUG] [net.neoforged.fml.loading.moddiscovery.ModFileInfo/LOADING]: Found valid mod file com.enderio.endercore-8.2.11-beta.jar with {endercore} mods - versions {8.2.11-beta}
[267月2026 23:42:09.165] [main/DEBUG] [net.neoforged.fml.loading.moddiscovery.ModFileParser/LOADING]: Considering mod file candidate 
[267月2026 23:42:09.167] [main/DEBUG] [net.neoforged.fml.loading.moddiscovery.ModFileInfo/LOADING]: Found valid mod file com.enderio.enderio-modded-conduits-8.2.11-beta.jar with {enderio_modded_conduits} mods - versions {8.2.11-beta}
[267月2026 23:42:09.174] [main/DEBUG] [net.neoforged.fml.loading.moddiscovery.ModFileParser/LOADING]: Considering mod file candidate 
[267月2026 23:42:09.175] [main/DEBUG] [net.neoforged.fml.loading.moddiscovery.ModFileInfo/LOADING]: Found valid mod file journeymap-api-neoforge-2.0.0-1.21.1.jar with {journeymap_api} mods - versions {2.0.0-1.21.1}
[267月2026 23:42:09.192] [main/INFO] [net.neoforged.fml.loading.moddiscovery.locators.JarInJarDependencyLocator/]: Found 10 dependencies adding them to mods collection
[267月2026 23:42:09.197] [main/INFO] [net.neoforged.fml.loading.moddiscovery.ModDiscoverer/]: 
     Mod List:
		Name Version (Mod Id)

		Applied Energistics 2 19.2.17 (ae2)
		Architectury 13.0.8 (architectury)
		Cloth Config v15 API 15.0.140 (cloth_config)
		Common Networking 1.0.21-1.21.1 (commonnetworking)
		Ender Core 8.2.11-beta (endercore)
		Ender IO 8.2.11-beta (enderio)
		Ender IO - Modded Conduits 8.2.11-beta (enderio_modded_conduits)
		Framework 0.13.11 (framework)
		GuideME 21.1.16 (guideme)
		Journeymap 1.21.1-6.0.0 (journeymap)
		JourneyMap API 2.0.0-1.21.1 (journeymap_api)
		Just Enough Items 19.22.1.316 (jei)
		Light Overlay 12.0.0 (lightoverlay)
		Mekanism 10.7.19 (mekanism)
		Mekanism: Generators 10.7.19 (mekanismgenerators)
		Minecraft 1.21.1 (minecraft)
		Modern UI 3.13.0.1 (modernui)
		MrCrayfish's Furniture Mod: Refurbished 1.0.22 (refurbished_furniture)
		NeoForge 21.1.219 (neoforge)
		RTS building Build From Above 1.1.4 (rtsbuilding)
[267月2026 23:42:09.200] [main/DEBUG] [net.neoforged.fml.loading.moddiscovery.ModFileInfo/LOADING]: Found valid mod file neoforge-21.1.219.jar with {minecraft} mods - versions {1.21.1}
[267月2026 23:42:09.205] [main/DEBUG] [net.neoforged.fml.loading.moddiscovery.ModFile/LOADING]: Loading mod file E:\Minecraft\Minecraft Modding\RTSbuilding\build\moddev\artifacts\neoforge-21.1.219.jar with languages [LanguageSpec[languageName=minecraft, acceptedVersions=1]]
[267月2026 23:42:09.208] [main/DEBUG] [net.neoforged.fml.loading.moddiscovery.ModFileParser/LOADING]: Considering mod file candidate 
[267月2026 23:42:09.210] [main/DEBUG] [net.neoforged.fml.loading.moddiscovery.ModFileInfo/LOADING]: Found valid mod file com.enderio.enderio-modded-conduits-8.2.11-beta.jar with {enderio_modded_conduits} mods - versions {8.2.11-beta}
[267月2026 23:42:09.210] [main/DEBUG] [net.neoforged.fml.loading.moddiscovery.ModFile/LOADING]: Loading mod file  with languages [LanguageSpec[languageName=javafml, acceptedVersions=[4,)]]
[267月2026 23:42:09.210] [main/DEBUG] [net.neoforged.fml.loading.moddiscovery.ModFileParser/LOADING]: Considering mod file candidate E:\Minecraft\Minecraft Modding\RTSbuilding\libs\[应用能源2] appliedenergistics2-19.2.17.jar
[267月2026 23:42:09.211] [main/DEBUG] [net.neoforged.fml.loading.moddiscovery.ModFileInfo/LOADING]: Found valid mod file [应用能源2] appliedenergistics2-19.2.17.jar with {ae2} mods - versions {19.2.17}
[267月2026 23:42:09.212] [main/DEBUG] [net.neoforged.fml.loading.moddiscovery.ModFile/LOADING]: Loading mod file E:\Minecraft\Minecraft Modding\RTSbuilding\libs\[应用能源2] appliedenergistics2-19.2.17.jar with languages [LanguageSpec[languageName=javafml, acceptedVersions=[1,)]]
[267月2026 23:42:09.214] [main/DEBUG] [net.neoforged.fml.loading.moddiscovery.ModFile/LOADING]: Found mixin config MixinConfig[config=ae2.mixins.json, requiredMods=[]]
[267月2026 23:42:09.214] [main/DEBUG] [net.neoforged.fml.loading.moddiscovery.ModFileParser/LOADING]: Considering mod file candidate C:\Users\28178\.gradle\caches\modules-2\files-2.1\mezz.jei\jei-1.21.1-neoforge\19.22.1.316\ad7cd1f890ef4924c62c39534d186396cde66868\jei-1.21.1-neoforge-19.22.1.316.jar
[267月2026 23:42:09.216] [main/DEBUG] [net.neoforged.fml.loading.moddiscovery.ModFileInfo/LOADING]: Found valid mod file jei-1.21.1-neoforge-19.22.1.316.jar with {jei} mods - versions {19.22.1.316}
[267月2026 23:42:09.217] [main/DEBUG] [net.neoforged.fml.loading.moddiscovery.ModFile/LOADING]: Loading mod file C:\Users\28178\.gradle\caches\modules-2\files-2.1\mezz.jei\jei-1.21.1-neoforge\19.22.1.316\ad7cd1f890ef4924c62c39534d186396cde66868\jei-1.21.1-neoforge-19.22.1.316.jar with languages [LanguageSpec[languageName=javafml, acceptedVersions=[4,)]]
[267月2026 23:42:09.217] [main/DEBUG] [net.neoforged.fml.loading.moddiscovery.ModFileParser/LOADING]: Considering mod file candidate 
[267月2026 23:42:09.218] [main/DEBUG] [net.neoforged.fml.loading.moddiscovery.ModFileInfo/LOADING]: Found valid mod file common-networking-neoforge-1.0.21-1.21.1.jar with {commonnetworking} mods - versions {1.0.21-1.21.1}
[267月2026 23:42:09.218] [main/DEBUG] [net.neoforged.fml.loading.moddiscovery.ModFile/LOADING]: Loading mod file  with languages [LanguageSpec[languageName=javafml, acceptedVersions=[2,)]]
[267月2026 23:42:09.219] [main/DEBUG] [net.neoforged.fml.loading.moddiscovery.ModFileParser/LOADING]: Considering mod file candidate E:\Minecraft\Minecraft Modding\RTSbuilding\libs\[末影接口] enderio-8.2.11-beta.jar
[267月2026 23:42:09.220] [main/DEBUG] [net.neoforged.fml.loading.moddiscovery.ModFileInfo/LOADING]: Found valid mod file [末影接口] enderio-8.2.11-beta.jar with {enderio} mods - versions {8.2.11-beta}
[267月2026 23:42:09.220] [main/DEBUG] [net.neoforged.fml.loading.moddiscovery.ModFile/LOADING]: Loading mod file E:\Minecraft\Minecraft Modding\RTSbuilding\libs\[末影接口] enderio-8.2.11-beta.jar with languages [LanguageSpec[languageName=javafml, acceptedVersions=[4,)]]
[267月2026 23:42:09.220] [main/DEBUG] [net.neoforged.fml.loading.moddiscovery.ModFile/LOADING]: Found mixin config MixinConfig[config=enderio.mixins.json, requiredMods=[]]
[267月2026 23:42:09.220] [main/DEBUG] [net.neoforged.fml.loading.moddiscovery.ModFileParser/LOADING]: Considering mod file candidate E:\Minecraft\Minecraft Modding\RTSbuilding\libs\[通用机械] Mekanism-1.21.1-10.7.19.85.jar
[267月2026 23:42:09.222] [main/DEBUG] [net.neoforged.fml.loading.moddiscovery.ModFileInfo/LOADING]: Found valid mod file [通用机械] Mekanism-1.21.1-10.7.19.85.jar with {mekanism} mods - versions {10.7.19}
[267月2026 23:42:09.222] [main/DEBUG] [net.neoforged.fml.loading.moddiscovery.ModFile/LOADING]: Loading mod file E:\Minecraft\Minecraft Modding\RTSbuilding\libs\[通用机械] Mekanism-1.21.1-10.7.19.85.jar with languages [LanguageSpec[languageName=javafml, acceptedVersions=[4,)]]
[267月2026 23:42:09.222] [main/DEBUG] [net.neoforged.fml.loading.moddiscovery.ModFileParser/LOADING]: Considering mod file candidate 
[267月2026 23:42:09.223] [main/DEBUG] [net.neoforged.fml.loading.moddiscovery.ModFileInfo/LOADING]: Found valid mod file com.enderio.endercore-8.2.11-beta.jar with {endercore} mods - versions {8.2.11-beta}
[267月2026 23:42:09.223] [main/DEBUG] [net.neoforged.fml.loading.moddiscovery.ModFile/LOADING]: Loading mod file  with languages [LanguageSpec[languageName=javafml, acceptedVersions=[4,)]]
[267月2026 23:42:09.223] [main/DEBUG] [net.neoforged.fml.loading.moddiscovery.ModFileParser/LOADING]: Considering mod file candidate E:\Minecraft\Minecraft Modding\RTSbuilding\build\moddev\artifacts\neoforge-21.1.219.jar
[267月2026 23:42:09.224] [main/DEBUG] [net.neoforged.fml.loading.moddiscovery.ModFileInfo/LOADING]: Found valid mod file neoforge-21.1.219.jar with {neoforge} mods - versions {21.1.219}
[267月2026 23:42:09.225] [main/DEBUG] [net.neoforged.fml.loading.moddiscovery.ModFile/LOADING]: Loading mod file E:\Minecraft\Minecraft Modding\RTSbuilding\build\moddev\artifacts\neoforge-21.1.219.jar with languages [LanguageSpec[languageName=javafml, acceptedVersions=[3,]]]
[267月2026 23:42:09.225] [main/DEBUG] [net.neoforged.fml.loading.moddiscovery.ModFile/LOADING]: Found mixin config MixinConfig[config=neoforge.mixins.json, requiredMods=[]]
[267月2026 23:42:09.225] [main/DEBUG] [net.neoforged.fml.loading.moddiscovery.ModFileParser/LOADING]: Considering mod file candidate E:\Minecraft\Minecraft Modding\RTSbuilding\libs\journeymap-neoforge-1.21.1-6.0.0.jar
[267月2026 23:42:09.227] [main/DEBUG] [net.neoforged.fml.loading.moddiscovery.ModFileInfo/LOADING]: Found valid mod file journeymap-neoforge-1.21.1-6.0.0.jar with {journeymap} mods - versions {1.21.1-6.0.0}
[267月2026 23:42:09.227] [main/DEBUG] [net.neoforged.fml.loading.moddiscovery.ModFile/LOADING]: Loading mod file E:\Minecraft\Minecraft Modding\RTSbuilding\libs\journeymap-neoforge-1.21.1-6.0.0.jar with languages [LanguageSpec[languageName=javafml, acceptedVersions=[1,)]]
[267月2026 23:42:09.227] [main/DEBUG] [net.neoforged.fml.loading.moddiscovery.ModFile/LOADING]: Found mixin config MixinConfig[config=journeymap.mixins.json, requiredMods=[]]
[267月2026 23:42:09.227] [main/DEBUG] [net.neoforged.fml.loading.moddiscovery.ModFile/LOADING]: Found mixin config MixinConfig[config=journeymap.neoforge.mixins.json, requiredMods=[]]
[267月2026 23:42:09.227] [main/DEBUG] [net.neoforged.fml.loading.moddiscovery.ModFileParser/LOADING]: Considering mod file candidate E:\Minecraft\Minecraft Modding\RTSbuilding\libs\architectury-13.0.8-neoforge.jar
[267月2026 23:42:09.228] [main/DEBUG] [net.neoforged.fml.loading.moddiscovery.ModFileInfo/LOADING]: Found valid mod file architectury-13.0.8-neoforge.jar with {architectury} mods - versions {13.0.8}
[267月2026 23:42:09.229] [main/DEBUG] [net.neoforged.fml.loading.moddiscovery.ModFile/LOADING]: Loading mod file E:\Minecraft\Minecraft Modding\RTSbuilding\libs\architectury-13.0.8-neoforge.jar with languages [LanguageSpec[languageName=javafml, acceptedVersions=[1,)]]
[267月2026 23:42:09.229] [main/DEBUG] [net.neoforged.fml.loading.moddiscovery.ModFile/LOADING]: Found mixin config MixinConfig[config=architectury.mixins.json, requiredMods=[]]
[267月2026 23:42:09.229] [main/DEBUG] [net.neoforged.fml.loading.moddiscovery.ModFile/LOADING]: Found mixin config MixinConfig[config=architectury-common.mixins.json, requiredMods=[]]
[267月2026 23:42:09.229] [main/DEBUG] [net.neoforged.fml.loading.moddiscovery.ModFileParser/LOADING]: Considering mod file candidate E:\Minecraft\Minecraft Modding\RTSbuilding\libs\guideme-21.1.16.jar
[267月2026 23:42:09.231] [main/DEBUG] [net.neoforged.fml.loading.moddiscovery.ModFileInfo/LOADING]: Found valid mod file guideme-21.1.16.jar with {guideme} mods - versions {21.1.16}
[267月2026 23:42:09.231] [main/DEBUG] [net.neoforged.fml.loading.moddiscovery.ModFile/LOADING]: Loading mod file E:\Minecraft\Minecraft Modding\RTSbuilding\libs\guideme-21.1.16.jar with languages [LanguageSpec[languageName=javafml, acceptedVersions=*]]
[267月2026 23:42:09.231] [main/DEBUG] [net.neoforged.fml.loading.moddiscovery.ModFile/LOADING]: Found mixin config MixinConfig[config=guideme.optional.mixins.json, requiredMods=[]]
[267月2026 23:42:09.231] [main/DEBUG] [net.neoforged.fml.loading.moddiscovery.ModFileParser/LOADING]: Considering mod file candidate E:\Minecraft\Minecraft Modding\RTSbuilding\libs\[现代化 UI] ModernUI-NeoForge-1.21.1-3.13.0.1-universal.jar
[267月2026 23:42:09.233] [main/DEBUG] [net.neoforged.fml.loading.moddiscovery.ModFileInfo/LOADING]: Found valid mod file [现代化 UI] ModernUI-NeoForge-1.21.1-3.13.0.1-universal.jar with {modernui} mods - versions {3.13.0.1}
[267月2026 23:42:09.233] [main/DEBUG] [net.neoforged.fml.loading.moddiscovery.ModFile/LOADING]: Loading mod file E:\Minecraft\Minecraft Modding\RTSbuilding\libs\[现代化 UI] ModernUI-NeoForge-1.21.1-3.13.0.1-universal.jar with languages [LanguageSpec[languageName=javafml, acceptedVersions=[2,)]]
[267月2026 23:42:09.233] [main/DEBUG] [net.neoforged.fml.loading.moddiscovery.ModFile/LOADING]: Found mixin config MixinConfig[config=mixins.modernui-neoforge.json, requiredMods=[]]
[267月2026 23:42:09.233] [main/DEBUG] [net.neoforged.fml.loading.moddiscovery.ModFile/LOADING]: Found mixin config MixinConfig[config=mixins.modernui-textmc.json, requiredMods=[]]
[267月2026 23:42:09.233] [main/DEBUG] [net.neoforged.fml.loading.moddiscovery.ModFileParser/LOADING]: Considering mod file candidate E:\Minecraft\Minecraft Modding\RTSbuilding\libs\[通用机械发电机] MekanismGenerators-1.21.1-10.7.19.85.jar
[267月2026 23:42:09.234] [main/DEBUG] [net.neoforged.fml.loading.moddiscovery.ModFileInfo/LOADING]: Found valid mod file [通用机械发电机] MekanismGenerators-1.21.1-10.7.19.85.jar with {mekanismgenerators} mods - versions {10.7.19}
[267月2026 23:42:09.234] [main/DEBUG] [net.neoforged.fml.loading.moddiscovery.ModFile/LOADING]: Loading mod file E:\Minecraft\Minecraft Modding\RTSbuilding\libs\[通用机械发电机] MekanismGenerators-1.21.1-10.7.19.85.jar with languages [LanguageSpec[languageName=javafml, acceptedVersions=[4,)]]
[267月2026 23:42:09.235] [main/DEBUG] [net.neoforged.fml.loading.moddiscovery.ModFileParser/LOADING]: Considering mod file candidate E:\Minecraft\Minecraft Modding\RTSbuilding\libs\[MrCrayfish 的家具：重制] refurbished_furniture-neoforge-1.21.1-1.0.22.jar
[267月2026 23:42:09.236] [main/DEBUG] [net.neoforged.fml.loading.moddiscovery.ModFileInfo/LOADING]: Found valid mod file [MrCrayfish 的家具：重制] refurbished_furniture-neoforge-1.21.1-1.0.22.jar with {refurbished_furniture} mods - versions {1.0.22}
[267月2026 23:42:09.236] [main/DEBUG] [net.neoforged.fml.loading.moddiscovery.ModFile/LOADING]: Loading mod file E:\Minecraft\Minecraft Modding\RTSbuilding\libs\[MrCrayfish 的家具：重制] refurbished_furniture-neoforge-1.21.1-1.0.22.jar with languages [LanguageSpec[languageName=javafml, acceptedVersions=[2,)]]
[267月2026 23:42:09.236] [main/DEBUG] [net.neoforged.fml.loading.moddiscovery.ModFile/LOADING]: Found mixin config MixinConfig[config=refurbished_furniture.common.mixins.json, requiredMods=[]]
[267月2026 23:42:09.241] [main/DEBUG] [net.neoforged.fml.loading.moddiscovery.ModFileParser/LOADING]: Considering mod file candidate E:\Minecraft\Minecraft Modding\RTSbuilding\libs\[亮度覆盖] light-overlay-12.0.0-neoforge.jar
[267月2026 23:42:09.242] [main/DEBUG] [net.neoforged.fml.loading.moddiscovery.ModFileInfo/LOADING]: Found valid mod file [亮度覆盖] light-overlay-12.0.0-neoforge.jar with {lightoverlay} mods - versions {12.0.0}
[267月2026 23:42:09.243] [main/DEBUG] [net.neoforged.fml.loading.moddiscovery.ModFile/LOADING]: Loading mod file E:\Minecraft\Minecraft Modding\RTSbuilding\libs\[亮度覆盖] light-overlay-12.0.0-neoforge.jar with languages [LanguageSpec[languageName=javafml, acceptedVersions=[1,)]]
[267月2026 23:42:09.243] [main/DEBUG] [net.neoforged.fml.loading.moddiscovery.ModFile/LOADING]: Found mixin config MixinConfig[config=lightoverlay-neoforge.mixins.json, requiredMods=[]]
[267月2026 23:42:09.243] [main/DEBUG] [net.neoforged.fml.loading.moddiscovery.ModFileParser/LOADING]: Considering mod file candidate E:\Minecraft\Minecraft Modding\RTSbuilding\build\classes\java\main
[267月2026 23:42:09.244] [main/DEBUG] [net.neoforged.fml.loading.moddiscovery.ModFileInfo/LOADING]: Found valid mod file main with {rtsbuilding} mods - versions {1.1.4}
[267月2026 23:42:09.244] [main/DEBUG] [net.neoforged.fml.loading.moddiscovery.ModFile/LOADING]: Loading mod file E:\Minecraft\Minecraft Modding\RTSbuilding\build\classes\java\main with languages [LanguageSpec[languageName=javafml, acceptedVersions=[1,)]]
[267月2026 23:42:09.245] [main/DEBUG] [net.neoforged.fml.loading.moddiscovery.ModFile/LOADING]: Found mixin config MixinConfig[config=rtsbuilding.mixins.json, requiredMods=[]]
[267月2026 23:42:09.245] [main/DEBUG] [net.neoforged.fml.loading.moddiscovery.ModFileParser/LOADING]: Considering mod file candidate E:\Minecraft\Minecraft Modding\RTSbuilding\libs\framework-neoforge-1.21.1-0.13.11.jar
[267月2026 23:42:09.246] [main/DEBUG] [net.neoforged.fml.loading.moddiscovery.ModFileInfo/LOADING]: Found valid mod file framework-neoforge-1.21.1-0.13.11.jar with {framework} mods - versions {0.13.11}
[267月2026 23:42:09.246] [main/DEBUG] [net.neoforged.fml.loading.moddiscovery.ModFile/LOADING]: Loading mod file E:\Minecraft\Minecraft Modding\RTSbuilding\libs\framework-neoforge-1.21.1-0.13.11.jar with languages [LanguageSpec[languageName=javafml, acceptedVersions=[2,)]]
[267月2026 23:42:09.246] [main/DEBUG] [net.neoforged.fml.loading.moddiscovery.ModFileParser/LOADING]: Considering mod file candidate E:\Minecraft\Minecraft Modding\RTSbuilding\libs\cloth-config-15.0.140-neoforge.jar
[267月2026 23:42:09.247] [main/DEBUG] [net.neoforged.fml.loading.moddiscovery.ModFileInfo/LOADING]: Found valid mod file cloth-config-15.0.140-neoforge.jar with {cloth_config} mods - versions {15.0.140}
[267月2026 23:42:09.247] [main/DEBUG] [net.neoforged.fml.loading.moddiscovery.ModFile/LOADING]: Loading mod file E:\Minecraft\Minecraft Modding\RTSbuilding\libs\cloth-config-15.0.140-neoforge.jar with languages [LanguageSpec[languageName=javafml, acceptedVersions=[1,)]]
[267月2026 23:42:09.248] [main/DEBUG] [net.neoforged.fml.loading.moddiscovery.ModFileParser/LOADING]: Considering mod file candidate 
[267月2026 23:42:09.249] [main/DEBUG] [net.neoforged.fml.loading.moddiscovery.ModFileInfo/LOADING]: Found valid mod file journeymap-api-neoforge-2.0.0-1.21.1.jar with {journeymap_api} mods - versions {2.0.0-1.21.1}
[267月2026 23:42:09.249] [main/DEBUG] [net.neoforged.fml.loading.moddiscovery.ModFile/LOADING]: Loading mod file  with languages [LanguageSpec[languageName=javafml, acceptedVersions=[1,)]]
[267月2026 23:42:09.249] [main/DEBUG] [net.neoforged.fml.loading.moddiscovery.ModFile/LOADING]: Loading mod file  with languages []
[267月2026 23:42:09.249] [main/DEBUG] [net.neoforged.fml.loading.moddiscovery.ModFile/LOADING]: Loading mod file  with languages []
[267月2026 23:42:09.253] [main/DEBUG] [cpw.mods.modlauncher.TransformationServiceDecorator/MODLAUNCHER]: End scan trigger - transformation service fml
[267月2026 23:42:09.295] [main/DEBUG] [net.neoforged.fml.util.ServiceLoaderUtil/CORE]: Found 3 implementations of IModLanguageLoader:
[267月2026 23:42:09.296] [main/DEBUG] [net.neoforged.fml.util.ServiceLoaderUtil/CORE]: 	net.neoforged.fml.javafmlmod.FMLJavaModLanguageProvider from loader-4.0.42.jar
[267月2026 23:42:09.296] [main/DEBUG] [net.neoforged.fml.util.ServiceLoaderUtil/CORE]: 	net.neoforged.fml.lowcodemod.LowCodeModLanguageProvider from loader-4.0.42.jar
[267月2026 23:42:09.296] [main/DEBUG] [net.neoforged.fml.util.ServiceLoaderUtil/CORE]: 	net.neoforged.fml.mclanguageprovider.MinecraftModLanguageProvider from loader-4.0.42.jar
[267月2026 23:42:09.297] [main/DEBUG] [net.neoforged.fml.loading.LanguageProviderLoader/CORE]: Found language provider javafml, version 4.0.42
[267月2026 23:42:09.300] [main/DEBUG] [net.neoforged.fml.loading.LanguageProviderLoader/CORE]: Found language provider lowcodefml, version 4.0.42
[267月2026 23:42:09.300] [main/DEBUG] [net.neoforged.fml.loading.LanguageProviderLoader/CORE]: Found language provider minecraft, version 4.0.42
[267月2026 23:42:09.323] [main/DEBUG] [net.neoforged.fml.loading.ModSorter/]: Configured system mods: [minecraft, neoforge]
[267月2026 23:42:09.323] [main/DEBUG] [net.neoforged.fml.loading.ModSorter/]: Found system mod: minecraft
[267月2026 23:42:09.323] [main/DEBUG] [net.neoforged.fml.loading.ModSorter/]: Found system mod: neoforge
[267月2026 23:42:09.332] [main/DEBUG] [net.neoforged.fml.loading.ModSorter/LOADING]: Found 57 mod requirements (39 mandatory, 18 optional)
[267月2026 23:42:09.336] [main/DEBUG] [net.neoforged.fml.loading.ModSorter/LOADING]: Found 0 mod requirements missing (0 mandatory, 0 optional)
[267月2026 23:42:09.638] [main/DEBUG] [mixin/]: Adding mixin platform agents for container net.neoforged.fml.loading.mixin.FMLMixinContainerHandle@2a32fb6
[267月2026 23:42:09.638] [main/DEBUG] [mixin/]: Instancing new MixinPlatformAgentMinecraftForge for net.neoforged.fml.loading.mixin.FMLMixinContainerHandle@2a32fb6
[267月2026 23:42:09.638] [main/DEBUG] [mixin/]: MixinPlatformAgentMinecraftForge rejected container net.neoforged.fml.loading.mixin.FMLMixinContainerHandle@2a32fb6
[267月2026 23:42:09.638] [main/DEBUG] [mixin/]: Instancing new MixinPlatformAgentDefault for net.neoforged.fml.loading.mixin.FMLMixinContainerHandle@2a32fb6
[267月2026 23:42:09.638] [main/DEBUG] [mixin/]: MixinPlatformAgentDefault accepted container net.neoforged.fml.loading.mixin.FMLMixinContainerHandle@2a32fb6
[267月2026 23:42:09.639] [main/DEBUG] [mixin/]: Instancing new FMLMixinPlatformAgent for net.neoforged.fml.loading.mixin.FMLMixinContainerHandle@2a32fb6
[267月2026 23:42:09.639] [main/DEBUG] [mixin/]: FMLMixinPlatformAgent accepted container net.neoforged.fml.loading.mixin.FMLMixinContainerHandle@2a32fb6
[267月2026 23:42:09.685] [main/DEBUG] [cpw.mods.modlauncher.TransformationServicesHandler/MODLAUNCHER]: Transformation services loading transformers
[267月2026 23:42:09.687] [main/DEBUG] [cpw.mods.modlauncher.TransformationServiceDecorator/MODLAUNCHER]: Initializing transformers for transformation service mixin
[267月2026 23:42:09.691] [main/DEBUG] [cpw.mods.modlauncher.TransformationServiceDecorator/MODLAUNCHER]: Initialized transformers for transformation service mixin
[267月2026 23:42:09.691] [main/DEBUG] [cpw.mods.modlauncher.TransformationServiceDecorator/MODLAUNCHER]: Initializing transformers for transformation service fml
[267月2026 23:42:09.691] [main/DEBUG] [net.neoforged.fml.loading.FMLServiceProvider/LOADING]: Loading coremod transformers
[267月2026 23:42:09.693] [main/DEBUG] [net.neoforged.fml.loading.FMLServiceProvider/CORE]: Not loading coremod script-engine since no mod requested it
[267月2026 23:42:09.696] [main/DEBUG] [net.neoforged.fml.util.ServiceLoaderUtil/CORE]: Found 1 implementations of ICoreMod:
[267月2026 23:42:09.698] [main/DEBUG] [net.neoforged.fml.util.ServiceLoaderUtil/CORE]: 	net.neoforged.neoforge.coremods.NeoForgeCoreMod from neoforge-21.1.219.jar > net.neoforged.neoforge-coremods-21.1.219.jar
[267月2026 23:42:09.746] [main/DEBUG] [net.neoforged.fml.loading.FMLServiceProvider/CORE]: Adding [Target[className=net.minecraft.world.level.biome.Biome, elementName=, elementDescriptor=, targetType=cpw.mods.modlauncher.api.TargetType@53142455]] transformer from core-mod net.neoforged.neoforge.coremods.NeoForgeCoreMod@6e1b9411 in neoforge-21.1.219.jar > net.neoforged.neoforge-coremods-21.1.219.jar
[267月2026 23:42:09.746] [main/DEBUG] [net.neoforged.fml.loading.FMLServiceProvider/CORE]: Adding [Target[className=net.minecraft.world.level.levelgen.structure.Structure, elementName=, elementDescriptor=, targetType=cpw.mods.modlauncher.api.TargetType@53142455]] transformer from core-mod net.neoforged.neoforge.coremods.NeoForgeCoreMod@6e1b9411 in neoforge-21.1.219.jar > net.neoforged.neoforge-coremods-21.1.219.jar
[267月2026 23:42:09.746] [main/DEBUG] [net.neoforged.fml.loading.FMLServiceProvider/CORE]: Adding [Target[className=net.minecraft.world.level.block.FlowerPotBlock, elementName=, elementDescriptor=, targetType=cpw.mods.modlauncher.api.TargetType@53142455]] transformer from core-mod net.neoforged.neoforge.coremods.NeoForgeCoreMod@6e1b9411 in neoforge-21.1.219.jar > net.neoforged.neoforge-coremods-21.1.219.jar
[267月2026 23:42:09.747] [main/DEBUG] [net.neoforged.fml.loading.FMLServiceProvider/CORE]: Adding [Target[className=net/minecraft/world/level/levelgen/PatrolSpawner, elementName=, elementDescriptor=, targetType=cpw.mods.modlauncher.api.TargetType@53142455], Target[className=net/minecraft/world/entity/ai/village/VillageSiege, elementName=, elementDescriptor=, targetType=cpw.mods.modlauncher.api.TargetType@53142455], Target[className=net/minecraft/server/commands/RaidCommand, elementName=, elementDescriptor=, targetType=cpw.mods.modlauncher.api.TargetType@53142455], Target[className=net/minecraft/world/entity/monster/ZombieVillager, elementName=, elementDescriptor=, targetType=cpw.mods.modlauncher.api.TargetType@53142455], Target[className=net/minecraft/world/level/levelgen/structure/structures/OceanMonumentPieces$OceanMonumentPiece, elementName=, elementDescriptor=, targetType=cpw.mods.modlauncher.api.TargetType@53142455], Target[className=net/minecraft/world/level/levelgen/structure/structures/WoodlandMansionPieces$WoodlandMansionPiece, elementName=, elementDescriptor=, targetType=cpw.mods.modlauncher.api.TargetType@53142455], Target[className=net/minecraft/server/commands/SummonCommand, elementName=, elementDescriptor=, targetType=cpw.mods.modlauncher.api.TargetType@53142455], Target[className=net/minecraft/world/level/NaturalSpawner, elementName=, elementDescriptor=, targetType=cpw.mods.modlauncher.api.TargetType@53142455], Target[className=net/minecraft/world/entity/monster/Zombie, elementName=, elementDescriptor=, targetType=cpw.mods.modlauncher.api.TargetType@53142455], Target[className=net/minecraft/world/entity/raid/Raid, elementName=, elementDescriptor=, targetType=cpw.mods.modlauncher.api.TargetType@53142455], Target[className=net/minecraft/world/entity/EntityType, elementName=, elementDescriptor=, targetType=cpw.mods.modlauncher.api.TargetType@53142455], Target[className=net/minecraft/world/entity/npc/Villager, elementName=, elementDescriptor=, targetType=cpw.mods.modlauncher.api.TargetType@53142455], Target[className=net/minecraft/world/level/levelgen/structure/structures/OceanRuinPieces$OceanRuinPiece, elementName=, elementDescriptor=, targetType=cpw.mods.modlauncher.api.TargetType@53142455], Target[className=net/minecraft/world/entity/monster/Spider, elementName=, elementDescriptor=, targetType=cpw.mods.modlauncher.api.TargetType@53142455], Target[className=net/minecraft/world/level/levelgen/structure/templatesystem/StructureTemplate, elementName=, elementDescriptor=, targetType=cpw.mods.modlauncher.api.TargetType@53142455], Target[className=net/minecraft/world/entity/animal/horse/SkeletonTrapGoal, elementName=, elementDescriptor=, targetType=cpw.mods.modlauncher.api.TargetType@53142455], Target[className=net/minecraft/world/entity/npc/CatSpawner, elementName=, elementDescriptor=, targetType=cpw.mods.modlauncher.api.TargetType@53142455], Target[className=net/minecraft/world/entity/monster/Strider, elementName=, elementDescriptor=, targetType=cpw.mods.modlauncher.api.TargetType@53142455], Target[className=net/minecraft/world/entity/monster/Evoker$EvokerSummonSpellGoal, elementName=, elementDescriptor=, targetType=cpw.mods.modlauncher.api.TargetType@53142455], Target[className=net/minecraft/world/level/levelgen/PhantomSpawner, elementName=, elementDescriptor=, targetType=cpw.mods.modlauncher.api.TargetType@53142455], Target[className=net/minecraft/world/entity/animal/frog/Tadpole, elementName=, elementDescriptor=, targetType=cpw.mods.modlauncher.api.TargetType@53142455], Target[className=net/minecraft/world/level/levelgen/structure/structures/SwampHutPiece, elementName=, elementDescriptor=, targetType=cpw.mods.modlauncher.api.TargetType@53142455]] transformer from core-mod net.neoforged.neoforge.coremods.NeoForgeCoreMod@6e1b9411 in neoforge-21.1.219.jar > net.neoforged.neoforge-coremods-21.1.219.jar
[267月2026 23:42:09.760] [main/DEBUG] [cpw.mods.modlauncher.TransformStore/MODLAUNCHER]: Adding transformer net.neoforged.neoforge.coremods.ReplaceFieldWithGetterAccess@756b58a7 to Target : cpw.mods.modlauncher.api.TargetType@53142455 {Lnet/minecraft/world/level/biome/Biome;} {} {V}
[267月2026 23:42:09.767] [main/DEBUG] [cpw.mods.modlauncher.TransformStore/MODLAUNCHER]: Adding transformer net.neoforged.neoforge.coremods.ReplaceFieldWithGetterAccess@d48673 to Target : cpw.mods.modlauncher.api.TargetType@53142455 {Lnet/minecraft/world/level/levelgen/structure/Structure;} {} {V}
[267月2026 23:42:09.768] [main/DEBUG] [cpw.mods.modlauncher.TransformStore/MODLAUNCHER]: Adding transformer net.neoforged.neoforge.coremods.ReplaceFieldWithGetterAccess@548d5ed3 to Target : cpw.mods.modlauncher.api.TargetType@53142455 {Lnet/minecraft/world/level/block/FlowerPotBlock;} {} {V}
[267月2026 23:42:09.768] [main/DEBUG] [cpw.mods.modlauncher.TransformStore/MODLAUNCHER]: Adding transformer net.neoforged.neoforge.coremods.MethodRedirector@21c7208d to Target : cpw.mods.modlauncher.api.TargetType@53142455 {Lnet/minecraft/world/level/levelgen/PatrolSpawner;} {} {V}
[267月2026 23:42:09.768] [main/DEBUG] [cpw.mods.modlauncher.TransformStore/MODLAUNCHER]: Adding transformer net.neoforged.neoforge.coremods.MethodRedirector@21c7208d to Target : cpw.mods.modlauncher.api.TargetType@53142455 {Lnet/minecraft/world/entity/ai/village/VillageSiege;} {} {V}
[267月2026 23:42:09.768] [main/DEBUG] [cpw.mods.modlauncher.TransformStore/MODLAUNCHER]: Adding transformer net.neoforged.neoforge.coremods.MethodRedirector@21c7208d to Target : cpw.mods.modlauncher.api.TargetType@53142455 {Lnet/minecraft/server/commands/RaidCommand;} {} {V}
[267月2026 23:42:09.768] [main/DEBUG] [cpw.mods.modlauncher.TransformStore/MODLAUNCHER]: Adding transformer net.neoforged.neoforge.coremods.MethodRedirector@21c7208d to Target : cpw.mods.modlauncher.api.TargetType@53142455 {Lnet/minecraft/world/entity/monster/ZombieVillager;} {} {V}
[267月2026 23:42:09.768] [main/DEBUG] [cpw.mods.modlauncher.TransformStore/MODLAUNCHER]: Adding transformer net.neoforged.neoforge.coremods.MethodRedirector@21c7208d to Target : cpw.mods.modlauncher.api.TargetType@53142455 {Lnet/minecraft/world/level/levelgen/structure/structures/OceanMonumentPieces$OceanMonumentPiece;} {} {V}
[267月2026 23:42:09.768] [main/DEBUG] [cpw.mods.modlauncher.TransformStore/MODLAUNCHER]: Adding transformer net.neoforged.neoforge.coremods.MethodRedirector@21c7208d to Target : cpw.mods.modlauncher.api.TargetType@53142455 {Lnet/minecraft/world/level/levelgen/structure/structures/WoodlandMansionPieces$WoodlandMansionPiece;} {} {V}
[267月2026 23:42:09.769] [main/DEBUG] [cpw.mods.modlauncher.TransformStore/MODLAUNCHER]: Adding transformer net.neoforged.neoforge.coremods.MethodRedirector@21c7208d to Target : cpw.mods.modlauncher.api.TargetType@53142455 {Lnet/minecraft/server/commands/SummonCommand;} {} {V}
[267月2026 23:42:09.769] [main/DEBUG] [cpw.mods.modlauncher.TransformStore/MODLAUNCHER]: Adding transformer net.neoforged.neoforge.coremods.MethodRedirector@21c7208d to Target : cpw.mods.modlauncher.api.TargetType@53142455 {Lnet/minecraft/world/level/NaturalSpawner;} {} {V}
[267月2026 23:42:09.769] [main/DEBUG] [cpw.mods.modlauncher.TransformStore/MODLAUNCHER]: Adding transformer net.neoforged.neoforge.coremods.MethodRedirector@21c7208d to Target : cpw.mods.modlauncher.api.TargetType@53142455 {Lnet/minecraft/world/entity/monster/Zombie;} {} {V}
[267月2026 23:42:09.769] [main/DEBUG] [cpw.mods.modlauncher.TransformStore/MODLAUNCHER]: Adding transformer net.neoforged.neoforge.coremods.MethodRedirector@21c7208d to Target : cpw.mods.modlauncher.api.TargetType@53142455 {Lnet/minecraft/world/entity/raid/Raid;} {} {V}
[267月2026 23:42:09.769] [main/DEBUG] [cpw.mods.modlauncher.TransformStore/MODLAUNCHER]: Adding transformer net.neoforged.neoforge.coremods.MethodRedirector@21c7208d to Target : cpw.mods.modlauncher.api.TargetType@53142455 {Lnet/minecraft/world/entity/EntityType;} {} {V}
[267月2026 23:42:09.769] [main/DEBUG] [cpw.mods.modlauncher.TransformStore/MODLAUNCHER]: Adding transformer net.neoforged.neoforge.coremods.MethodRedirector@21c7208d to Target : cpw.mods.modlauncher.api.TargetType@53142455 {Lnet/minecraft/world/entity/npc/Villager;} {} {V}
[267月2026 23:42:09.769] [main/DEBUG] [cpw.mods.modlauncher.TransformStore/MODLAUNCHER]: Adding transformer net.neoforged.neoforge.coremods.MethodRedirector@21c7208d to Target : cpw.mods.modlauncher.api.TargetType@53142455 {Lnet/minecraft/world/level/levelgen/structure/structures/OceanRuinPieces$OceanRuinPiece;} {} {V}
[267月2026 23:42:09.769] [main/DEBUG] [cpw.mods.modlauncher.TransformStore/MODLAUNCHER]: Adding transformer net.neoforged.neoforge.coremods.MethodRedirector@21c7208d to Target : cpw.mods.modlauncher.api.TargetType@53142455 {Lnet/minecraft/world/entity/monster/Spider;} {} {V}
[267月2026 23:42:09.769] [main/DEBUG] [cpw.mods.modlauncher.TransformStore/MODLAUNCHER]: Adding transformer net.neoforged.neoforge.coremods.MethodRedirector@21c7208d to Target : cpw.mods.modlauncher.api.TargetType@53142455 {Lnet/minecraft/world/level/levelgen/structure/templatesystem/StructureTemplate;} {} {V}
[267月2026 23:42:09.770] [main/DEBUG] [cpw.mods.modlauncher.TransformStore/MODLAUNCHER]: Adding transformer net.neoforged.neoforge.coremods.MethodRedirector@21c7208d to Target : cpw.mods.modlauncher.api.TargetType@53142455 {Lnet/minecraft/world/entity/animal/horse/SkeletonTrapGoal;} {} {V}
[267月2026 23:42:09.770] [main/DEBUG] [cpw.mods.modlauncher.TransformStore/MODLAUNCHER]: Adding transformer net.neoforged.neoforge.coremods.MethodRedirector@21c7208d to Target : cpw.mods.modlauncher.api.TargetType@53142455 {Lnet/minecraft/world/entity/npc/CatSpawner;} {} {V}
[267月2026 23:42:09.770] [main/DEBUG] [cpw.mods.modlauncher.TransformStore/MODLAUNCHER]: Adding transformer net.neoforged.neoforge.coremods.MethodRedirector@21c7208d to Target : cpw.mods.modlauncher.api.TargetType@53142455 {Lnet/minecraft/world/entity/monster/Strider;} {} {V}
[267月2026 23:42:09.770] [main/DEBUG] [cpw.mods.modlauncher.TransformStore/MODLAUNCHER]: Adding transformer net.neoforged.neoforge.coremods.MethodRedirector@21c7208d to Target : cpw.mods.modlauncher.api.TargetType@53142455 {Lnet/minecraft/world/entity/monster/Evoker$EvokerSummonSpellGoal;} {} {V}
[267月2026 23:42:09.770] [main/DEBUG] [cpw.mods.modlauncher.TransformStore/MODLAUNCHER]: Adding transformer net.neoforged.neoforge.coremods.MethodRedirector@21c7208d to Target : cpw.mods.modlauncher.api.TargetType@53142455 {Lnet/minecraft/world/level/levelgen/PhantomSpawner;} {} {V}
[267月2026 23:42:09.770] [main/DEBUG] [cpw.mods.modlauncher.TransformStore/MODLAUNCHER]: Adding transformer net.neoforged.neoforge.coremods.MethodRedirector@21c7208d to Target : cpw.mods.modlauncher.api.TargetType@53142455 {Lnet/minecraft/world/entity/animal/frog/Tadpole;} {} {V}
[267月2026 23:42:09.771] [main/DEBUG] [cpw.mods.modlauncher.TransformStore/MODLAUNCHER]: Adding transformer net.neoforged.neoforge.coremods.MethodRedirector@21c7208d to Target : cpw.mods.modlauncher.api.TargetType@53142455 {Lnet/minecraft/world/level/levelgen/structure/structures/SwampHutPiece;} {} {V}
[267月2026 23:42:09.771] [main/DEBUG] [cpw.mods.modlauncher.TransformationServiceDecorator/MODLAUNCHER]: Initialized transformers for transformation service fml
[267月2026 23:42:10.509] [main/DEBUG] [mixin/]: Processing prepare() for PlatformAgent[MixinPlatformAgentDefault:ModLauncher Root Container(ModLauncher:4f56a0a2)]
[267月2026 23:42:10.509] [main/DEBUG] [mixin/]: Processing prepare() for PlatformAgent[MixinPlatformAgentDefault:net.neoforged.fml.loading.mixin.FMLMixinContainerHandle@2a32fb6]
[267月2026 23:42:10.509] [main/DEBUG] [mixin/]: Processing prepare() for PlatformAgent[FMLMixinPlatformAgent:null]
[267月2026 23:42:10.640] [main/DEBUG] [mixin/]: Compatibility level JAVA_11 specified by guideme.optional.mixins.json is lower than the default level supported by the current mixin service (JAVA_16).
[267月2026 23:42:10.644] [main/DEBUG] [mixin/]: Compatibility level JAVA_17 specified by mixins.modernui-neoforge.json is higher than the maximum level supported by this version of mixin (JAVA_13).
[267月2026 23:42:10.652] [main/INFO] [mixin/]: Compatibility level set to JAVA_17
[267月2026 23:42:10.654] [main/DEBUG] [mixin/]: Compatibility level JAVA_21 specified by refurbished_furniture.common.mixins.json is higher than the maximum level supported by this version of mixin (JAVA_13).
[267月2026 23:42:10.656] [main/INFO] [mixin/]: Compatibility level set to JAVA_21
[267月2026 23:42:10.657] [main/DEBUG] [mixin/]: Compatibility level JAVA_11 specified by ae2.mixins.json is lower than the default level supported by the current mixin service (JAVA_16).
[267月2026 23:42:10.658] [main/DEBUG] [mixin/]: Mixin config rtsbuilding.mixins.json does not specify "minVersion" or "requiredFeatures" property
[267月2026 23:42:10.659] [main/DEBUG] [mixin/]: Compatibility level JAVA_17 specified by enderio.mixins.json is higher than the maximum level supported by this version of mixin (JAVA_13).
[267月2026 23:42:10.661] [main/DEBUG] [mixin/]: Compatibility level JAVA_17 specified by journeymap.mixins.json is higher than the maximum level supported by this version of mixin (JAVA_13).
[267月2026 23:42:10.662] [main/DEBUG] [mixin/]: Compatibility level JAVA_17 specified by journeymap.neoforge.mixins.json is higher than the maximum level supported by this version of mixin (JAVA_13).
[267月2026 23:42:10.666] [main/DEBUG] [mixin/]: Processing launch tasks for PlatformAgent[MixinPlatformAgentDefault:ModLauncher Root Container(ModLauncher:4f56a0a2)]
[267月2026 23:42:10.666] [main/DEBUG] [mixin/]: Adding mixin platform agents for container SecureJarResource(mixin_synthetic)
[267月2026 23:42:10.666] [main/DEBUG] [mixin/]: Instancing new MixinPlatformAgentMinecraftForge for SecureJarResource(mixin_synthetic)
[267月2026 23:42:10.667] [main/DEBUG] [mixin/]: MixinPlatformAgentMinecraftForge rejected container SecureJarResource(mixin_synthetic)
[267月2026 23:42:10.667] [main/DEBUG] [mixin/]: Instancing new MixinPlatformAgentDefault for SecureJarResource(mixin_synthetic)
[267月2026 23:42:10.667] [main/DEBUG] [mixin/]: MixinPlatformAgentDefault accepted container SecureJarResource(mixin_synthetic)
[267月2026 23:42:10.667] [main/DEBUG] [mixin/]: Instancing new FMLMixinPlatformAgent for SecureJarResource(mixin_synthetic)
[267月2026 23:42:10.667] [main/DEBUG] [mixin/]: FMLMixinPlatformAgent rejected container SecureJarResource(mixin_synthetic)
[267月2026 23:42:10.667] [main/DEBUG] [mixin/]: Processing prepare() for PlatformAgent[MixinPlatformAgentDefault:SecureJarResource(mixin_synthetic)]
[267月2026 23:42:10.667] [main/DEBUG] [mixin/]: Adding mixin platform agents for container SecureJarResource(minecraft)
[267月2026 23:42:10.667] [main/DEBUG] [mixin/]: Instancing new MixinPlatformAgentMinecraftForge for SecureJarResource(minecraft)
[267月2026 23:42:10.667] [main/DEBUG] [mixin/]: MixinPlatformAgentMinecraftForge rejected container SecureJarResource(minecraft)
[267月2026 23:42:10.667] [main/DEBUG] [mixin/]: Instancing new MixinPlatformAgentDefault for SecureJarResource(minecraft)
[267月2026 23:42:10.667] [main/DEBUG] [mixin/]: MixinPlatformAgentDefault accepted container SecureJarResource(minecraft)
[267月2026 23:42:10.667] [main/DEBUG] [mixin/]: Instancing new FMLMixinPlatformAgent for SecureJarResource(minecraft)
[267月2026 23:42:10.667] [main/DEBUG] [mixin/]: FMLMixinPlatformAgent rejected container SecureJarResource(minecraft)
[267月2026 23:42:10.667] [main/DEBUG] [mixin/]: Processing prepare() for PlatformAgent[MixinPlatformAgentDefault:SecureJarResource(minecraft)]
[267月2026 23:42:10.667] [main/DEBUG] [mixin/]: Adding mixin platform agents for container SecureJarResource(guideme)
[267月2026 23:42:10.668] [main/DEBUG] [mixin/]: Instancing new MixinPlatformAgentMinecraftForge for SecureJarResource(guideme)
[267月2026 23:42:10.668] [main/DEBUG] [mixin/]: MixinPlatformAgentMinecraftForge rejected container SecureJarResource(guideme)
[267月2026 23:42:10.668] [main/DEBUG] [mixin/]: Instancing new MixinPlatformAgentDefault for SecureJarResource(guideme)
[267月2026 23:42:10.668] [main/DEBUG] [mixin/]: MixinPlatformAgentDefault accepted container SecureJarResource(guideme)
[267月2026 23:42:10.668] [main/DEBUG] [mixin/]: Instancing new FMLMixinPlatformAgent for SecureJarResource(guideme)
[267月2026 23:42:10.668] [main/DEBUG] [mixin/]: FMLMixinPlatformAgent rejected container SecureJarResource(guideme)
[267月2026 23:42:10.668] [main/DEBUG] [mixin/]: Processing prepare() for PlatformAgent[MixinPlatformAgentDefault:SecureJarResource(guideme)]
[267月2026 23:42:10.668] [main/DEBUG] [mixin/]: Adding mixin platform agents for container SecureJarResource(architectury)
[267月2026 23:42:10.668] [main/DEBUG] [mixin/]: Instancing new MixinPlatformAgentMinecraftForge for SecureJarResource(architectury)
[267月2026 23:42:10.668] [main/DEBUG] [mixin/]: MixinPlatformAgentMinecraftForge rejected container SecureJarResource(architectury)
[267月2026 23:42:10.668] [main/DEBUG] [mixin/]: Instancing new MixinPlatformAgentDefault for SecureJarResource(architectury)
[267月2026 23:42:10.668] [main/DEBUG] [mixin/]: MixinPlatformAgentDefault accepted container SecureJarResource(architectury)
[267月2026 23:42:10.668] [main/DEBUG] [mixin/]: Instancing new FMLMixinPlatformAgent for SecureJarResource(architectury)
[267月2026 23:42:10.668] [main/DEBUG] [mixin/]: FMLMixinPlatformAgent rejected container SecureJarResource(architectury)
[267月2026 23:42:10.668] [main/DEBUG] [mixin/]: Processing prepare() for PlatformAgent[MixinPlatformAgentDefault:SecureJarResource(architectury)]
[267月2026 23:42:10.669] [main/DEBUG] [mixin/]: Adding mixin platform agents for container SecureJarResource(modernui)
[267月2026 23:42:10.669] [main/DEBUG] [mixin/]: Instancing new MixinPlatformAgentMinecraftForge for SecureJarResource(modernui)
[267月2026 23:42:10.669] [main/DEBUG] [mixin/]: MixinPlatformAgentMinecraftForge rejected container SecureJarResource(modernui)
[267月2026 23:42:10.669] [main/DEBUG] [mixin/]: Instancing new MixinPlatformAgentDefault for SecureJarResource(modernui)
[267月2026 23:42:10.669] [main/DEBUG] [mixin/]: MixinPlatformAgentDefault accepted container SecureJarResource(modernui)
[267月2026 23:42:10.669] [main/DEBUG] [mixin/]: Instancing new FMLMixinPlatformAgent for SecureJarResource(modernui)
[267月2026 23:42:10.669] [main/DEBUG] [mixin/]: FMLMixinPlatformAgent rejected container SecureJarResource(modernui)
[267月2026 23:42:10.669] [main/DEBUG] [mixin/]: Processing prepare() for PlatformAgent[MixinPlatformAgentDefault:SecureJarResource(modernui)]
[267月2026 23:42:10.669] [main/DEBUG] [mixin/]: Adding mixin platform agents for container SecureJarResource(lightoverlay)
[267月2026 23:42:10.669] [main/DEBUG] [mixin/]: Instancing new MixinPlatformAgentMinecraftForge for SecureJarResource(lightoverlay)
[267月2026 23:42:10.669] [main/DEBUG] [mixin/]: MixinPlatformAgentMinecraftForge rejected container SecureJarResource(lightoverlay)
[267月2026 23:42:10.669] [main/DEBUG] [mixin/]: Instancing new MixinPlatformAgentDefault for SecureJarResource(lightoverlay)
[267月2026 23:42:10.669] [main/DEBUG] [mixin/]: MixinPlatformAgentDefault accepted container SecureJarResource(lightoverlay)
[267月2026 23:42:10.669] [main/DEBUG] [mixin/]: Instancing new FMLMixinPlatformAgent for SecureJarResource(lightoverlay)
[267月2026 23:42:10.669] [main/DEBUG] [mixin/]: FMLMixinPlatformAgent rejected container SecureJarResource(lightoverlay)
[267月2026 23:42:10.669] [main/DEBUG] [mixin/]: Processing prepare() for PlatformAgent[MixinPlatformAgentDefault:SecureJarResource(lightoverlay)]
[267月2026 23:42:10.669] [main/DEBUG] [mixin/]: Adding mixin platform agents for container SecureJarResource(refurbished_furniture)
[267月2026 23:42:10.669] [main/DEBUG] [mixin/]: Instancing new MixinPlatformAgentMinecraftForge for SecureJarResource(refurbished_furniture)
[267月2026 23:42:10.669] [main/DEBUG] [mixin/]: MixinPlatformAgentMinecraftForge rejected container SecureJarResource(refurbished_furniture)
[267月2026 23:42:10.669] [main/DEBUG] [mixin/]: Instancing new MixinPlatformAgentDefault for SecureJarResource(refurbished_furniture)
[267月2026 23:42:10.669] [main/DEBUG] [mixin/]: MixinPlatformAgentDefault accepted container SecureJarResource(refurbished_furniture)
[267月2026 23:42:10.669] [main/DEBUG] [mixin/]: Instancing new FMLMixinPlatformAgent for SecureJarResource(refurbished_furniture)
[267月2026 23:42:10.669] [main/DEBUG] [mixin/]: FMLMixinPlatformAgent rejected container SecureJarResource(refurbished_furniture)
[267月2026 23:42:10.669] [main/DEBUG] [mixin/]: Processing prepare() for PlatformAgent[MixinPlatformAgentDefault:SecureJarResource(refurbished_furniture)]
[267月2026 23:42:10.670] [main/DEBUG] [mixin/]: Adding mixin platform agents for container SecureJarResource(jei)
[267月2026 23:42:10.670] [main/DEBUG] [mixin/]: Instancing new MixinPlatformAgentMinecraftForge for SecureJarResource(jei)
[267月2026 23:42:10.670] [main/DEBUG] [mixin/]: MixinPlatformAgentMinecraftForge rejected container SecureJarResource(jei)
[267月2026 23:42:10.670] [main/DEBUG] [mixin/]: Instancing new MixinPlatformAgentDefault for SecureJarResource(jei)
[267月2026 23:42:10.670] [main/DEBUG] [mixin/]: MixinPlatformAgentDefault accepted container SecureJarResource(jei)
[267月2026 23:42:10.670] [main/DEBUG] [mixin/]: Instancing new FMLMixinPlatformAgent for SecureJarResource(jei)
[267月2026 23:42:10.670] [main/DEBUG] [mixin/]: FMLMixinPlatformAgent rejected container SecureJarResource(jei)
[267月2026 23:42:10.670] [main/DEBUG] [mixin/]: Processing prepare() for PlatformAgent[MixinPlatformAgentDefault:SecureJarResource(jei)]
[267月2026 23:42:10.670] [main/DEBUG] [mixin/]: Adding mixin platform agents for container SecureJarResource(ae2)
[267月2026 23:42:10.670] [main/DEBUG] [mixin/]: Instancing new MixinPlatformAgentMinecraftForge for SecureJarResource(ae2)
[267月2026 23:42:10.670] [main/DEBUG] [mixin/]: MixinPlatformAgentMinecraftForge rejected container SecureJarResource(ae2)
[267月2026 23:42:10.670] [main/DEBUG] [mixin/]: Instancing new MixinPlatformAgentDefault for SecureJarResource(ae2)
[267月2026 23:42:10.670] [main/DEBUG] [mixin/]: MixinPlatformAgentDefault accepted container SecureJarResource(ae2)
[267月2026 23:42:10.670] [main/DEBUG] [mixin/]: Instancing new FMLMixinPlatformAgent for SecureJarResource(ae2)
[267月2026 23:42:10.670] [main/DEBUG] [mixin/]: FMLMixinPlatformAgent rejected container SecureJarResource(ae2)
[267月2026 23:42:10.670] [main/DEBUG] [mixin/]: Processing prepare() for PlatformAgent[MixinPlatformAgentDefault:SecureJarResource(ae2)]
[267月2026 23:42:10.670] [main/DEBUG] [mixin/]: Adding mixin platform agents for container SecureJarResource(enderio_modded_conduits)
[267月2026 23:42:10.670] [main/DEBUG] [mixin/]: Instancing new MixinPlatformAgentMinecraftForge for SecureJarResource(enderio_modded_conduits)
[267月2026 23:42:10.670] [main/DEBUG] [mixin/]: MixinPlatformAgentMinecraftForge rejected container SecureJarResource(enderio_modded_conduits)
[267月2026 23:42:10.671] [main/DEBUG] [mixin/]: Instancing new MixinPlatformAgentDefault for SecureJarResource(enderio_modded_conduits)
[267月2026 23:42:10.671] [main/DEBUG] [mixin/]: MixinPlatformAgentDefault accepted container SecureJarResource(enderio_modded_conduits)
[267月2026 23:42:10.671] [main/DEBUG] [mixin/]: Instancing new FMLMixinPlatformAgent for SecureJarResource(enderio_modded_conduits)
[267月2026 23:42:10.671] [main/DEBUG] [mixin/]: FMLMixinPlatformAgent rejected container SecureJarResource(enderio_modded_conduits)
[267月2026 23:42:10.671] [main/DEBUG] [mixin/]: Processing prepare() for PlatformAgent[MixinPlatformAgentDefault:SecureJarResource(enderio_modded_conduits)]
[267月2026 23:42:10.671] [main/DEBUG] [mixin/]: Adding mixin platform agents for container SecureJarResource(commonnetworking)
[267月2026 23:42:10.671] [main/DEBUG] [mixin/]: Instancing new MixinPlatformAgentMinecraftForge for SecureJarResource(commonnetworking)
[267月2026 23:42:10.671] [main/DEBUG] [mixin/]: MixinPlatformAgentMinecraftForge rejected container SecureJarResource(commonnetworking)
[267月2026 23:42:10.671] [main/DEBUG] [mixin/]: Instancing new MixinPlatformAgentDefault for SecureJarResource(commonnetworking)
[267月2026 23:42:10.671] [main/DEBUG] [mixin/]: MixinPlatformAgentDefault accepted container SecureJarResource(commonnetworking)
[267月2026 23:42:10.671] [main/DEBUG] [mixin/]: Instancing new FMLMixinPlatformAgent for SecureJarResource(commonnetworking)
[267月2026 23:42:10.671] [main/DEBUG] [mixin/]: FMLMixinPlatformAgent rejected container SecureJarResource(commonnetworking)
[267月2026 23:42:10.671] [main/DEBUG] [mixin/]: Processing prepare() for PlatformAgent[MixinPlatformAgentDefault:SecureJarResource(commonnetworking)]
[267月2026 23:42:10.671] [main/DEBUG] [mixin/]: Adding mixin platform agents for container SecureJarResource(framework)
[267月2026 23:42:10.671] [main/DEBUG] [mixin/]: Instancing new MixinPlatformAgentMinecraftForge for SecureJarResource(framework)
[267月2026 23:42:10.671] [main/DEBUG] [mixin/]: MixinPlatformAgentMinecraftForge rejected container SecureJarResource(framework)
[267月2026 23:42:10.671] [main/DEBUG] [mixin/]: Instancing new MixinPlatformAgentDefault for SecureJarResource(framework)
[267月2026 23:42:10.671] [main/DEBUG] [mixin/]: MixinPlatformAgentDefault accepted container SecureJarResource(framework)
[267月2026 23:42:10.671] [main/DEBUG] [mixin/]: Instancing new FMLMixinPlatformAgent for SecureJarResource(framework)
[267月2026 23:42:10.671] [main/DEBUG] [mixin/]: FMLMixinPlatformAgent rejected container SecureJarResource(framework)
[267月2026 23:42:10.672] [main/DEBUG] [mixin/]: Processing prepare() for PlatformAgent[MixinPlatformAgentDefault:SecureJarResource(framework)]
[267月2026 23:42:10.672] [main/DEBUG] [mixin/]: Adding mixin platform agents for container SecureJarResource(rtsbuilding)
[267月2026 23:42:10.672] [main/DEBUG] [mixin/]: Instancing new MixinPlatformAgentMinecraftForge for SecureJarResource(rtsbuilding)
[267月2026 23:42:10.672] [main/DEBUG] [mixin/]: MixinPlatformAgentMinecraftForge rejected container SecureJarResource(rtsbuilding)
[267月2026 23:42:10.672] [main/DEBUG] [mixin/]: Instancing new MixinPlatformAgentDefault for SecureJarResource(rtsbuilding)
[267月2026 23:42:10.672] [main/DEBUG] [mixin/]: MixinPlatformAgentDefault accepted container SecureJarResource(rtsbuilding)
[267月2026 23:42:10.672] [main/DEBUG] [mixin/]: Instancing new FMLMixinPlatformAgent for SecureJarResource(rtsbuilding)
[267月2026 23:42:10.672] [main/DEBUG] [mixin/]: FMLMixinPlatformAgent rejected container SecureJarResource(rtsbuilding)
[267月2026 23:42:10.672] [main/DEBUG] [mixin/]: Processing prepare() for PlatformAgent[MixinPlatformAgentDefault:SecureJarResource(rtsbuilding)]
[267月2026 23:42:10.672] [main/DEBUG] [mixin/]: Adding mixin platform agents for container SecureJarResource(cloth_config)
[267月2026 23:42:10.672] [main/DEBUG] [mixin/]: Instancing new MixinPlatformAgentMinecraftForge for SecureJarResource(cloth_config)
[267月2026 23:42:10.672] [main/DEBUG] [mixin/]: MixinPlatformAgentMinecraftForge rejected container SecureJarResource(cloth_config)
[267月2026 23:42:10.672] [main/DEBUG] [mixin/]: Instancing new MixinPlatformAgentDefault for SecureJarResource(cloth_config)
[267月2026 23:42:10.672] [main/DEBUG] [mixin/]: MixinPlatformAgentDefault accepted container SecureJarResource(cloth_config)
[267月2026 23:42:10.672] [main/DEBUG] [mixin/]: Instancing new FMLMixinPlatformAgent for SecureJarResource(cloth_config)
[267月2026 23:42:10.672] [main/DEBUG] [mixin/]: FMLMixinPlatformAgent rejected container SecureJarResource(cloth_config)
[267月2026 23:42:10.672] [main/DEBUG] [mixin/]: Processing prepare() for PlatformAgent[MixinPlatformAgentDefault:SecureJarResource(cloth_config)]
[267月2026 23:42:10.672] [main/DEBUG] [mixin/]: Adding mixin platform agents for container SecureJarResource(mekanism)
[267月2026 23:42:10.672] [main/DEBUG] [mixin/]: Instancing new MixinPlatformAgentMinecraftForge for SecureJarResource(mekanism)
[267月2026 23:42:10.672] [main/DEBUG] [mixin/]: MixinPlatformAgentMinecraftForge rejected container SecureJarResource(mekanism)
[267月2026 23:42:10.672] [main/DEBUG] [mixin/]: Instancing new MixinPlatformAgentDefault for SecureJarResource(mekanism)
[267月2026 23:42:10.673] [main/DEBUG] [mixin/]: MixinPlatformAgentDefault accepted container SecureJarResource(mekanism)
[267月2026 23:42:10.673] [main/DEBUG] [mixin/]: Instancing new FMLMixinPlatformAgent for SecureJarResource(mekanism)
[267月2026 23:42:10.673] [main/DEBUG] [mixin/]: FMLMixinPlatformAgent rejected container SecureJarResource(mekanism)
[267月2026 23:42:10.673] [main/DEBUG] [mixin/]: Processing prepare() for PlatformAgent[MixinPlatformAgentDefault:SecureJarResource(mekanism)]
[267月2026 23:42:10.673] [main/DEBUG] [mixin/]: Adding mixin platform agents for container SecureJarResource(mekanismgenerators)
[267月2026 23:42:10.673] [main/DEBUG] [mixin/]: Instancing new MixinPlatformAgentMinecraftForge for SecureJarResource(mekanismgenerators)
[267月2026 23:42:10.673] [main/DEBUG] [mixin/]: MixinPlatformAgentMinecraftForge rejected container SecureJarResource(mekanismgenerators)
[267月2026 23:42:10.673] [main/DEBUG] [mixin/]: Instancing new MixinPlatformAgentDefault for SecureJarResource(mekanismgenerators)
[267月2026 23:42:10.673] [main/DEBUG] [mixin/]: MixinPlatformAgentDefault accepted container SecureJarResource(mekanismgenerators)
[267月2026 23:42:10.673] [main/DEBUG] [mixin/]: Instancing new FMLMixinPlatformAgent for SecureJarResource(mekanismgenerators)
[267月2026 23:42:10.673] [main/DEBUG] [mixin/]: FMLMixinPlatformAgent rejected container SecureJarResource(mekanismgenerators)
[267月2026 23:42:10.673] [main/DEBUG] [mixin/]: Processing prepare() for PlatformAgent[MixinPlatformAgentDefault:SecureJarResource(mekanismgenerators)]
[267月2026 23:42:10.673] [main/DEBUG] [mixin/]: Adding mixin platform agents for container SecureJarResource(enderio)
[267月2026 23:42:10.673] [main/DEBUG] [mixin/]: Instancing new MixinPlatformAgentMinecraftForge for SecureJarResource(enderio)
[267月2026 23:42:10.673] [main/DEBUG] [mixin/]: MixinPlatformAgentMinecraftForge rejected container SecureJarResource(enderio)
[267月2026 23:42:10.673] [main/DEBUG] [mixin/]: Instancing new MixinPlatformAgentDefault for SecureJarResource(enderio)
[267月2026 23:42:10.673] [main/DEBUG] [mixin/]: MixinPlatformAgentDefault accepted container SecureJarResource(enderio)
[267月2026 23:42:10.673] [main/DEBUG] [mixin/]: Instancing new FMLMixinPlatformAgent for SecureJarResource(enderio)
[267月2026 23:42:10.674] [main/DEBUG] [mixin/]: FMLMixinPlatformAgent rejected container SecureJarResource(enderio)
[267月2026 23:42:10.674] [main/DEBUG] [mixin/]: Processing prepare() for PlatformAgent[MixinPlatformAgentDefault:SecureJarResource(enderio)]
[267月2026 23:42:10.674] [main/DEBUG] [mixin/]: Adding mixin platform agents for container SecureJarResource(journeymap_api)
[267月2026 23:42:10.674] [main/DEBUG] [mixin/]: Instancing new MixinPlatformAgentMinecraftForge for SecureJarResource(journeymap_api)
[267月2026 23:42:10.674] [main/DEBUG] [mixin/]: MixinPlatformAgentMinecraftForge rejected container SecureJarResource(journeymap_api)
[267月2026 23:42:10.674] [main/DEBUG] [mixin/]: Instancing new MixinPlatformAgentDefault for SecureJarResource(journeymap_api)
[267月2026 23:42:10.674] [main/DEBUG] [mixin/]: MixinPlatformAgentDefault accepted container SecureJarResource(journeymap_api)
[267月2026 23:42:10.674] [main/DEBUG] [mixin/]: Instancing new FMLMixinPlatformAgent for SecureJarResource(journeymap_api)
[267月2026 23:42:10.674] [main/DEBUG] [mixin/]: FMLMixinPlatformAgent rejected container SecureJarResource(journeymap_api)
[267月2026 23:42:10.674] [main/DEBUG] [mixin/]: Processing prepare() for PlatformAgent[MixinPlatformAgentDefault:SecureJarResource(journeymap_api)]
[267月2026 23:42:10.674] [main/DEBUG] [mixin/]: Adding mixin platform agents for container SecureJarResource(endercore)
[267月2026 23:42:10.674] [main/DEBUG] [mixin/]: Instancing new MixinPlatformAgentMinecraftForge for SecureJarResource(endercore)
[267月2026 23:42:10.674] [main/DEBUG] [mixin/]: MixinPlatformAgentMinecraftForge rejected container SecureJarResource(endercore)
[267月2026 23:42:10.674] [main/DEBUG] [mixin/]: Instancing new MixinPlatformAgentDefault for SecureJarResource(endercore)
[267月2026 23:42:10.674] [main/DEBUG] [mixin/]: MixinPlatformAgentDefault accepted container SecureJarResource(endercore)
[267月2026 23:42:10.674] [main/DEBUG] [mixin/]: Instancing new FMLMixinPlatformAgent for SecureJarResource(endercore)
[267月2026 23:42:10.674] [main/DEBUG] [mixin/]: FMLMixinPlatformAgent rejected container SecureJarResource(endercore)
[267月2026 23:42:10.674] [main/DEBUG] [mixin/]: Processing prepare() for PlatformAgent[MixinPlatformAgentDefault:SecureJarResource(endercore)]
[267月2026 23:42:10.674] [main/DEBUG] [mixin/]: Adding mixin platform agents for container SecureJarResource(journeymap)
[267月2026 23:42:10.674] [main/DEBUG] [mixin/]: Instancing new MixinPlatformAgentMinecraftForge for SecureJarResource(journeymap)
[267月2026 23:42:10.674] [main/DEBUG] [mixin/]: MixinPlatformAgentMinecraftForge rejected container SecureJarResource(journeymap)
[267月2026 23:42:10.674] [main/DEBUG] [mixin/]: Instancing new MixinPlatformAgentDefault for SecureJarResource(journeymap)
[267月2026 23:42:10.674] [main/DEBUG] [mixin/]: MixinPlatformAgentDefault accepted container SecureJarResource(journeymap)
[267月2026 23:42:10.674] [main/DEBUG] [mixin/]: Instancing new FMLMixinPlatformAgent for SecureJarResource(journeymap)
[267月2026 23:42:10.674] [main/DEBUG] [mixin/]: FMLMixinPlatformAgent rejected container SecureJarResource(journeymap)
[267月2026 23:42:10.674] [main/DEBUG] [mixin/]: Processing prepare() for PlatformAgent[MixinPlatformAgentDefault:SecureJarResource(journeymap)]
[267月2026 23:42:10.675] [main/DEBUG] [mixin/]: Adding mixin platform agents for container SecureJarResource(mixinextras.neoforge)
[267月2026 23:42:10.675] [main/DEBUG] [mixin/]: Instancing new MixinPlatformAgentMinecraftForge for SecureJarResource(mixinextras.neoforge)
[267月2026 23:42:10.675] [main/DEBUG] [mixin/]: MixinPlatformAgentMinecraftForge rejected container SecureJarResource(mixinextras.neoforge)
[267月2026 23:42:10.675] [main/DEBUG] [mixin/]: Instancing new MixinPlatformAgentDefault for SecureJarResource(mixinextras.neoforge)
[267月2026 23:42:10.675] [main/DEBUG] [mixin/]: MixinPlatformAgentDefault accepted container SecureJarResource(mixinextras.neoforge)
[267月2026 23:42:10.675] [main/DEBUG] [mixin/]: Instancing new FMLMixinPlatformAgent for SecureJarResource(mixinextras.neoforge)
[267月2026 23:42:10.675] [main/DEBUG] [mixin/]: FMLMixinPlatformAgent rejected container SecureJarResource(mixinextras.neoforge)
[267月2026 23:42:10.675] [main/DEBUG] [mixin/]: Processing prepare() for PlatformAgent[MixinPlatformAgentDefault:SecureJarResource(mixinextras.neoforge)]
[267月2026 23:42:10.675] [main/DEBUG] [mixin/]: Registering mixin config: mixinextras.init.mixins.json source=SecureJarResource(mixinextras.neoforge)
[267月2026 23:42:10.675] [main/DEBUG] [mixin/]: Adding mixin platform agents for container SecureJarResource(GraphLib3)
[267月2026 23:42:10.676] [main/DEBUG] [mixin/]: Instancing new MixinPlatformAgentMinecraftForge for SecureJarResource(GraphLib3)
[267月2026 23:42:10.676] [main/DEBUG] [mixin/]: MixinPlatformAgentMinecraftForge rejected container SecureJarResource(GraphLib3)
[267月2026 23:42:10.676] [main/DEBUG] [mixin/]: Instancing new MixinPlatformAgentDefault for SecureJarResource(GraphLib3)
[267月2026 23:42:10.676] [main/DEBUG] [mixin/]: MixinPlatformAgentDefault accepted container SecureJarResource(GraphLib3)
[267月2026 23:42:10.676] [main/DEBUG] [mixin/]: Instancing new FMLMixinPlatformAgent for SecureJarResource(GraphLib3)
[267月2026 23:42:10.676] [main/DEBUG] [mixin/]: FMLMixinPlatformAgent rejected container SecureJarResource(GraphLib3)
[267月2026 23:42:10.676] [main/DEBUG] [mixin/]: Processing prepare() for PlatformAgent[MixinPlatformAgentDefault:SecureJarResource(GraphLib3)]
[267月2026 23:42:10.676] [main/DEBUG] [mixin/]: inject() running with 24 agents
[267月2026 23:42:10.676] [main/DEBUG] [mixin/]: Processing inject() for PlatformAgent[MixinPlatformAgentDefault:ModLauncher Root Container(ModLauncher:4f56a0a2)]
[267月2026 23:42:10.676] [main/DEBUG] [mixin/]: Processing inject() for PlatformAgent[MixinPlatformAgentDefault:net.neoforged.fml.loading.mixin.FMLMixinContainerHandle@2a32fb6]
[267月2026 23:42:10.676] [main/DEBUG] [mixin/]: Processing inject() for PlatformAgent[FMLMixinPlatformAgent:null]
[267月2026 23:42:10.676] [main/DEBUG] [mixin/]: Processing inject() for PlatformAgent[MixinPlatformAgentDefault:SecureJarResource(mixin_synthetic)]
[267月2026 23:42:10.676] [main/DEBUG] [mixin/]: Processing inject() for PlatformAgent[MixinPlatformAgentDefault:SecureJarResource(minecraft)]
[267月2026 23:42:10.677] [main/DEBUG] [mixin/]: Processing inject() for PlatformAgent[MixinPlatformAgentDefault:SecureJarResource(guideme)]
[267月2026 23:42:10.677] [main/DEBUG] [mixin/]: Processing inject() for PlatformAgent[MixinPlatformAgentDefault:SecureJarResource(architectury)]
[267月2026 23:42:10.677] [main/DEBUG] [mixin/]: Processing inject() for PlatformAgent[MixinPlatformAgentDefault:SecureJarResource(modernui)]
[267月2026 23:42:10.677] [main/DEBUG] [mixin/]: Processing inject() for PlatformAgent[MixinPlatformAgentDefault:SecureJarResource(lightoverlay)]
[267月2026 23:42:10.677] [main/DEBUG] [mixin/]: Processing inject() for PlatformAgent[MixinPlatformAgentDefault:SecureJarResource(refurbished_furniture)]
[267月2026 23:42:10.677] [main/DEBUG] [mixin/]: Processing inject() for PlatformAgent[MixinPlatformAgentDefault:SecureJarResource(jei)]
[267月2026 23:42:10.677] [main/DEBUG] [mixin/]: Processing inject() for PlatformAgent[MixinPlatformAgentDefault:SecureJarResource(ae2)]
[267月2026 23:42:10.677] [main/DEBUG] [mixin/]: Processing inject() for PlatformAgent[MixinPlatformAgentDefault:SecureJarResource(enderio_modded_conduits)]
[267月2026 23:42:10.677] [main/DEBUG] [mixin/]: Processing inject() for PlatformAgent[MixinPlatformAgentDefault:SecureJarResource(commonnetworking)]
[267月2026 23:42:10.677] [main/DEBUG] [mixin/]: Processing inject() for PlatformAgent[MixinPlatformAgentDefault:SecureJarResource(framework)]
[267月2026 23:42:10.677] [main/DEBUG] [mixin/]: Processing inject() for PlatformAgent[MixinPlatformAgentDefault:SecureJarResource(rtsbuilding)]
[267月2026 23:42:10.677] [main/DEBUG] [mixin/]: Processing inject() for PlatformAgent[MixinPlatformAgentDefault:SecureJarResource(cloth_config)]
[267月2026 23:42:10.677] [main/DEBUG] [mixin/]: Processing inject() for PlatformAgent[MixinPlatformAgentDefault:SecureJarResource(mekanism)]
[267月2026 23:42:10.677] [main/DEBUG] [mixin/]: Processing inject() for PlatformAgent[MixinPlatformAgentDefault:SecureJarResource(mekanismgenerators)]
[267月2026 23:42:10.677] [main/DEBUG] [mixin/]: Processing inject() for PlatformAgent[MixinPlatformAgentDefault:SecureJarResource(enderio)]
[267月2026 23:42:10.677] [main/DEBUG] [mixin/]: Processing inject() for PlatformAgent[MixinPlatformAgentDefault:SecureJarResource(journeymap_api)]
[267月2026 23:42:10.677] [main/DEBUG] [mixin/]: Processing inject() for PlatformAgent[MixinPlatformAgentDefault:SecureJarResource(endercore)]
[267月2026 23:42:10.677] [main/DEBUG] [mixin/]: Processing inject() for PlatformAgent[MixinPlatformAgentDefault:SecureJarResource(journeymap)]
[267月2026 23:42:10.677] [main/DEBUG] [mixin/]: Processing inject() for PlatformAgent[MixinPlatformAgentDefault:SecureJarResource(mixinextras.neoforge)]
[267月2026 23:42:10.677] [main/DEBUG] [mixin/]: Processing inject() for PlatformAgent[MixinPlatformAgentDefault:SecureJarResource(GraphLib3)]
[267月2026 23:42:10.677] [main/INFO] [cpw.mods.modlauncher.LaunchServiceHandler/MODLAUNCHER]: Launching target 'forgeclientdev' with arguments [--version, 21.1.219, --gameDir, ., --assetsDir, C:\Users\28178\.gradle\caches\neoformruntime\assets, --assetIndex, 17]
[267月2026 23:42:10.819] [main/DEBUG] [mixin/]: Preparing mixins for MixinEnvironment[DEFAULT]
[267月2026 23:42:10.819] [main/DEBUG] [mixin/]: Selecting config guideme.optional.mixins.json
[267月2026 23:42:10.834] [main/DEBUG] [mixin/]: Selecting config architectury.mixins.json
[267月2026 23:42:10.847] [main/DEBUG] [mixin/]: Selecting config architectury-common.mixins.json
[267月2026 23:42:10.848] [main/DEBUG] [mixin/]: Selecting config mixins.modernui-neoforge.json
[267月2026 23:42:10.917] [main/DEBUG] [mixin/]: Selecting config mixins.modernui-textmc.json
[267月2026 23:42:10.920] [main/DEBUG] [mixin/]: Selecting config lightoverlay-neoforge.mixins.json
[267月2026 23:42:10.921] [main/DEBUG] [mixin/]: Selecting config refurbished_furniture.common.mixins.json
[267月2026 23:42:10.921] [main/WARN] [mixin/]: Reference map 'refurbished_furniture.refmap.json' for refurbished_furniture.common.mixins.json could not be read. If this is a development environment you can ignore this message
[267月2026 23:42:10.921] [main/DEBUG] [mixin/]: Selecting config ae2.mixins.json
[267月2026 23:42:10.923] [main/DEBUG] [mixin/]: Selecting config rtsbuilding.mixins.json
[267月2026 23:42:10.925] [main/DEBUG] [mixin/]: Selecting config enderio.mixins.json
[267月2026 23:42:10.925] [main/DEBUG] [mixin/]: Selecting config journeymap.mixins.json
[267月2026 23:42:10.925] [main/WARN] [mixin/]: Reference map 'journeymap-refmap.json' for journeymap.mixins.json could not be read. If this is a development environment you can ignore this message
[267月2026 23:42:10.925] [main/DEBUG] [mixin/]: Selecting config journeymap.neoforge.mixins.json
[267月2026 23:42:10.925] [main/DEBUG] [mixin/]: Selecting config neoforge.mixins.json
[267月2026 23:42:10.926] [main/DEBUG] [mixin/]: Selecting config mixinextras.init.mixins.json
[267月2026 23:42:11.028] [main/DEBUG] [MixinExtras|Service/]: com.llamalad7.mixinextras.service.MixinExtrasServiceImpl(version=0.5.0) is taking over from null
[267月2026 23:42:11.136] [main/DEBUG] [mixin/]: Registering new injector for @Inject with org.spongepowered.asm.mixin.injection.struct.CallbackInjectionInfo
[267月2026 23:42:11.138] [main/DEBUG] [mixin/]: Registering new injector for @ModifyArg with org.spongepowered.asm.mixin.injection.struct.ModifyArgInjectionInfo
[267月2026 23:42:11.140] [main/DEBUG] [mixin/]: Registering new injector for @ModifyArgs with org.spongepowered.asm.mixin.injection.struct.ModifyArgsInjectionInfo
[267月2026 23:42:11.142] [main/DEBUG] [mixin/]: Registering new injector for @Redirect with org.spongepowered.asm.mixin.injection.struct.RedirectInjectionInfo
[267月2026 23:42:11.144] [main/DEBUG] [mixin/]: Registering new injector for @ModifyVariable with org.spongepowered.asm.mixin.injection.struct.ModifyVariableInjectionInfo
[267月2026 23:42:11.147] [main/DEBUG] [mixin/]: Registering new injector for @ModifyConstant with org.spongepowered.asm.mixin.injection.struct.ModifyConstantInjectionInfo
[267月2026 23:42:11.161] [main/DEBUG] [mixin/]: Preparing guideme.optional.mixins.json (1)
[267月2026 23:42:11.213] [main/DEBUG] [mixin/]: @Mixin target guideme.internal.shaded.lucene.internal.vectorization.VectorizationProvider is public in guideme.optional.mixins.json:LuceneVectorizationMixin from mod guideme and should be specified in value
[267月2026 23:42:11.224] [main/DEBUG] [mixin/]: Preparing architectury.mixins.json (11)
[267月2026 23:42:11.299] [main/DEBUG] [mixin/]: Preparing architectury-common.mixins.json (9)
[267月2026 23:42:11.323] [main/DEBUG] [mixin/]: Preparing mixins.modernui-neoforge.json (20)
[267月2026 23:42:11.363] [main/DEBUG] [mixin/]: Preparing mixins.modernui-textmc.json (13)
[267月2026 23:42:11.384] [main/DEBUG] [mixin/]: Preparing lightoverlay-neoforge.mixins.json (3)
[267月2026 23:42:11.387] [main/DEBUG] [mixin/]: Preparing refurbished_furniture.common.mixins.json (12)
[267月2026 23:42:11.420] [main/DEBUG] [mixin/]: Preparing ae2.mixins.json (16)
[267月2026 23:42:11.463] [main/DEBUG] [mixin/]: Preparing rtsbuilding.mixins.json (4)
[267月2026 23:42:11.466] [main/WARN] [mixin/]: Error loading class: ironfurnaces/container/furnaces/BlockIronFurnaceContainerBase (java.lang.ClassNotFoundException: ironfurnaces.container.furnaces.BlockIronFurnaceContainerBase)
[267月2026 23:42:11.466] [main/DEBUG] [mixin/]: Skipping virtual target ironfurnaces.container.furnaces.BlockIronFurnaceContainerBase for rtsbuilding.mixins.json:ModdedRemoteStillValidMixin from mod rtsbuilding
[267月2026 23:42:11.466] [main/WARN] [mixin/]: Error loading class: ironfurnaces/container/BlockWirelessEnergyHeaterContainerBase (java.lang.ClassNotFoundException: ironfurnaces.container.BlockWirelessEnergyHeaterContainerBase)
[267月2026 23:42:11.467] [main/DEBUG] [mixin/]: Skipping virtual target ironfurnaces.container.BlockWirelessEnergyHeaterContainerBase for rtsbuilding.mixins.json:ModdedRemoteStillValidMixin from mod rtsbuilding
[267月2026 23:42:11.467] [main/WARN] [mixin/]: Error loading class: cy/jdkdigital/generatorgalore/common/container/GeneratorMenu (java.lang.ClassNotFoundException: cy.jdkdigital.generatorgalore.common.container.GeneratorMenu)
[267月2026 23:42:11.467] [main/DEBUG] [mixin/]: Skipping virtual target cy.jdkdigital.generatorgalore.common.container.GeneratorMenu for rtsbuilding.mixins.json:ModdedRemoteStillValidMixin from mod rtsbuilding
[267月2026 23:42:11.468] [main/WARN] [mixin/]: Error loading class: net/p3pp3rf1y/sophisticatedstorage/common/gui/StorageContainerMenu (java.lang.ClassNotFoundException: net.p3pp3rf1y.sophisticatedstorage.common.gui.StorageContainerMenu)
[267月2026 23:42:11.468] [main/DEBUG] [mixin/]: Skipping virtual target net.p3pp3rf1y.sophisticatedstorage.common.gui.StorageContainerMenu for rtsbuilding.mixins.json:ModdedRemoteStillValidMixin from mod rtsbuilding
[267月2026 23:42:11.473] [main/DEBUG] [mixin/]: Preparing enderio.mixins.json (5)
[267月2026 23:42:11.482] [main/DEBUG] [mixin/]: Preparing journeymap.mixins.json (25)
[267月2026 23:42:11.505] [main/DEBUG] [mixin/]: Preparing journeymap.neoforge.mixins.json (2)
[267月2026 23:42:11.508] [main/DEBUG] [mixin/]: Preparing neoforge.mixins.json (2)
[267月2026 23:42:11.510] [main/DEBUG] [mixin/]: Preparing mixinextras.init.mixins.json (0)
[267月2026 23:42:11.554] [main/DEBUG] [mixin/]: Prepared 120 mixins in 0.732 sec (6.1ms avg) (0ms load, 0ms transform, 0ms plugin)
[267月2026 23:42:11.568] [main/INFO] [MixinExtras|Service/]: Initializing MixinExtras via com.llamalad7.mixinextras.service.MixinExtrasServiceImpl(version=0.5.0).
[267月2026 23:42:11.573] [main/DEBUG] [mixin/]: Registering new injector for @SugarWrapper with com.llamalad7.mixinextras.sugar.impl.SugarWrapperInjectionInfo
[267月2026 23:42:11.573] [main/DEBUG] [mixin/]: Registering new injector for @FactoryRedirectWrapper with com.llamalad7.mixinextras.wrapper.factory.FactoryRedirectWrapperInjectionInfo
[267月2026 23:42:11.574] [main/DEBUG] [mixin/]: Registering new injector for @ExpressionInjectorWrapper with com.llamalad7.mixinextras.expression.impl.wrapper.ExpressionInjectorWrapperInjectionInfo
[267月2026 23:42:11.625] [main/DEBUG] [mixin/]: Mixing GuiGraphicsMixin from ae2.mixins.json into net.minecraft.client.gui.GuiGraphics
[267月2026 23:42:11.632] [main/DEBUG] [mixin/]: ae2.mixins.json:GuiGraphicsMixin from mod ae2: Class version 65 required is higher than the class version supported by the current version of Mixin (JAVA_11 supports class version 55)
[267月2026 23:42:11.772] [main/DEBUG] [mixin/]: ae2.mixins.json:GuiGraphicsMixin from mod ae2->@Inject::renderGuiItem(Lnet/minecraft/world/entity/LivingEntity;Lnet/minecraft/world/level/Level;Lnet/minecraft/world/item/ItemStack;IIIILorg/spongepowered/asm/mixin/injection/callback/CallbackInfo;)V does use it's CallbackInfo
[267月2026 23:42:11.800] [main/DEBUG] [mixin/]: Mixing MixinMinecraft from mixins.modernui-neoforge.json into net.minecraft.client.Minecraft
[267月2026 23:42:11.802] [main/DEBUG] [mixin/]: mixins.modernui-neoforge.json:MixinMinecraft from mod modernui: Class version 65 required is higher than the class version supported by the current version of Mixin (JAVA_17 supports class version 61)
[267月2026 23:42:11.818] [main/DEBUG] [mixin/]: Mixing MixinMinecraft from architectury.mixins.json into net.minecraft.client.Minecraft
[267月2026 23:42:11.818] [main/DEBUG] [mixin/]: architectury.mixins.json:MixinMinecraft from mod architectury: Class version 65 required is higher than the class version supported by the current version of Mixin (JAVA_16 supports class version 60)
[267月2026 23:42:11.819] [main/DEBUG] [mixin/]: Mixing PickColorMixin from ae2.mixins.json into net.minecraft.client.Minecraft
[267月2026 23:42:11.821] [main/DEBUG] [mixin/]: ae2.mixins.json:PickColorMixin from mod ae2: Class version 65 required is higher than the class version supported by the current version of Mixin (JAVA_11 supports class version 55)
[267月2026 23:42:11.831] [main/DEBUG] [mixin/]: Mixing client.MinecraftMixin from journeymap.mixins.json into net.minecraft.client.Minecraft
[267月2026 23:42:11.831] [main/DEBUG] [mixin/]: journeymap.mixins.json:client.MinecraftMixin from mod journeymap: Class version 65 required is higher than the class version supported by the current version of Mixin (JAVA_17 supports class version 61)
[267月2026 23:42:11.892] [main/DEBUG] [mixin/]: mixins.modernui-neoforge.json:MixinMinecraft from mod modernui->@Inject::onSetScreen(Lnet/minecraft/client/gui/screens/Screen;Lorg/spongepowered/asm/mixin/injection/callback/CallbackInfo;)V doesn't use it's CallbackInfo
[267月2026 23:42:11.892] [main/DEBUG] [mixin/]: mixins.modernui-neoforge.json:MixinMinecraft from mod modernui->@Inject::onSetScreen(Lnet/minecraft/client/gui/screens/Screen;Lorg/spongepowered/asm/mixin/injection/callback/CallbackInfo;)V has 0 override(s) in child classes
[267月2026 23:42:11.892] [main/DEBUG] [mixin/]: mixins.modernui-neoforge.json:MixinMinecraft from mod modernui->@Inject::onSetScreen(Lnet/minecraft/client/gui/screens/Screen;Lorg/spongepowered/asm/mixin/injection/callback/CallbackInfo;)V won't be passed a CallbackInfo as a result
[267月2026 23:42:11.892] [main/DEBUG] [mixin/]: mixins.modernui-neoforge.json:MixinMinecraft from mod modernui->@Inject::onGameLoadFinished(Ljava/lang/Object;Lorg/spongepowered/asm/mixin/injection/callback/CallbackInfo;)V doesn't use it's CallbackInfo
[267月2026 23:42:11.892] [main/DEBUG] [mixin/]: mixins.modernui-neoforge.json:MixinMinecraft from mod modernui->@Inject::onGameLoadFinished(Ljava/lang/Object;Lorg/spongepowered/asm/mixin/injection/callback/CallbackInfo;)V has 0 override(s) in child classes
[267月2026 23:42:11.892] [main/DEBUG] [mixin/]: mixins.modernui-neoforge.json:MixinMinecraft from mod modernui->@Inject::onGameLoadFinished(Ljava/lang/Object;Lorg/spongepowered/asm/mixin/injection/callback/CallbackInfo;)V won't be passed a CallbackInfo as a result
[267月2026 23:42:11.896] [main/DEBUG] [mixin/]: mixins.modernui-neoforge.json:MixinMinecraft from mod modernui->@Inject::onAllowsTelemetry(Lorg/spongepowered/asm/mixin/injection/callback/CallbackInfoReturnable;)V does use it's CallbackInfoReturnable
[267月2026 23:42:11.897] [main/DEBUG] [mixin/]: mixins.modernui-neoforge.json:MixinMinecraft from mod modernui->@Inject::onGetFramerateLimit(Lorg/spongepowered/asm/mixin/injection/callback/CallbackInfoReturnable;)V does use it's CallbackInfoReturnable
[267月2026 23:42:11.897] [main/DEBUG] [mixin/]: mixins.modernui-neoforge.json:MixinMinecraft from mod modernui->@Inject::onClose(Lorg/spongepowered/asm/mixin/injection/callback/CallbackInfo;)V doesn't use it's CallbackInfo
[267月2026 23:42:11.897] [main/DEBUG] [mixin/]: mixins.modernui-neoforge.json:MixinMinecraft from mod modernui->@Inject::onClose(Lorg/spongepowered/asm/mixin/injection/callback/CallbackInfo;)V has 0 override(s) in child classes
[267月2026 23:42:11.897] [main/DEBUG] [mixin/]: mixins.modernui-neoforge.json:MixinMinecraft from mod modernui->@Inject::onClose(Lorg/spongepowered/asm/mixin/injection/callback/CallbackInfo;)V won't be passed a CallbackInfo as a result
[267月2026 23:42:11.897] [main/DEBUG] [mixin/]: architectury.mixins.json:MixinMinecraft from mod architectury->@Inject::onStart(Lorg/spongepowered/asm/mixin/injection/callback/CallbackInfo;)V doesn't use it's CallbackInfo
[267月2026 23:42:11.897] [main/DEBUG] [mixin/]: architectury.mixins.json:MixinMinecraft from mod architectury->@Inject::onStart(Lorg/spongepowered/asm/mixin/injection/callback/CallbackInfo;)V has 0 override(s) in child classes
[267月2026 23:42:11.897] [main/DEBUG] [mixin/]: architectury.mixins.json:MixinMinecraft from mod architectury->@Inject::onStart(Lorg/spongepowered/asm/mixin/injection/callback/CallbackInfo;)V won't be passed a CallbackInfo as a result
[267月2026 23:42:11.897] [main/DEBUG] [mixin/]: architectury.mixins.json:MixinMinecraft from mod architectury->@Inject::onStopping(Lorg/spongepowered/asm/mixin/injection/callback/CallbackInfo;)V doesn't use it's CallbackInfo
[267月2026 23:42:11.898] [main/DEBUG] [mixin/]: architectury.mixins.json:MixinMinecraft from mod architectury->@Inject::onStopping(Lorg/spongepowered/asm/mixin/injection/callback/CallbackInfo;)V has 0 override(s) in child classes
[267月2026 23:42:11.898] [main/DEBUG] [mixin/]: architectury.mixins.json:MixinMinecraft from mod architectury->@Inject::onStopping(Lorg/spongepowered/asm/mixin/injection/callback/CallbackInfo;)V won't be passed a CallbackInfo as a result
[267月2026 23:42:11.898] [main/DEBUG] [mixin/]: ae2.mixins.json:PickColorMixin from mod ae2->@Inject::pickColor(Lorg/spongepowered/asm/mixin/injection/callback/CallbackInfo;)V does use it's CallbackInfo
[267月2026 23:42:11.898] [main/DEBUG] [mixin/]: journeymap.mixins.json:client.MinecraftMixin from mod journeymap->@Inject::journeymap_onGameLoadFinishedMixin(Lnet/minecraft/client/Minecraft$GameLoadCookie;Lorg/spongepowered/asm/mixin/injection/callback/CallbackInfo;)V doesn't use it's CallbackInfo
[267月2026 23:42:11.898] [main/DEBUG] [mixin/]: journeymap.mixins.json:client.MinecraftMixin from mod journeymap->@Inject::journeymap_onGameLoadFinishedMixin(Lnet/minecraft/client/Minecraft$GameLoadCookie;Lorg/spongepowered/asm/mixin/injection/callback/CallbackInfo;)V has 0 override(s) in child classes
[267月2026 23:42:11.898] [main/DEBUG] [mixin/]: journeymap.mixins.json:client.MinecraftMixin from mod journeymap->@Inject::journeymap_onGameLoadFinishedMixin(Lnet/minecraft/client/Minecraft$GameLoadCookie;Lorg/spongepowered/asm/mixin/injection/callback/CallbackInfo;)V won't be passed a CallbackInfo as a result
[267月2026 23:42:12.432] [main/DEBUG] [io.netty.util.internal.logging.InternalLoggerFactory/]: Using SLF4J as the default logging framework
[267月2026 23:42:12.446] [main/DEBUG] [io.netty.util.ResourceLeakDetector/]: -Dio.netty.leakDetection.level: simple
[267月2026 23:42:12.446] [main/DEBUG] [io.netty.util.ResourceLeakDetector/]: -Dio.netty.leakDetection.targetRecords: 4
[267月2026 23:42:12.497] [main/DEBUG] [mixin/]: Mixing client.TranslatableContentsMixin from journeymap.mixins.json into net.minecraft.network.chat.contents.TranslatableContents
[267月2026 23:42:12.498] [main/DEBUG] [mixin/]: journeymap.mixins.json:client.TranslatableContentsMixin from mod journeymap: Class version 65 required is higher than the class version supported by the current version of Mixin (JAVA_17 supports class version 61)
[267月2026 23:42:12.500] [main/DEBUG] [mixin/]: journeymap.mixins.json:client.TranslatableContentsMixin from mod journeymap->@Inject::journeymap_getArguments(ILorg/spongepowered/asm/mixin/injection/callback/CallbackInfoReturnable;)V does use it's CallbackInfoReturnable
[267月2026 23:42:12.605] [main/DEBUG] [mixin/]: Mixing MixinFormattedCharSequence from mixins.modernui-textmc.json into net.minecraft.util.FormattedCharSequence
[267月2026 23:42:12.605] [main/DEBUG] [mixin/]: mixins.modernui-textmc.json:MixinFormattedCharSequence from mod modernui: Class version 65 required is higher than the class version supported by the current version of Mixin (JAVA_17 supports class version 61)
[267月2026 23:42:13.653] [main/DEBUG] [oshi.util.FileUtil/]: No oshi.properties file found from ClassLoader cpw.mods.modlauncher.TransformingClassLoader@43f0c2d1
[267月2026 23:42:13.971] [Datafixer Bootstrap/INFO] [com.mojang.datafixers.DataFixerBuilder/]: 229 Datafixer optimizations took 348 milliseconds
[267月2026 23:42:14.097] [main/DEBUG] [oshi.util.FileUtil/]: No oshi.architecture.properties file found from ClassLoader cpw.mods.modlauncher.TransformingClassLoader@43f0c2d1
[267月2026 23:42:14.175] [pool-24-thread-1/DEBUG] [mixin/]: Mixing MappedRegistryAccessor from neoforge.mixins.json into net.minecraft.core.MappedRegistry
[267月2026 23:42:14.258] [pool-24-thread-1/DEBUG] [mixin/]: Mixing inject.MixinBlock from architectury-common.mixins.json into net.minecraft.world.level.block.Block
[267月2026 23:42:14.260] [pool-24-thread-1/DEBUG] [mixin/]: architectury-common.mixins.json:inject.MixinBlock from mod architectury: Class version 65 required is higher than the class version supported by the current version of Mixin (JAVA_16 supports class version 60)
[267月2026 23:42:14.294] [pool-24-thread-1/DEBUG] [mixin/]: Mixing EntityAccessor from refurbished_furniture.common.mixins.json into net.minecraft.world.entity.Entity
[267月2026 23:42:14.294] [pool-24-thread-1/DEBUG] [mixin/]: Mixing EntityMixin from refurbished_furniture.common.mixins.json into net.minecraft.world.entity.Entity
[267月2026 23:42:14.302] [pool-24-thread-1/DEBUG] [mixin/]: refurbished_furniture.common.mixins.json:EntityMixin from mod refurbished_furniture->@Inject::refurbishedFurnitureJumpFactor(Lorg/spongepowered/asm/mixin/injection/callback/CallbackInfoReturnable;)V does use it's CallbackInfoReturnable
[267月2026 23:42:14.321] [pool-24-thread-1/DEBUG] [mixin/]: Mixing PlayerMixin from enderio.mixins.json into net.minecraft.world.entity.player.Player
[267月2026 23:42:14.322] [pool-24-thread-1/DEBUG] [mixin/]: enderio.mixins.json:PlayerMixin from mod enderio: Class version 65 required is higher than the class version supported by the current version of Mixin (JAVA_17 supports class version 61)
[267月2026 23:42:14.336] [pool-24-thread-1/DEBUG] [mixin/]: Mixing LivingEntityMixin from refurbished_furniture.common.mixins.json into net.minecraft.world.entity.LivingEntity
[267月2026 23:42:14.339] [pool-24-thread-1/DEBUG] [mixin/]: refurbished_furniture.common.mixins.json:LivingEntityMixin from mod refurbished_furniture->@Inject::refurbishedFurnitureOnJump(Lorg/spongepowered/asm/mixin/injection/callback/CallbackInfo;)V doesn't use it's CallbackInfo
[267月2026 23:42:14.339] [pool-24-thread-1/DEBUG] [mixin/]: refurbished_furniture.common.mixins.json:LivingEntityMixin from mod refurbished_furniture->@Inject::refurbishedFurnitureOnJump(Lorg/spongepowered/asm/mixin/injection/callback/CallbackInfo;)V has 0 override(s) in child classes
[267月2026 23:42:14.339] [pool-24-thread-1/DEBUG] [mixin/]: refurbished_furniture.common.mixins.json:LivingEntityMixin from mod refurbished_furniture->@Inject::refurbishedFurnitureOnJump(Lorg/spongepowered/asm/mixin/injection/callback/CallbackInfo;)V won't be passed a CallbackInfo as a result
[267月2026 23:42:14.357] [pool-24-thread-1/DEBUG] [mixin/]: Mixing ItemEntityMixin from ae2.mixins.json into net.minecraft.world.entity.item.ItemEntity
[267月2026 23:42:14.357] [pool-24-thread-1/DEBUG] [mixin/]: ae2.mixins.json:ItemEntityMixin from mod ae2: Class version 65 required is higher than the class version supported by the current version of Mixin (JAVA_11 supports class version 55)
[267月2026 23:42:14.357] [pool-24-thread-1/DEBUG] [mixin/]: Renaming synthetic method lambda$handleEntityTransform$0(Lnet/minecraft/world/level/material/FluidState;Lappeng/recipes/transform/TransformCircumstance;)Z to md8d9766$ae2$lambda$handleEntityTransform$0$0 in ae2.mixins.json:ItemEntityMixin from mod ae2
[267月2026 23:42:14.374] [pool-24-thread-1/DEBUG] [mixin/]: ae2.mixins.json:ItemEntityMixin from mod ae2->@Inject::handleExplosion(Lnet/minecraft/world/damagesource/DamageSource;FLorg/spongepowered/asm/mixin/injection/callback/CallbackInfoReturnable;)V does use it's CallbackInfoReturnable
[267月2026 23:42:14.375] [pool-24-thread-1/DEBUG] [mixin/]: ae2.mixins.json:ItemEntityMixin from mod ae2->@Inject::handleEntityTransform(Lorg/spongepowered/asm/mixin/injection/callback/CallbackInfo;)V doesn't use it's CallbackInfo
[267月2026 23:42:14.375] [pool-24-thread-1/DEBUG] [mixin/]: ae2.mixins.json:ItemEntityMixin from mod ae2->@Inject::handleEntityTransform(Lorg/spongepowered/asm/mixin/injection/callback/CallbackInfo;)V has 0 override(s) in child classes
[267月2026 23:42:14.375] [pool-24-thread-1/DEBUG] [mixin/]: ae2.mixins.json:ItemEntityMixin from mod ae2->@Inject::handleEntityTransform(Lorg/spongepowered/asm/mixin/injection/callback/CallbackInfo;)V won't be passed a CallbackInfo as a result
[267月2026 23:42:14.375] [pool-24-thread-1/DEBUG] [mixin/]: ae2.mixins.json:ItemEntityMixin from mod ae2->@Inject::handleEntityTransform(Lorg/spongepowered/asm/mixin/injection/callback/CallbackInfo;)V doesn't use it's CallbackInfo
[267月2026 23:42:14.375] [pool-24-thread-1/DEBUG] [mixin/]: ae2.mixins.json:ItemEntityMixin from mod ae2->@Inject::handleEntityTransform(Lorg/spongepowered/asm/mixin/injection/callback/CallbackInfo;)V has 0 override(s) in child classes
[267月2026 23:42:14.375] [pool-24-thread-1/DEBUG] [mixin/]: ae2.mixins.json:ItemEntityMixin from mod ae2->@Inject::handleEntityTransform(Lorg/spongepowered/asm/mixin/injection/callback/CallbackInfo;)V won't be passed a CallbackInfo as a result
[267月2026 23:42:14.380] [pool-24-thread-1/DEBUG] [mixin/]: Mixing LevelMixin from refurbished_furniture.common.mixins.json into net.minecraft.world.level.Level
[267月2026 23:42:14.386] [pool-24-thread-1/DEBUG] [mixin/]: refurbished_furniture.common.mixins.json:LevelMixin from mod refurbished_furniture->@Inject::refurbishedFurniture$TickBlockEntitiesHead(Lorg/spongepowered/asm/mixin/injection/callback/CallbackInfo;)V doesn't use it's CallbackInfo
[267月2026 23:42:14.386] [pool-24-thread-1/DEBUG] [mixin/]: refurbished_furniture.common.mixins.json:LevelMixin from mod refurbished_furniture->@Inject::refurbishedFurniture$TickBlockEntitiesHead(Lorg/spongepowered/asm/mixin/injection/callback/CallbackInfo;)V has 0 override(s) in child classes
[267月2026 23:42:14.386] [pool-24-thread-1/DEBUG] [mixin/]: refurbished_furniture.common.mixins.json:LevelMixin from mod refurbished_furniture->@Inject::refurbishedFurniture$TickBlockEntitiesHead(Lorg/spongepowered/asm/mixin/injection/callback/CallbackInfo;)V won't be passed a CallbackInfo as a result
[267月2026 23:42:14.415] [pool-24-thread-1/DEBUG] [mixin/]: Mixing ServerLevelMixin from refurbished_furniture.common.mixins.json into net.minecraft.server.level.ServerLevel
[267月2026 23:42:14.732] [pool-24-thread-1/DEBUG] [mixin/]: Mixing neoforge.LiquidBlockAccessor from architectury.mixins.json into net.minecraft.world.level.block.LiquidBlock
[267月2026 23:42:14.732] [pool-24-thread-1/DEBUG] [mixin/]: architectury.mixins.json:neoforge.LiquidBlockAccessor from mod architectury: Class version 65 required is higher than the class version supported by the current version of Mixin (JAVA_16 supports class version 60)
[267月2026 23:42:14.732] [pool-24-thread-1/DEBUG] [mixin/]: Mixing inject.MixinLiquidBlock from architectury-common.mixins.json into net.minecraft.world.level.block.LiquidBlock
[267月2026 23:42:14.732] [pool-24-thread-1/DEBUG] [mixin/]: architectury-common.mixins.json:inject.MixinLiquidBlock from mod architectury: Class version 65 required is higher than the class version supported by the current version of Mixin (JAVA_16 supports class version 60)
[267月2026 23:42:14.732] [pool-24-thread-1/DEBUG] [mixin/]: Mixing client.LiquidBlockAccessor from journeymap.mixins.json into net.minecraft.world.level.block.LiquidBlock
[267月2026 23:42:14.732] [pool-24-thread-1/DEBUG] [mixin/]: journeymap.mixins.json:client.LiquidBlockAccessor from mod journeymap: Class version 65 required is higher than the class version supported by the current version of Mixin (JAVA_17 supports class version 61)
[267月2026 23:42:14.733] [pool-24-thread-1/DEBUG] [mixin/]: Unexpected: Registered method getFluid()Lnet/minecraft/world/level/material/FlowingFluid; in net.minecraft.world.level.block.LiquidBlock was not merged
[267月2026 23:42:14.882] [pool-24-thread-1/DEBUG] [mixin/]: Mixing inject.MixinEntityType from architectury-common.mixins.json into net.minecraft.world.entity.EntityType
[267月2026 23:42:14.882] [pool-24-thread-1/DEBUG] [mixin/]: architectury-common.mixins.json:inject.MixinEntityType from mod architectury: Class version 65 required is higher than the class version supported by the current version of Mixin (JAVA_16 supports class version 60)
[267月2026 23:42:14.917] [pool-24-thread-1/DEBUG] [mixin/]: Mixing inject.MixinFluid from architectury-common.mixins.json into net.minecraft.world.level.material.Fluid
[267月2026 23:42:14.917] [pool-24-thread-1/DEBUG] [mixin/]: architectury-common.mixins.json:inject.MixinFluid from mod architectury: Class version 65 required is higher than the class version supported by the current version of Mixin (JAVA_16 supports class version 60)
[267月2026 23:42:14.970] [pool-24-thread-1/DEBUG] [mixin/]: Mixing BlockEntityMixin from refurbished_furniture.common.mixins.json into net.minecraft.world.level.block.entity.BlockEntity
[267月2026 23:42:14.971] [pool-24-thread-1/DEBUG] [mixin/]: refurbished_furniture.common.mixins.json:BlockEntityMixin from mod refurbished_furniture->@Inject::refurbishedFurniture$SetLevelTail(Lnet/minecraft/world/level/Level;Lorg/spongepowered/asm/mixin/injection/callback/CallbackInfo;)V doesn't use it's CallbackInfo
[267月2026 23:42:14.971] [pool-24-thread-1/DEBUG] [mixin/]: refurbished_furniture.common.mixins.json:BlockEntityMixin from mod refurbished_furniture->@Inject::refurbishedFurniture$SetLevelTail(Lnet/minecraft/world/level/Level;Lorg/spongepowered/asm/mixin/injection/callback/CallbackInfo;)V has 0 override(s) in child classes
[267月2026 23:42:14.971] [pool-24-thread-1/DEBUG] [mixin/]: refurbished_furniture.common.mixins.json:BlockEntityMixin from mod refurbished_furniture->@Inject::refurbishedFurniture$SetLevelTail(Lnet/minecraft/world/level/Level;Lorg/spongepowered/asm/mixin/injection/callback/CallbackInfo;)V won't be passed a CallbackInfo as a result
[267月2026 23:42:14.974] [pool-24-thread-1/DEBUG] [mixin/]: Mixing MixinFallingBlockEntity from architectury.mixins.json into net.minecraft.world.entity.item.FallingBlockEntity
[267月2026 23:42:14.974] [pool-24-thread-1/DEBUG] [mixin/]: architectury.mixins.json:MixinFallingBlockEntity from mod architectury: Class version 65 required is higher than the class version supported by the current version of Mixin (JAVA_16 supports class version 60)
[267月2026 23:42:14.985] [pool-24-thread-1/DEBUG] [mixin/]: architectury.mixins.json:MixinFallingBlockEntity from mod architectury->@Inject::handleLand(Lorg/spongepowered/asm/mixin/injection/callback/CallbackInfo;Lnet/minecraft/world/level/block/Block;Lnet/minecraft/core/BlockPos;ZZDLnet/minecraft/world/level/block/state/BlockState;)V doesn't use it's CallbackInfo
[267月2026 23:42:14.985] [pool-24-thread-1/DEBUG] [mixin/]: architectury.mixins.json:MixinFallingBlockEntity from mod architectury->@Inject::handleLand(Lorg/spongepowered/asm/mixin/injection/callback/CallbackInfo;Lnet/minecraft/world/level/block/Block;Lnet/minecraft/core/BlockPos;ZZDLnet/minecraft/world/level/block/state/BlockState;)V has 0 override(s) in child classes
[267月2026 23:42:14.985] [pool-24-thread-1/DEBUG] [mixin/]: architectury.mixins.json:MixinFallingBlockEntity from mod architectury->@Inject::handleLand(Lorg/spongepowered/asm/mixin/injection/callback/CallbackInfo;Lnet/minecraft/world/level/block/Block;Lnet/minecraft/core/BlockPos;ZZDLnet/minecraft/world/level/block/state/BlockState;)V won't be passed a CallbackInfo as a result
[267月2026 23:42:15.244] [pool-24-thread-1/DEBUG] [mixin/]: Mixing MixinChatFormatting from mixins.modernui-neoforge.json into net.minecraft.ChatFormatting
[267月2026 23:42:15.245] [pool-24-thread-1/DEBUG] [mixin/]: mixins.modernui-neoforge.json:MixinChatFormatting from mod modernui: Class version 65 required is higher than the class version supported by the current version of Mixin (JAVA_17 supports class version 61)
[267月2026 23:42:15.397] [pool-24-thread-1/DEBUG] [mixin/]: Mixing BlockEntityTypeAccessor from neoforge.mixins.json into net.minecraft.world.level.block.entity.BlockEntityType
[267月2026 23:42:15.703] [pool-24-thread-1/DEBUG] [mixin/]: Mixing client.BiomeInvoker from journeymap.mixins.json into net.minecraft.world.level.biome.Biome
[267月2026 23:42:15.703] [pool-24-thread-1/DEBUG] [mixin/]: journeymap.mixins.json:client.BiomeInvoker from mod journeymap: Class version 65 required is higher than the class version supported by the current version of Mixin (JAVA_17 supports class version 61)
[267月2026 23:42:15.726] [pool-24-thread-1/DEBUG] [mixin/]: Mixing ChestMenuMixin from rtsbuilding.mixins.json into net.minecraft.world.inventory.ChestMenu
[267月2026 23:42:15.741] [pool-24-thread-1/DEBUG] [mixin/]: rtsbuilding.mixins.json:ChestMenuMixin from mod rtsbuilding->@Inject::rtsbuilding$forceRemoteStillValid(Lnet/minecraft/world/entity/player/Player;Lorg/spongepowered/asm/mixin/injection/callback/CallbackInfoReturnable;)V does use it's CallbackInfoReturnable
[267月2026 23:42:15.791] [pool-24-thread-1/DEBUG] [mixin/]: Mixing AnvilMenuMixin from ae2.mixins.json into net.minecraft.world.inventory.AnvilMenu
[267月2026 23:42:15.791] [pool-24-thread-1/DEBUG] [mixin/]: ae2.mixins.json:AnvilMenuMixin from mod ae2: Class version 65 required is higher than the class version supported by the current version of Mixin (JAVA_11 supports class version 55)
[267月2026 23:42:16.732] [pool-24-thread-1/DEBUG] [mixin/]: Mixing inject.MixinItem from architectury-common.mixins.json into net.minecraft.world.item.Item
[267月2026 23:42:16.733] [pool-24-thread-1/DEBUG] [mixin/]: architectury-common.mixins.json:inject.MixinItem from mod architectury: Class version 65 required is higher than the class version supported by the current version of Mixin (JAVA_16 supports class version 60)
[267月2026 23:42:16.736] [pool-24-thread-1/DEBUG] [mixin/]: architectury-common.mixins.json:inject.MixinItem from mod architectury->@Inject::init(Lnet/minecraft/world/item/Item$Properties;Lorg/spongepowered/asm/mixin/injection/callback/CallbackInfo;)V doesn't use it's CallbackInfo
[267月2026 23:42:16.736] [pool-24-thread-1/DEBUG] [mixin/]: architectury-common.mixins.json:inject.MixinItem from mod architectury->@Inject::init(Lnet/minecraft/world/item/Item$Properties;Lorg/spongepowered/asm/mixin/injection/callback/CallbackInfo;)V has 0 override(s) in child classes
[267月2026 23:42:16.736] [pool-24-thread-1/DEBUG] [mixin/]: architectury-common.mixins.json:inject.MixinItem from mod architectury->@Inject::init(Lnet/minecraft/world/item/Item$Properties;Lorg/spongepowered/asm/mixin/injection/callback/CallbackInfo;)V won't be passed a CallbackInfo as a result
[267月2026 23:42:16.753] [pool-24-thread-1/DEBUG] [mixin/]: Mixing neoforge.MixinBucketItem from architectury.mixins.json into net.minecraft.world.item.BucketItem
[267月2026 23:42:16.753] [pool-24-thread-1/DEBUG] [mixin/]: architectury.mixins.json:neoforge.MixinBucketItem from mod architectury: Class version 65 required is higher than the class version supported by the current version of Mixin (JAVA_16 supports class version 60)
[267月2026 23:42:16.754] [pool-24-thread-1/DEBUG] [mixin/]: Mixing neoforge.BucketItemAccessor from architectury.mixins.json into net.minecraft.world.item.BucketItem
[267月2026 23:42:16.754] [pool-24-thread-1/DEBUG] [mixin/]: architectury.mixins.json:neoforge.BucketItemAccessor from mod architectury: Class version 65 required is higher than the class version supported by the current version of Mixin (JAVA_16 supports class version 60)
[267月2026 23:42:16.754] [pool-24-thread-1/DEBUG] [mixin/]: Mixing inject.MixinBucketItem from architectury-common.mixins.json into net.minecraft.world.item.BucketItem
[267月2026 23:42:16.754] [pool-24-thread-1/DEBUG] [mixin/]: architectury-common.mixins.json:inject.MixinBucketItem from mod architectury: Class version 65 required is higher than the class version supported by the current version of Mixin (JAVA_16 supports class version 60)
[267月2026 23:42:16.756] [pool-24-thread-1/DEBUG] [mixin/]: architectury.mixins.json:neoforge.MixinBucketItem from mod architectury->@Inject::fillBucket(Lnet/minecraft/world/level/Level;Lnet/minecraft/world/entity/player/Player;Lnet/minecraft/world/InteractionHand;Lorg/spongepowered/asm/mixin/injection/callback/CallbackInfoReturnable;Lnet/minecraft/world/item/ItemStack;Lnet/minecraft/world/phys/BlockHitResult;)V does use it's CallbackInfoReturnable
[267月2026 23:42:16.804] [pool-24-thread-1/DEBUG] [mixin/]: Mixing inject.MixinItemProperties from architectury-common.mixins.json into net.minecraft.world.item.Item$Properties
[267月2026 23:42:16.805] [pool-24-thread-1/DEBUG] [mixin/]: architectury-common.mixins.json:inject.MixinItemProperties from mod architectury: Class version 65 required is higher than the class version supported by the current version of Mixin (JAVA_16 supports class version 60)
[267月2026 23:42:16.843] [pool-24-thread-1/DEBUG] [io.netty.util.internal.PlatformDependent0/]: -Dio.netty.noUnsafe: false
[267月2026 23:42:16.843] [pool-24-thread-1/DEBUG] [io.netty.util.internal.PlatformDependent0/]: Java version: 21
[267月2026 23:42:16.844] [pool-24-thread-1/DEBUG] [io.netty.util.internal.PlatformDependent0/]: sun.misc.Unsafe.theUnsafe: available
[267月2026 23:42:16.845] [pool-24-thread-1/DEBUG] [io.netty.util.internal.PlatformDependent0/]: sun.misc.Unsafe.copyMemory: available
[267月2026 23:42:16.845] [pool-24-thread-1/DEBUG] [io.netty.util.internal.PlatformDependent0/]: sun.misc.Unsafe.storeFence: available
[267月2026 23:42:16.846] [pool-24-thread-1/DEBUG] [io.netty.util.internal.PlatformDependent0/]: java.nio.Buffer.address: available
[267月2026 23:42:16.846] [pool-24-thread-1/DEBUG] [io.netty.util.internal.PlatformDependent0/]: direct buffer constructor: unavailable: Reflective setAccessible(true) disabled
[267月2026 23:42:16.847] [pool-24-thread-1/DEBUG] [io.netty.util.internal.PlatformDependent0/]: java.nio.Bits.unaligned: available, true
[267月2026 23:42:16.848] [pool-24-thread-1/DEBUG] [io.netty.util.internal.PlatformDependent0/]: jdk.internal.misc.Unsafe.allocateUninitializedArray(int): unavailable: class io.netty.util.internal.PlatformDependent0$7 (in module io.netty.common) cannot access class jdk.internal.misc.Unsafe (in module java.base) because module java.base does not export jdk.internal.misc to module io.netty.common
[267月2026 23:42:16.848] [pool-24-thread-1/DEBUG] [io.netty.util.internal.PlatformDependent0/]: java.nio.DirectByteBuffer.<init>(long, {int,long}): unavailable
[267月2026 23:42:16.848] [pool-24-thread-1/DEBUG] [io.netty.util.internal.PlatformDependent/]: sun.misc.Unsafe: available
[267月2026 23:42:16.849] [pool-24-thread-1/DEBUG] [io.netty.util.internal.PlatformDependent/]: maxDirectMemory: 17129537536 bytes (maybe)
[267月2026 23:42:16.849] [pool-24-thread-1/DEBUG] [io.netty.util.internal.PlatformDependent/]: -Dio.netty.tmpdir: C:\Users\28178\AppData\Local\Temp (java.io.tmpdir)
[267月2026 23:42:16.849] [pool-24-thread-1/DEBUG] [io.netty.util.internal.PlatformDependent/]: -Dio.netty.bitMode: 64 (sun.arch.data.model)
[267月2026 23:42:16.849] [pool-24-thread-1/DEBUG] [io.netty.util.internal.PlatformDependent/]: Platform: Windows
[267月2026 23:42:16.851] [pool-24-thread-1/DEBUG] [io.netty.util.internal.PlatformDependent/]: -Dio.netty.maxDirectMemory: -1 bytes
[267月2026 23:42:16.851] [pool-24-thread-1/DEBUG] [io.netty.util.internal.PlatformDependent/]: -Dio.netty.uninitializedArrayAllocationThreshold: -1
[267月2026 23:42:16.853] [pool-24-thread-1/DEBUG] [io.netty.util.internal.CleanerJava9/]: java.nio.ByteBuffer.cleaner(): available
[267月2026 23:42:16.853] [pool-24-thread-1/DEBUG] [io.netty.util.internal.PlatformDependent/]: -Dio.netty.noPreferDirect: false
[267月2026 23:42:16.933] [pool-24-thread-1/DEBUG] [mixin/]: Mixing LevelChunkMixin from refurbished_furniture.common.mixins.json into net.minecraft.world.level.chunk.LevelChunk
[267月2026 23:42:16.936] [pool-24-thread-1/DEBUG] [mixin/]: refurbished_furniture.common.mixins.json:LevelChunkMixin from mod refurbished_furniture->@Inject::refurbishedFurniture$AfterRemoveBlockEntity(Lnet/minecraft/core/BlockPos;Lorg/spongepowered/asm/mixin/injection/callback/CallbackInfo;Lnet/minecraft/world/level/block/entity/BlockEntity;)V doesn't use it's CallbackInfo
[267月2026 23:42:16.936] [pool-24-thread-1/DEBUG] [mixin/]: refurbished_furniture.common.mixins.json:LevelChunkMixin from mod refurbished_furniture->@Inject::refurbishedFurniture$AfterRemoveBlockEntity(Lnet/minecraft/core/BlockPos;Lorg/spongepowered/asm/mixin/injection/callback/CallbackInfo;Lnet/minecraft/world/level/block/entity/BlockEntity;)V has 0 override(s) in child classes
[267月2026 23:42:16.936] [pool-24-thread-1/DEBUG] [mixin/]: refurbished_furniture.common.mixins.json:LevelChunkMixin from mod refurbished_furniture->@Inject::refurbishedFurniture$AfterRemoveBlockEntity(Lnet/minecraft/core/BlockPos;Lorg/spongepowered/asm/mixin/injection/callback/CallbackInfo;Lnet/minecraft/world/level/block/entity/BlockEntity;)V won't be passed a CallbackInfo as a result
[267月2026 23:42:17.246] [pool-24-thread-1/DEBUG] [mixin/]: Mixing MixinLightningBolt from architectury-common.mixins.json into net.minecraft.world.entity.LightningBolt
[267月2026 23:42:17.246] [pool-24-thread-1/DEBUG] [mixin/]: architectury-common.mixins.json:MixinLightningBolt from mod architectury: Class version 65 required is higher than the class version supported by the current version of Mixin (JAVA_16 supports class version 60)
[267月2026 23:42:17.250] [pool-24-thread-1/DEBUG] [mixin/]: architectury-common.mixins.json:MixinLightningBolt from mod architectury->@Inject::handleLightning(Lorg/spongepowered/asm/mixin/injection/callback/CallbackInfo;Ljava/util/List;)V doesn't use it's CallbackInfo
[267月2026 23:42:17.251] [pool-24-thread-1/DEBUG] [mixin/]: architectury-common.mixins.json:MixinLightningBolt from mod architectury->@Inject::handleLightning(Lorg/spongepowered/asm/mixin/injection/callback/CallbackInfo;Ljava/util/List;)V has 0 override(s) in child classes
[267月2026 23:42:17.251] [pool-24-thread-1/DEBUG] [mixin/]: architectury-common.mixins.json:MixinLightningBolt from mod architectury->@Inject::handleLightning(Lorg/spongepowered/asm/mixin/injection/callback/CallbackInfo;Ljava/util/List;)V won't be passed a CallbackInfo as a result
[267月2026 23:42:17.379] [pool-24-thread-1/DEBUG] [mixin/]: Mixing inject.MixinFoodPropertiesBuilder from architectury-common.mixins.json into net.minecraft.world.food.FoodProperties$Builder
[267月2026 23:42:17.380] [pool-24-thread-1/DEBUG] [mixin/]: architectury-common.mixins.json:inject.MixinFoodPropertiesBuilder from mod architectury: Class version 65 required is higher than the class version supported by the current version of Mixin (JAVA_16 supports class version 60)
[267月2026 23:42:17.744] [pool-24-thread-1/DEBUG] [mixin/]: Mixing MixinInventory from architectury.mixins.json into net.minecraft.world.entity.player.Inventory
[267月2026 23:42:17.746] [pool-24-thread-1/DEBUG] [mixin/]: architectury.mixins.json:MixinInventory from mod architectury: Class version 65 required is higher than the class version supported by the current version of Mixin (JAVA_16 supports class version 60)
[267月2026 23:42:17.747] [pool-24-thread-1/DEBUG] [mixin/]: architectury.mixins.json:MixinInventory from mod architectury->@Inject::updateItems(Lorg/spongepowered/asm/mixin/injection/callback/CallbackInfo;)V doesn't use it's CallbackInfo
[267月2026 23:42:17.747] [pool-24-thread-1/DEBUG] [mixin/]: architectury.mixins.json:MixinInventory from mod architectury->@Inject::updateItems(Lorg/spongepowered/asm/mixin/injection/callback/CallbackInfo;)V has 0 override(s) in child classes
[267月2026 23:42:17.747] [pool-24-thread-1/DEBUG] [mixin/]: architectury.mixins.json:MixinInventory from mod architectury->@Inject::updateItems(Lorg/spongepowered/asm/mixin/injection/callback/CallbackInfo;)V won't be passed a CallbackInfo as a result
[267月2026 23:42:17.781] [pool-24-thread-1/DEBUG] [mixin/]: Mixing AbstractCookingRecipeAccessor from enderio.mixins.json into net.minecraft.world.item.crafting.AbstractCookingRecipe
[267月2026 23:42:17.782] [pool-24-thread-1/DEBUG] [mixin/]: enderio.mixins.json:AbstractCookingRecipeAccessor from mod enderio: Class version 65 required is higher than the class version supported by the current version of Mixin (JAVA_17 supports class version 61)
[267月2026 23:42:18.494] [pool-24-thread-1/DEBUG] [mixin/]: Mixing MixinLanguage from mixins.modernui-textmc.json into net.minecraft.locale.Language
[267月2026 23:42:18.495] [pool-24-thread-1/DEBUG] [mixin/]: mixins.modernui-textmc.json:MixinLanguage from mod modernui: Class version 65 required is higher than the class version supported by the current version of Mixin (JAVA_17 supports class version 61)
[267月2026 23:42:18.578] [main/DEBUG] [mixin/]: Mixing spatial.MinecraftServerMixin from ae2.mixins.json into net.minecraft.server.MinecraftServer
[267月2026 23:42:18.579] [main/DEBUG] [mixin/]: ae2.mixins.json:spatial.MinecraftServerMixin from mod ae2: Class version 65 required is higher than the class version supported by the current version of Mixin (JAVA_11 supports class version 55)
[267月2026 23:42:18.586] [main/DEBUG] [mixin/]: ae2.mixins.json:spatial.MinecraftServerMixin from mod ae2->@Inject::injectSpatialLevel(Lnet/minecraft/server/level/progress/ChunkProgressListener;Lorg/spongepowered/asm/mixin/injection/callback/CallbackInfo;)V doesn't use it's CallbackInfo
[267月2026 23:42:18.586] [main/DEBUG] [mixin/]: ae2.mixins.json:spatial.MinecraftServerMixin from mod ae2->@Inject::injectSpatialLevel(Lnet/minecraft/server/level/progress/ChunkProgressListener;Lorg/spongepowered/asm/mixin/injection/callback/CallbackInfo;)V has 0 override(s) in child classes
[267月2026 23:42:18.586] [main/DEBUG] [mixin/]: ae2.mixins.json:spatial.MinecraftServerMixin from mod ae2->@Inject::injectSpatialLevel(Lnet/minecraft/server/level/progress/ChunkProgressListener;Lorg/spongepowered/asm/mixin/injection/callback/CallbackInfo;)V won't be passed a CallbackInfo as a result
[267月2026 23:42:18.634] [main/DEBUG] [mixin/]: Mixing MixinLevelEvent from architectury.mixins.json into net.neoforged.neoforge.event.level.LevelEvent
[267月2026 23:42:18.634] [main/DEBUG] [mixin/]: architectury.mixins.json:MixinLevelEvent from mod architectury: Class version 65 required is higher than the class version supported by the current version of Mixin (JAVA_16 supports class version 60)
[267月2026 23:42:18.638] [main/DEBUG] [mixin/]: Mixing server.ServerChunkCacheAccessor from journeymap.mixins.json into net.minecraft.server.level.ServerChunkCache
[267月2026 23:42:18.638] [main/DEBUG] [mixin/]: journeymap.mixins.json:server.ServerChunkCacheAccessor from mod journeymap: Class version 65 required is higher than the class version supported by the current version of Mixin (JAVA_17 supports class version 61)
[267月2026 23:42:18.885] [main/DEBUG] [mixin/]: Mixing client.MixinCommandSourceStack from architectury.mixins.json into net.minecraft.commands.CommandSourceStack
[267月2026 23:42:18.885] [main/DEBUG] [mixin/]: architectury.mixins.json:client.MixinCommandSourceStack from mod architectury: Class version 65 required is higher than the class version supported by the current version of Mixin (JAVA_16 supports class version 60)
[267月2026 23:42:19.065] [main/DEBUG] [mixin/]: Mixing tests.TestCommandMixin from ae2.mixins.json into net.minecraft.gametest.framework.TestCommand
[267月2026 23:42:19.066] [main/DEBUG] [mixin/]: ae2.mixins.json:tests.TestCommandMixin from mod ae2: Class version 65 required is higher than the class version supported by the current version of Mixin (JAVA_11 supports class version 55)
[267月2026 23:42:19.075] [main/DEBUG] [mixin/]: ae2.mixins.json:tests.TestCommandMixin from mod ae2->@Inject::verifyStructureExists(Lnet/minecraft/server/level/ServerLevel;Ljava/lang/String;Lorg/spongepowered/asm/mixin/injection/callback/CallbackInfoReturnable;)V does use it's CallbackInfoReturnable
[267月2026 23:42:19.135] [main/WARN] [net.minecraft.commands.Commands/]: Ambiguity between arguments [teleport, location] and [teleport, destination] with inputs: [0.1 -0.5 .9, 0 0 0]
[267月2026 23:42:19.136] [main/WARN] [net.minecraft.commands.Commands/]: Ambiguity between arguments [teleport, location] and [teleport, targets] with inputs: [0.1 -0.5 .9, 0 0 0]
[267月2026 23:42:19.137] [main/WARN] [net.minecraft.commands.Commands/]: Ambiguity between arguments [teleport, destination] and [teleport, targets] with inputs: [Player, 0123, @e, dd12be42-52a9-4a91-a8a1-11c01849e498]
[267月2026 23:42:19.138] [main/WARN] [net.minecraft.commands.Commands/]: Ambiguity between arguments [teleport, targets] and [teleport, destination] with inputs: [Player, 0123, dd12be42-52a9-4a91-a8a1-11c01849e498]
[267月2026 23:42:19.139] [main/WARN] [net.minecraft.commands.Commands/]: Ambiguity between arguments [teleport, targets, location] and [teleport, targets, destination] with inputs: [0.1 -0.5 .9, 0 0 0]
[267月2026 23:42:19.148] [Render thread/DEBUG] [mixin/]: Mixing MixinRenderSystem from mixins.modernui-neoforge.json into com.mojang.blaze3d.systems.RenderSystem
[267月2026 23:42:19.149] [Render thread/DEBUG] [mixin/]: mixins.modernui-neoforge.json:MixinRenderSystem from mod modernui: Class version 65 required is higher than the class version supported by the current version of Mixin (JAVA_17 supports class version 61)
[267月2026 23:42:19.154] [Render thread/DEBUG] [mixin/]: mixins.modernui-neoforge.json:MixinRenderSystem from mod modernui->@Inject::onInitBackendSystem(Lorg/spongepowered/asm/mixin/injection/callback/CallbackInfoReturnable;)V doesn't use it's CallbackInfoReturnable
[267月2026 23:42:19.154] [Render thread/DEBUG] [mixin/]: mixins.modernui-neoforge.json:MixinRenderSystem from mod modernui->@Inject::onInitRenderer(IZLorg/spongepowered/asm/mixin/injection/callback/CallbackInfo;)V doesn't use it's CallbackInfo
[267月2026 23:42:19.168] [Render thread/DEBUG] [mixin/]: Mixing MixinScreen from mixins.modernui-neoforge.json into net.minecraft.client.gui.screens.Screen
[267月2026 23:42:19.168] [Render thread/DEBUG] [mixin/]: mixins.modernui-neoforge.json:MixinScreen from mod modernui: Class version 65 required is higher than the class version supported by the current version of Mixin (JAVA_17 supports class version 61)
[267月2026 23:42:19.169] [Render thread/DEBUG] [mixin/]: Mixing client.ScreenAccessor from refurbished_furniture.common.mixins.json into net.minecraft.client.gui.screens.Screen
[267月2026 23:42:19.169] [Render thread/DEBUG] [mixin/]: Mixing ScreenRenderBgMixin from rtsbuilding.mixins.json into net.minecraft.client.gui.screens.Screen
[267月2026 23:42:19.170] [Render thread/DEBUG] [mixin/]: Mixing client.ScreenAccessor from journeymap.mixins.json into net.minecraft.client.gui.screens.Screen
[267月2026 23:42:19.170] [Render thread/DEBUG] [mixin/]: journeymap.mixins.json:client.ScreenAccessor from mod journeymap: Class version 65 required is higher than the class version supported by the current version of Mixin (JAVA_17 supports class version 61)
[267月2026 23:42:19.170] [Render thread/DEBUG] [mixin/]: Mixing WrappedGenericStackTooltipModIdMixin from ae2.mixins.json into net.minecraft.client.gui.screens.Screen
[267月2026 23:42:19.170] [Render thread/DEBUG] [mixin/]: ae2.mixins.json:WrappedGenericStackTooltipModIdMixin from mod ae2: Class version 65 required is higher than the class version supported by the current version of Mixin (JAVA_11 supports class version 55)
[267月2026 23:42:19.174] [Render thread/DEBUG] [mixin/]: rtsbuilding.mixins.json:ScreenRenderBgMixin from mod rtsbuilding->@Inject::rtsbuilding$skipBackgroundInOverlay(Lnet/minecraft/client/gui/GuiGraphics;IIFLorg/spongepowered/asm/mixin/injection/callback/CallbackInfo;)V does use it's CallbackInfo
[267月2026 23:42:19.175] [Render thread/DEBUG] [mixin/]: rtsbuilding.mixins.json:ScreenRenderBgMixin from mod rtsbuilding->@Inject::rtsbuilding$skipTransparentBgInOverlay(Lnet/minecraft/client/gui/GuiGraphics;Lorg/spongepowered/asm/mixin/injection/callback/CallbackInfo;)V does use it's CallbackInfo
[267月2026 23:42:19.175] [Render thread/DEBUG] [mixin/]: ae2.mixins.json:WrappedGenericStackTooltipModIdMixin from mod ae2->@Inject::getTooltipFromItem(Lnet/minecraft/client/Minecraft;Lnet/minecraft/world/item/ItemStack;Lorg/spongepowered/asm/mixin/injection/callback/CallbackInfoReturnable;)V does use it's CallbackInfoReturnable
[267月2026 23:42:19.180] [Render thread/DEBUG] [mixin/]: Mixing MixinChatScreen from mixins.modernui-neoforge.json into net.minecraft.client.gui.screens.ChatScreen
[267月2026 23:42:19.180] [Render thread/DEBUG] [mixin/]: mixins.modernui-neoforge.json:MixinChatScreen from mod modernui: Class version 65 required is higher than the class version supported by the current version of Mixin (JAVA_17 supports class version 61)
[267月2026 23:42:19.185] [Render thread/DEBUG] [mixin/]: mixins.modernui-neoforge.json:MixinChatScreen from mod modernui->@Inject::_onEdited(Ljava/lang/String;Lorg/spongepowered/asm/mixin/injection/callback/CallbackInfo;)V doesn't use it's CallbackInfo
[267月2026 23:42:19.185] [Render thread/DEBUG] [mixin/]: mixins.modernui-neoforge.json:MixinChatScreen from mod modernui->@Inject::_onEdited(Ljava/lang/String;Lorg/spongepowered/asm/mixin/injection/callback/CallbackInfo;)V has 0 override(s) in child classes
[267月2026 23:42:19.185] [Render thread/DEBUG] [mixin/]: mixins.modernui-neoforge.json:MixinChatScreen from mod modernui->@Inject::_onEdited(Ljava/lang/String;Lorg/spongepowered/asm/mixin/injection/callback/CallbackInfo;)V won't be passed a CallbackInfo as a result
[267月2026 23:42:19.186] [Render thread/DEBUG] [mixin/]: Mixing MixinClientLevel from architectury.mixins.json into net.minecraft.client.multiplayer.ClientLevel
[267月2026 23:42:19.186] [Render thread/DEBUG] [mixin/]: architectury.mixins.json:MixinClientLevel from mod architectury: Class version 65 required is higher than the class version supported by the current version of Mixin (JAVA_16 supports class version 60)
[267月2026 23:42:19.186] [Render thread/DEBUG] [mixin/]: Mixing client.ClientLevelMixin from journeymap.mixins.json into net.minecraft.client.multiplayer.ClientLevel
[267月2026 23:42:19.186] [Render thread/DEBUG] [mixin/]: journeymap.mixins.json:client.ClientLevelMixin from mod journeymap: Class version 65 required is higher than the class version supported by the current version of Mixin (JAVA_17 supports class version 61)
[267月2026 23:42:19.188] [Render thread/DEBUG] [mixin/]: architectury.mixins.json:MixinClientLevel from mod architectury->@Inject::tickEntities(Lorg/spongepowered/asm/mixin/injection/callback/CallbackInfo;)V doesn't use it's CallbackInfo
[267月2026 23:42:19.188] [Render thread/DEBUG] [mixin/]: architectury.mixins.json:MixinClientLevel from mod architectury->@Inject::tickEntities(Lorg/spongepowered/asm/mixin/injection/callback/CallbackInfo;)V has 0 override(s) in child classes
[267月2026 23:42:19.188] [Render thread/DEBUG] [mixin/]: architectury.mixins.json:MixinClientLevel from mod architectury->@Inject::tickEntities(Lorg/spongepowered/asm/mixin/injection/callback/CallbackInfo;)V won't be passed a CallbackInfo as a result
[267月2026 23:42:19.188] [Render thread/DEBUG] [mixin/]: architectury.mixins.json:MixinClientLevel from mod architectury->@Inject::tickEntitiesPost(Lorg/spongepowered/asm/mixin/injection/callback/CallbackInfo;)V doesn't use it's CallbackInfo
[267月2026 23:42:19.188] [Render thread/DEBUG] [mixin/]: architectury.mixins.json:MixinClientLevel from mod architectury->@Inject::tickEntitiesPost(Lorg/spongepowered/asm/mixin/injection/callback/CallbackInfo;)V has 0 override(s) in child classes
[267月2026 23:42:19.188] [Render thread/DEBUG] [mixin/]: architectury.mixins.json:MixinClientLevel from mod architectury->@Inject::tickEntitiesPost(Lorg/spongepowered/asm/mixin/injection/callback/CallbackInfo;)V won't be passed a CallbackInfo as a result
[267月2026 23:42:19.188] [Render thread/DEBUG] [mixin/]: journeymap.mixins.json:client.ClientLevelMixin from mod journeymap->@Inject::setKnownState(Lnet/minecraft/core/BlockPos;Lnet/minecraft/world/level/block/state/BlockState;ILorg/spongepowered/asm/mixin/injection/callback/CallbackInfo;)V doesn't use it's CallbackInfo
[267月2026 23:42:19.188] [Render thread/DEBUG] [mixin/]: journeymap.mixins.json:client.ClientLevelMixin from mod journeymap->@Inject::setKnownState(Lnet/minecraft/core/BlockPos;Lnet/minecraft/world/level/block/state/BlockState;ILorg/spongepowered/asm/mixin/injection/callback/CallbackInfo;)V has 0 override(s) in child classes
[267月2026 23:42:19.188] [Render thread/DEBUG] [mixin/]: journeymap.mixins.json:client.ClientLevelMixin from mod journeymap->@Inject::setKnownState(Lnet/minecraft/core/BlockPos;Lnet/minecraft/world/level/block/state/BlockState;ILorg/spongepowered/asm/mixin/injection/callback/CallbackInfo;)V won't be passed a CallbackInfo as a result
[267月2026 23:42:19.208] [Render thread/DEBUG] [mixin/]: Mixing LocalPlayerMixin from rtsbuilding.mixins.json into net.minecraft.client.player.LocalPlayer
[267月2026 23:42:19.213] [Render thread/DEBUG] [mixin/]: Mixing client.LocalPlayerMixin from journeymap.mixins.json into net.minecraft.client.player.LocalPlayer
[267月2026 23:42:19.213] [Render thread/DEBUG] [mixin/]: journeymap.mixins.json:client.LocalPlayerMixin from mod journeymap: Class version 65 required is higher than the class version supported by the current version of Mixin (JAVA_17 supports class version 61)
[267月2026 23:42:19.216] [Render thread/DEBUG] [mixin/]: rtsbuilding.mixins.json:LocalPlayerMixin from mod rtsbuilding->@Inject::rtsbuilding$isControlledCamera(Lorg/spongepowered/asm/mixin/injection/callback/CallbackInfoReturnable;)V does use it's CallbackInfoReturnable
[267月2026 23:42:19.216] [Render thread/DEBUG] [mixin/]: journeymap.mixins.json:client.LocalPlayerMixin from mod journeymap->@Inject::journeymap_handleEntityEvent(BLorg/spongepowered/asm/mixin/injection/callback/CallbackInfo;)V doesn't use it's CallbackInfo
[267月2026 23:42:19.216] [Render thread/DEBUG] [mixin/]: journeymap.mixins.json:client.LocalPlayerMixin from mod journeymap->@Inject::journeymap_handleEntityEvent(BLorg/spongepowered/asm/mixin/injection/callback/CallbackInfo;)V has 0 override(s) in child classes
[267月2026 23:42:19.216] [Render thread/DEBUG] [mixin/]: journeymap.mixins.json:client.LocalPlayerMixin from mod journeymap->@Inject::journeymap_handleEntityEvent(BLorg/spongepowered/asm/mixin/injection/callback/CallbackInfo;)V won't be passed a CallbackInfo as a result
[267月2026 23:42:19.221] [Render thread/DEBUG] [mixin/]: Mixing MixinInventoryScreen from mixins.modernui-neoforge.json into net.minecraft.client.gui.screens.inventory.EffectRenderingInventoryScreen
[267月2026 23:42:19.221] [Render thread/DEBUG] [mixin/]: mixins.modernui-neoforge.json:MixinInventoryScreen from mod modernui: Class version 65 required is higher than the class version supported by the current version of Mixin (JAVA_17 supports class version 61)
[267月2026 23:42:19.222] [Render thread/DEBUG] [mixin/]: Mixing AbstractContainerScreenMixin from ae2.mixins.json into net.minecraft.client.gui.screens.inventory.AbstractContainerScreen
[267月2026 23:42:19.222] [Render thread/DEBUG] [mixin/]: ae2.mixins.json:AbstractContainerScreenMixin from mod ae2: Class version 65 required is higher than the class version supported by the current version of Mixin (JAVA_11 supports class version 55)
[267月2026 23:42:19.304] [Render thread/WARN] [net.minecraft.server.packs.VanillaPackResourcesBuilder/]: Assets URL 'union:/E:/Minecraft/Minecraft%20Modding/RTSbuilding/build/moddev/artifacts/neoforge-21.1.219.jar%23191!/assets/.mcassetsroot' uses unexpected schema
[267月2026 23:42:19.304] [Render thread/WARN] [net.minecraft.server.packs.VanillaPackResourcesBuilder/]: Assets URL 'union:/E:/Minecraft/Minecraft%20Modding/RTSbuilding/build/moddev/artifacts/neoforge-21.1.219.jar%23191!/data/.mcassetsroot' uses unexpected schema
[267月2026 23:42:19.342] [Render thread/INFO] [com.mojang.authlib.yggdrasil.YggdrasilAuthenticationService/]: Environment: Environment[sessionHost=https://sessionserver.mojang.com, servicesHost=https://api.minecraftservices.com, name=PROD]
[267月2026 23:42:19.350] [Render thread/INFO] [net.minecraft.client.Minecraft/]: Setting user: Dev
[267月2026 23:42:19.354] [Render thread/DEBUG] [mixin/]: Mixing AccessOptions from mixins.modernui-neoforge.json into net.minecraft.client.Options
[267月2026 23:42:19.354] [Render thread/DEBUG] [mixin/]: mixins.modernui-neoforge.json:AccessOptions from mod modernui: Class version 65 required is higher than the class version supported by the current version of Mixin (JAVA_17 supports class version 61)
[267月2026 23:42:19.455] [Render thread/INFO] [net.minecraft.client.Minecraft/]: Backend library: LWJGL version 3.3.3+5
[267月2026 23:42:19.456] [Render thread/DEBUG] [mixin/]: Mixing MixinWindow from mixins.modernui-neoforge.json into com.mojang.blaze3d.platform.Window
[267月2026 23:42:19.457] [Render thread/DEBUG] [mixin/]: mixins.modernui-neoforge.json:MixinWindow from mod modernui: Class version 65 required is higher than the class version supported by the current version of Mixin (JAVA_17 supports class version 61)
[267月2026 23:42:19.463] [Render thread/DEBUG] [mixin/]: mixins.modernui-neoforge.json:MixinWindow from mod modernui->@Inject::onCalculateScale(IZLorg/spongepowered/asm/mixin/injection/callback/CallbackInfoReturnable;)V does use it's CallbackInfoReturnable
[267月2026 23:42:19.463] [Render thread/DEBUG] [mixin/]: mixins.modernui-neoforge.json:MixinWindow from mod modernui->@Inject::onSetGuiScale(DLorg/spongepowered/asm/mixin/injection/callback/CallbackInfo;)V doesn't use it's CallbackInfo
[267月2026 23:42:19.497] [Render thread/INFO] [ModernUI-MC/Init]: Created MuiForgeAPI
[267月2026 23:42:19.497] [Render thread/INFO] [ModernUI-MC/Init]: Detected OpenGL 4.6 Core Profile from FML Early Window
[267月2026 23:42:19.514] [Render thread/DEBUG] [mixin/]: Mixing AccessNativeImage from mixins.modernui-neoforge.json into com.mojang.blaze3d.platform.NativeImage
[267月2026 23:42:19.516] [Render thread/DEBUG] [mixin/]: mixins.modernui-neoforge.json:AccessNativeImage from mod modernui: Class version 65 required is higher than the class version supported by the current version of Mixin (JAVA_17 supports class version 61)
[267月2026 23:42:19.526] [Render thread/DEBUG] [mixin/]: Mixing MixinKeyboardHandler from mixins.modernui-neoforge.json into net.minecraft.client.KeyboardHandler
[267月2026 23:42:19.526] [Render thread/DEBUG] [mixin/]: mixins.modernui-neoforge.json:MixinKeyboardHandler from mod modernui: Class version 65 required is higher than the class version supported by the current version of Mixin (JAVA_17 supports class version 61)
[267月2026 23:42:19.527] [Render thread/DEBUG] [mixin/]: mixins.modernui-neoforge.json:MixinKeyboardHandler from mod modernui->@Inject::onKeyInputPost(JIIIILorg/spongepowered/asm/mixin/injection/callback/CallbackInfo;)V doesn't use it's CallbackInfo
[267月2026 23:42:19.527] [Render thread/DEBUG] [mixin/]: mixins.modernui-neoforge.json:MixinKeyboardHandler from mod modernui->@Inject::onKeyInputPost(JIIIILorg/spongepowered/asm/mixin/injection/callback/CallbackInfo;)V has 0 override(s) in child classes
[267月2026 23:42:19.527] [Render thread/DEBUG] [mixin/]: mixins.modernui-neoforge.json:MixinKeyboardHandler from mod modernui->@Inject::onKeyInputPost(JIIIILorg/spongepowered/asm/mixin/injection/callback/CallbackInfo;)V won't be passed a CallbackInfo as a result
[267月2026 23:42:19.600] [Render thread/DEBUG] [Arc3D/]: GLSL version string: 4.60 NVIDIA, using 460
[267月2026 23:42:19.602] [Render thread/INFO] [Arc3D/]: Use NV_conservative_raster
[267月2026 23:42:19.602] [Render thread/INFO] [Arc3D/]: Use NV_blend_equation_advanced_coherent
[267月2026 23:42:19.687] [Render thread/INFO] [ModernUI/Core]: OpenGL vendor: NVIDIA Corporation
[267月2026 23:42:19.687] [Render thread/INFO] [ModernUI/Core]: OpenGL renderer: NVIDIA GeForce RTX 4050 Laptop GPU/PCIe/SSE2
[267月2026 23:42:19.687] [Render thread/INFO] [ModernUI/Core]: OpenGL version: 4.6.0 NVIDIA 596.36
[267月2026 23:42:19.689] [Render thread/INFO] [ModernUI/Core]: OpenGL caps: 
AnisotropySupport: true
GpuTracingSupport: false
ConservativeRasterSupport: true
TextureBarrierSupport: true
DepthClipNegativeOneToOne: true
BlendEquationSupport: ADVANCED_COHERENT
ClampToBorderSupport: true
MaxRenderTargetSize: 32768
MaxPreferredRenderTargetSize: 32768
MaxVertexAttributes: 16
MaxVertexBindings: 8
MaxTextureSize: 32768
MaxPushConstantsSize: 0
MaxColorAttachments: 8
MinUniformBufferOffsetAlignment: 256
MinStorageBufferOffsetAlignment: 16
ShaderCaps:
	TargetAPI: OPENGL_4_5
	GLSLVersion: GLSL_450
	SPIRVVersion: null
	FMASupport: true
	DualSourceBlendingSupport: true
	PreferFlatInterpolation: true
	VertexIDSupport: true
	InfinitySupport: true
	NonConstantArrayIndexSupport: true
	BitManipulationSupport: true
	NoPerspectiveInterpolationSupport: true
	ReducedShaderMode: false
	TextureQueryLod: true
	UniformBindingSupport: true
	VaryingLocationSupport: true
	UseBlockMemberOffset: true
	UsePrecisionModifiers: false
	RequiresLocalOutputColorForFBFetch: false
	MustObfuscateUniformColor: false
	MustWriteToFragColor: false
	ColorSpaceMathNeedsFloat: false
	AvoidDfDxForGradientsWhenPossible: false
	SecondaryOutputExtension: null
	AdvBlendEqInteraction: 1
	MaxFragmentSamplers: 32
Vendor: NVIDIA
Driver: NVIDIA
MaxFragmentUniformVectors: 1024
MaxTextureMaxAnisotropy: 16.0
SupportsProtected: false
SkipErrorChecks: true
MaxLabelLength: 256
DebugSupport: true
BufferStorageSupport: true
DrawElementsBaseVertexSupport: true
BaseInstanceSupport: true
DSASupport: true
InvalidateBufferType: 2
InvalidateFramebufferSupport: true
ShaderBinarySupport: true
UseStagingBuffers: false
MustHaveFragmentShader: false
VertexAttribBindingSupport: true
CopyImageSupport: true
SPIRVSupport: false
ViewCompatibilityClassSupport: true
TexStorageSupport: true
ProgramBinarySupport: true
ProgramBinaryFormats: [36385]
GLSLVersion: 460
ColorTypeToFormat:
	UNKNOWN=>Unsupported
	R_8=>R8
	RG_88=>RG8
	RGBA_8888=>RGBA8
	R_16=>R16
	RG_1616=>RG16
	RGBA_16161616=>RBGA16
	R_F16=>R16F
	RG_F16=>RG16F
	RGBA_F16=>RGBA16F
	R_F32=>Unsupported
	RG_F32=>Unsupported
	RGBA_F32=>Unsupported
	ALPHA_8=>R8
	ALPHA_16=>R16
	ALPHA_F16=>R16F
	GRAY_8=>R8
	GRAY_16=>R16
	GRAY_ALPHA_88=>RG8
	GRAY_ALPHA_1616=>RG16
	BGRA_8888=>BGRA8
	BGR_565=>B5_G6_R5
	BGRA_5551=>BGR5_A1
	RGBA_1010102=>RGB10_A2
	BGRA_1010102=>BGR10_A2
	RGBE_9995=>Unsupported
	RGB_888=>RGB8
	RGB_161616=>RGB16
	RGBX_8888=>RGBA8
CompressionTypeToBackendFormat: [null, {mBackend=OpenGL, mFormat=ETC2}, {mBackend=OpenGL, mFormat=RGB8_BC1}, {mBackend=OpenGL, mFormat=RGBA8_BC1}]

[267月2026 23:42:19.724] [Render thread/DEBUG] [net.neoforged.fml.ModWorkManager/LOADING]: Using 32 threads for parallel mod-loading
[267月2026 23:42:19.743] [Render thread/DEBUG] [net.neoforged.fml.javafmlmod.FMLModContainer/LOADING]: Creating FMLModContainer instance for [guideme.internal.GuideME, guideme.internal.GuideMEClient]
[267月2026 23:42:19.750] [Render thread/DEBUG] [net.neoforged.fml.javafmlmod.FMLModContainer/LOADING]: Creating FMLModContainer instance for [dev.architectury.neoforge.ArchitecturyNeoForge]
[267月2026 23:42:19.752] [Render thread/DEBUG] [net.neoforged.fml.javafmlmod.FMLModContainer/LOADING]: Creating FMLModContainer instance for [icyllis.modernui.mc.neoforge.ModernUIForge, icyllis.modernui.mc.neoforge.ModernUIForge$Client]
[267月2026 23:42:19.753] [Render thread/DEBUG] [net.neoforged.fml.javafmlmod.FMLModContainer/LOADING]: Creating FMLModContainer instance for [me.shedaniel.lightoverlay.neoforge.LightOverlay]
[267月2026 23:42:19.753] [Render thread/DEBUG] [net.neoforged.fml.javafmlmod.FMLModContainer/LOADING]: Creating FMLModContainer instance for [com.mrcrayfish.furniture.refurbished.FurnitureMod]
[267月2026 23:42:19.755] [Render thread/DEBUG] [net.neoforged.fml.javafmlmod.FMLModContainer/LOADING]: Creating FMLModContainer instance for [mezz.jei.neoforge.JustEnoughItems]
[267月2026 23:42:19.755] [Render thread/DEBUG] [net.neoforged.fml.javafmlmod.FMLModContainer/LOADING]: Creating FMLModContainer instance for [appeng.core.AppEngClient]
[267月2026 23:42:19.763] [Render thread/DEBUG] [net.neoforged.fml.javafmlmod.FMLModContainer/LOADING]: Creating FMLModContainer instance for [com.enderio.modded_conduits.common.ModdedConduits, com.enderio.modded_conduits.client.ModdedConduitsClient]
[267月2026 23:42:19.765] [Render thread/DEBUG] [net.neoforged.fml.javafmlmod.FMLModContainer/LOADING]: Creating FMLModContainer instance for [commonnetwork.CommonNetworkNeoForge]
[267月2026 23:42:19.765] [Render thread/DEBUG] [net.neoforged.fml.javafmlmod.FMLModContainer/LOADING]: Creating FMLModContainer instance for [com.mrcrayfish.framework.FrameworkNeoForge]
[267月2026 23:42:19.767] [Render thread/DEBUG] [net.neoforged.fml.javafmlmod.FMLModContainer/LOADING]: Creating FMLModContainer instance for [com.rtsbuilding.rtsbuilding.RtsbuildingMod]
[267月2026 23:42:19.768] [Render thread/DEBUG] [net.neoforged.fml.javafmlmod.FMLModContainer/LOADING]: Creating FMLModContainer instance for [me.shedaniel.clothconfig.ClothConfigForge]
[267月2026 23:42:19.769] [Render thread/DEBUG] [net.neoforged.fml.javafmlmod.FMLModContainer/LOADING]: Creating FMLModContainer instance for [mekanism.common.Mekanism, mekanism.client.MekanismClient]
[267月2026 23:42:19.771] [Render thread/DEBUG] [net.neoforged.fml.javafmlmod.FMLModContainer/LOADING]: Creating FMLModContainer instance for [mekanism.generators.common.MekanismGenerators, mekanism.generators.client.GeneratorsClient]
[267月2026 23:42:19.772] [Render thread/DEBUG] [net.neoforged.fml.javafmlmod.FMLModContainer/LOADING]: Creating FMLModContainer instance for [com.enderio.enderio.datagen.EnderIODataGen, com.enderio.enderio.EnderIO, com.enderio.enderio.client.EnderIOClient]
[267月2026 23:42:19.775] [Render thread/DEBUG] [net.neoforged.fml.javafmlmod.FMLModContainer/LOADING]: Creating FMLModContainer instance for [journeymap.JourneyMapAPI]
[267月2026 23:42:19.776] [Render thread/DEBUG] [net.neoforged.fml.javafmlmod.FMLModContainer/LOADING]: Creating FMLModContainer instance for [com.enderio.core.EnderCore]
[267月2026 23:42:19.777] [Render thread/DEBUG] [net.neoforged.fml.javafmlmod.FMLModContainer/LOADING]: Creating FMLModContainer instance for [journeymap.common.JourneymapNeoForge]
[267月2026 23:42:19.778] [Render thread/DEBUG] [net.neoforged.fml.javafmlmod.FMLModContainer/LOADING]: Creating FMLModContainer instance for [net.neoforged.neoforge.common.NeoForgeMod, net.neoforged.neoforge.client.ClientNeoForgeMod]
[267月2026 23:42:19.791] [modloading-worker-0/DEBUG] [ModernUI-MC/Init]: Auto detected in FML development environment
[267月2026 23:42:19.799] [modloading-worker-0/DEBUG] [net.neoforged.fml.javafmlmod.AutomaticEventSubscriber/LOADING]: Attempting to inject @EventBusSubscriber classes into the eventbus for journeymap_api
[267月2026 23:42:19.800] [modloading-worker-0/DEBUG] [net.neoforged.fml.javafmlmod.AutomaticEventSubscriber/LOADING]: Attempting to inject @EventBusSubscriber classes into the eventbus for endercore
[267月2026 23:42:19.802] [modloading-worker-0/DEBUG] [net.neoforged.fml.javafmlmod.AutomaticEventSubscriber/LOADING]: Attempting to inject @EventBusSubscriber classes into the eventbus for cloth_config
[267月2026 23:42:19.806] [modloading-worker-0/DEBUG] [net.neoforged.fml.javafmlmod.AutomaticEventSubscriber/LOADING]: Scanning class com.enderio.core.common.network.CoreNetwork for @SubscribeEvent-annotated methods
[267月2026 23:42:19.812] [modloading-worker-0/DEBUG] [net.neoforged.fml.javafmlmod.AutomaticEventSubscriber/]: Subscribing @EventBusSubscriber class Lcom/enderio/core/common/network/CoreNetwork; to the mod event bus of mod endercore
[267月2026 23:42:19.824] [modloading-worker-0/DEBUG] [net.neoforged.fml.javafmlmod.AutomaticEventSubscriber/LOADING]: Scanning class com.enderio.core.client.ClientModEvents for @SubscribeEvent-annotated methods
[267月2026 23:42:19.828] [modloading-worker-0/DEBUG] [net.neoforged.fml.javafmlmod.AutomaticEventSubscriber/]: Subscribing @EventBusSubscriber class Lcom/enderio/core/client/ClientModEvents; to the mod event bus of mod endercore
[267月2026 23:42:19.844] [modloading-worker-0/DEBUG] [mixin/]: Mixing MixinClientConnection from lightoverlay-neoforge.mixins.json into net.minecraft.network.Connection
[267月2026 23:42:19.851] [modloading-worker-0/DEBUG] [mixin/]: lightoverlay-neoforge.mixins.json:MixinClientConnection from mod lightoverlay: Class version 65 required is higher than the class version supported by the current version of Mixin (JAVA_17 supports class version 61)
[267月2026 23:42:19.866] [modloading-worker-0/DEBUG] [mixin/]: lightoverlay-neoforge.mixins.json:MixinClientConnection from mod lightoverlay->@Inject::handlePacket(Lnet/minecraft/network/protocol/Packet;Lnet/minecraft/network/PacketListener;Lorg/spongepowered/asm/mixin/injection/callback/CallbackInfo;)V doesn't use it's CallbackInfo
[267月2026 23:42:19.886] [modloading-worker-0/DEBUG] [Framework/]: Loaded com.mrcrayfish.framework.platform.NeoForgePlatformHelper@18015336 for service interface com.mrcrayfish.framework.platform.services.IPlatformHelper
[267月2026 23:42:19.893] [modloading-worker-0/DEBUG] [Framework/]: Loaded com.mrcrayfish.framework.platform.NeoForgeNetworkHelper@c0730d1 for service interface com.mrcrayfish.framework.platform.services.INetworkHelper
[267月2026 23:42:19.902] [modloading-worker-0/DEBUG] [Framework/]: Loaded com.mrcrayfish.framework.platform.NeoForgeRegistrationHelper@670bd146 for service interface com.mrcrayfish.framework.platform.services.IRegistrationHelper
[267月2026 23:42:19.906] [modloading-worker-0/DEBUG] [Framework/]: Loaded com.mrcrayfish.framework.platform.NeoForgeEntityHelper@2d3224ed for service interface com.mrcrayfish.framework.platform.services.IEntityHelper
[267月2026 23:42:19.913] [modloading-worker-0/DEBUG] [Framework/]: Loaded com.mrcrayfish.framework.platform.NeoForgeConfigHelper@8aba5 for service interface com.mrcrayfish.framework.platform.services.IConfigHelper
[267月2026 23:42:19.916] [modloading-worker-0/DEBUG] [net.neoforged.fml.config.ConfigTracker/CONFIG]: Config file rts_building/rtsbuilding-common.toml for rtsbuilding tracking
[267月2026 23:42:19.916] [modloading-worker-0/DEBUG] [net.neoforged.fml.config.ConfigTracker/CONFIG]: Config file jei-server.toml for jei tracking
[267月2026 23:42:19.916] [modloading-worker-0/DEBUG] [net.neoforged.fml.javafmlmod.AutomaticEventSubscriber/LOADING]: Attempting to inject @EventBusSubscriber classes into the eventbus for rtsbuilding
[267月2026 23:42:19.916] [modloading-worker-0/DEBUG] [net.neoforged.fml.javafmlmod.AutomaticEventSubscriber/LOADING]: Scanning class com.rtsbuilding.rtsbuilding.client.bootstrap.ClientInputBridge for @SubscribeEvent-annotated methods
[267月2026 23:42:19.916] [modloading-worker-0/DEBUG] [net.neoforged.fml.config.ConfigTracker/CONFIG]: Config file enderio/modded-conduits-common.toml for enderio_modded_conduits tracking
[267月2026 23:42:19.916] [modloading-worker-0/DEBUG] [net.neoforged.fml.config.ConfigTracker/CONFIG]: Config file enderio/base-common.toml for enderio tracking
[267月2026 23:42:19.916] [modloading-worker-0/DEBUG] [net.neoforged.fml.config.ConfigTracker/CONFIG]: Config file enderio/base-client.toml for enderio tracking
[267月2026 23:42:19.925] [modloading-worker-0/DEBUG] [net.neoforged.fml.javafmlmod.AutomaticEventSubscriber/LOADING]: Attempting to inject @EventBusSubscriber classes into the eventbus for lightoverlay
[267月2026 23:42:19.932] [modloading-worker-0/DEBUG] [net.neoforged.fml.config.ConfigTracker/CONFIG]: Config file ModernUI/common.toml for modernui tracking
[267月2026 23:42:19.936] [modloading-worker-0/INFO] [ModernUI-MC/Init]: Initialized Modern UI
[267月2026 23:42:19.938] [modloading-worker-0/DEBUG] [net.neoforged.fml.config.ConfigTracker/CONFIG]: Config file enderio/machines-common.toml for enderio tracking
[267月2026 23:42:19.938] [modloading-worker-0/DEBUG] [net.neoforged.fml.config.ConfigTracker/CONFIG]: Config file enderio/machines-client.toml for enderio tracking
[267月2026 23:42:19.942] [modloading-worker-0/DEBUG] [net.neoforged.fml.javafmlmod.AutomaticEventSubscriber/]: Subscribing @EventBusSubscriber class Lcom/rtsbuilding/rtsbuilding/client/bootstrap/ClientInputBridge; to the game event bus
[267月2026 23:42:19.944] [modloading-worker-0/DEBUG] [net.neoforged.fml.config.ConfigTracker/CONFIG]: Config file enderio/conduits-common.toml for enderio tracking
[267月2026 23:42:19.945] [modloading-worker-0/WARN] [AE2:C/]: Unable to find class com.simibubi.create.foundation.ponder.PonderWorld. Integration with PonderJS disabled.
[267月2026 23:42:19.950] [modloading-worker-0/DEBUG] [net.neoforged.neoforge.internal.versions.neoforge.NeoForgeVersion/CORE]: Found NeoForge version 21.1.219
[267月2026 23:42:19.951] [modloading-worker-0/DEBUG] [net.neoforged.neoforge.internal.versions.neoforge.NeoForgeVersion/CORE]: Found FML version 4.0.42
[267月2026 23:42:19.951] [modloading-worker-0/INFO] [net.neoforged.neoforge.common.NeoForgeMod/NEOFORGE-MOD]: NeoForge mod loading, version 21.1.219, for MC 1.21.1
[267月2026 23:42:19.953] [modloading-worker-0/DEBUG] [net.neoforged.fml.config.ConfigTracker/CONFIG]: Config file ae2-client.toml for ae2 tracking
[267月2026 23:42:19.953] [modloading-worker-0/DEBUG] [net.neoforged.fml.config.ConfigTracker/CONFIG]: Config file ae2-common.toml for ae2 tracking
[267月2026 23:42:19.954] [modloading-worker-0/DEBUG] [net.neoforged.fml.javafmlmod.AutomaticEventSubscriber/LOADING]: Scanning class com.rtsbuilding.rtsbuilding.client.bootstrap.ClientRenderHandler for @SubscribeEvent-annotated methods
[267月2026 23:42:19.958] [modloading-worker-0/DEBUG] [net.neoforged.fml.javafmlmod.AutomaticEventSubscriber/LOADING]: Attempting to inject @EventBusSubscriber classes into the eventbus for refurbished_furniture
[267月2026 23:42:19.958] [modloading-worker-0/DEBUG] [net.neoforged.fml.javafmlmod.AutomaticEventSubscriber/LOADING]: Scanning class com.mrcrayfish.furniture.refurbished.client.NeoForgeClientEvents for @SubscribeEvent-annotated methods
[267月2026 23:42:19.964] [modloading-worker-0/DEBUG] [net.neoforged.fml.javafmlmod.AutomaticEventSubscriber/]: Subscribing @EventBusSubscriber class Lcom/rtsbuilding/rtsbuilding/client/bootstrap/ClientRenderHandler; to the game event bus
[267月2026 23:42:19.980] [modloading-worker-0/DEBUG] [net.neoforged.fml.javafmlmod.AutomaticEventSubscriber/LOADING]: Scanning class com.rtsbuilding.rtsbuilding.client.bootstrap.ClientRtsToggleHandler for @SubscribeEvent-annotated methods
[267月2026 23:42:19.983] [modloading-worker-0/DEBUG] [net.neoforged.fml.javafmlmod.AutomaticEventSubscriber/]: Subscribing @EventBusSubscriber class Lcom/rtsbuilding/rtsbuilding/client/bootstrap/ClientRtsToggleHandler; to the game event bus
[267月2026 23:42:19.984] [modloading-worker-0/DEBUG] [net.neoforged.fml.javafmlmod.AutomaticEventSubscriber/]: Subscribing @EventBusSubscriber class Lcom/mrcrayfish/furniture/refurbished/client/NeoForgeClientEvents; to the game event bus
[267月2026 23:42:19.984] [modloading-worker-0/DEBUG] [net.neoforged.fml.javafmlmod.AutomaticEventSubscriber/LOADING]: Scanning class com.rtsbuilding.rtsbuilding.client.bootstrap.ClientTickHandler for @SubscribeEvent-annotated methods
[267月2026 23:42:19.988] [modloading-worker-0/DEBUG] [net.neoforged.fml.javafmlmod.AutomaticEventSubscriber/LOADING]: Scanning class com.mrcrayfish.furniture.refurbished.client.ClientFurnitureMod for @SubscribeEvent-annotated methods
[267月2026 23:42:19.988] [modloading-worker-0/DEBUG] [net.neoforged.fml.javafmlmod.AutomaticEventSubscriber/]: Subscribing @EventBusSubscriber class Lcom/rtsbuilding/rtsbuilding/client/bootstrap/ClientTickHandler; to the game event bus
[267月2026 23:42:19.992] [modloading-worker-0/DEBUG] [net.neoforged.fml.javafmlmod.AutomaticEventSubscriber/LOADING]: Scanning class com.rtsbuilding.rtsbuilding.client.bootstrap.RtsClientBootstrap for @SubscribeEvent-annotated methods
[267月2026 23:42:19.997] [modloading-worker-0/DEBUG] [net.neoforged.fml.javafmlmod.AutomaticEventSubscriber/LOADING]: Attempting to inject @EventBusSubscriber classes into the eventbus for commonnetworking
[267月2026 23:42:20.002] [modloading-worker-0/DEBUG] [net.neoforged.fml.javafmlmod.AutomaticEventSubscriber/]: Subscribing @EventBusSubscriber class Lcom/rtsbuilding/rtsbuilding/client/bootstrap/RtsClientBootstrap; to the mod event bus of mod rtsbuilding
[267月2026 23:42:20.006] [modloading-worker-0/DEBUG] [net.neoforged.fml.javafmlmod.AutomaticEventSubscriber/LOADING]: Scanning class com.rtsbuilding.rtsbuilding.client.input.RtsClientInputGate for @SubscribeEvent-annotated methods
[267月2026 23:42:20.009] [modloading-worker-0/DEBUG] [net.neoforged.fml.config.ConfigTracker/CONFIG]: Config file neoforge-client.toml for neoforge tracking
[267月2026 23:42:20.009] [modloading-worker-0/DEBUG] [net.neoforged.fml.config.ConfigTracker/CONFIG]: Config file neoforge-server.toml for neoforge tracking
[267月2026 23:42:20.009] [modloading-worker-0/DEBUG] [net.neoforged.fml.config.ConfigTracker/CONFIG]: Config file neoforge-common.toml for neoforge tracking
[267月2026 23:42:20.015] [modloading-worker-0/DEBUG] [net.neoforged.fml.javafmlmod.AutomaticEventSubscriber/]: Subscribing @EventBusSubscriber class Lcom/mrcrayfish/furniture/refurbished/client/ClientFurnitureMod; to the mod event bus of mod refurbished_furniture
[267月2026 23:42:20.020] [modloading-worker-0/DEBUG] [net.neoforged.fml.javafmlmod.AutomaticEventSubscriber/]: Subscribing @EventBusSubscriber class Lcom/rtsbuilding/rtsbuilding/client/input/RtsClientInputGate; to the game event bus
[267月2026 23:42:20.024] [modloading-worker-0/DEBUG] [net.neoforged.fml.javafmlmod.AutomaticEventSubscriber/LOADING]: Scanning class com.rtsbuilding.rtsbuilding.client.render.ViewCaptureService for @SubscribeEvent-annotated methods
[267月2026 23:42:20.025] [modloading-worker-0/DEBUG] [net.neoforged.fml.javafmlmod.AutomaticEventSubscriber/LOADING]: Scanning class com.mrcrayfish.furniture.refurbished.NeoForgeEvents for @SubscribeEvent-annotated methods
[267月2026 23:42:20.027] [modloading-worker-0/DEBUG] [net.neoforged.fml.javafmlmod.AutomaticEventSubscriber/]: Subscribing @EventBusSubscriber class Lcom/mrcrayfish/furniture/refurbished/NeoForgeEvents; to the game event bus
[267月2026 23:42:20.028] [modloading-worker-0/DEBUG] [net.neoforged.fml.javafmlmod.AutomaticEventSubscriber/]: Subscribing @EventBusSubscriber class Lcom/rtsbuilding/rtsbuilding/client/render/ViewCaptureService; to the game event bus
[267月2026 23:42:20.029] [modloading-worker-0/DEBUG] [net.neoforged.fml.javafmlmod.AutomaticEventSubscriber/LOADING]: Scanning class com.rtsbuilding.rtsbuilding.network.RtsPayloadRegistrar for @SubscribeEvent-annotated methods
[267月2026 23:42:20.031] [modloading-worker-0/DEBUG] [net.neoforged.fml.javafmlmod.AutomaticEventSubscriber/]: Subscribing @EventBusSubscriber class Lcom/rtsbuilding/rtsbuilding/network/RtsPayloadRegistrar; to the mod event bus of mod rtsbuilding
[267月2026 23:42:20.032] [modloading-worker-0/DEBUG] [net.neoforged.fml.javafmlmod.AutomaticEventSubscriber/LOADING]: Scanning class com.rtsbuilding.rtsbuilding.RtsbuildingMod$GameEvents for @SubscribeEvent-annotated methods
[267月2026 23:42:20.037] [modloading-worker-0/DEBUG] [net.neoforged.fml.javafmlmod.AutomaticEventSubscriber/]: Subscribing @EventBusSubscriber class Lcom/rtsbuilding/rtsbuilding/RtsbuildingMod$GameEvents; to the game event bus
[267月2026 23:42:20.044] [modloading-worker-0/DEBUG] [net.neoforged.fml.javafmlmod.AutomaticEventSubscriber/LOADING]: Scanning class com.rtsbuilding.rtsbuilding.server.tracking.RtsBlockTrackingEvents for @SubscribeEvent-annotated methods
[267月2026 23:42:20.054] [modloading-worker-0/DEBUG] [net.neoforged.fml.javafmlmod.AutomaticEventSubscriber/]: Subscribing @EventBusSubscriber class Lcom/rtsbuilding/rtsbuilding/server/tracking/RtsBlockTrackingEvents; to the game event bus
[267月2026 23:42:20.060] [modloading-worker-0/DEBUG] [net.neoforged.fml.javafmlmod.AutomaticEventSubscriber/LOADING]: Attempting to inject @EventBusSubscriber classes into the eventbus for enderio_modded_conduits
[267月2026 23:42:20.060] [modloading-worker-0/DEBUG] [net.neoforged.fml.javafmlmod.AutomaticEventSubscriber/LOADING]: Scanning class com.enderio.modded_conduits.common.ModdedConduits for @SubscribeEvent-annotated methods
[267月2026 23:42:20.061] [modloading-worker-0/DEBUG] [net.neoforged.fml.javafmlmod.AutomaticEventSubscriber/]: Subscribing @EventBusSubscriber class Lcom/enderio/modded_conduits/common/ModdedConduits; to the mod event bus of mod enderio_modded_conduits
[267月2026 23:42:20.150] [modloading-worker-0/DEBUG] [mezz.jei.common.platform.Services/]: Loaded mezz.jei.neoforge.platform.PlatformHelper@5d140507 for service interface mezz.jei.common.platform.IPlatformHelper
[267月2026 23:42:20.168] [modloading-worker-0/DEBUG] [MrCrayfish's Furniture Mod: Refurbished/]: Loaded com.mrcrayfish.furniture.refurbished.platform.NeoForgePlatformHelper@743454d6 for service interface com.mrcrayfish.furniture.refurbished.platform.services.IPlatformHelper
[267月2026 23:42:20.175] [modloading-worker-0/DEBUG] [MrCrayfish's Furniture Mod: Refurbished/]: Loaded com.mrcrayfish.furniture.refurbished.platform.NeoForgeBlockHelper@67879bad for service interface com.mrcrayfish.furniture.refurbished.platform.services.IBlockHelper
[267月2026 23:42:20.186] [modloading-worker-0/DEBUG] [net.neoforged.fml.javafmlmod.AutomaticEventSubscriber/LOADING]: Attempting to inject @EventBusSubscriber classes into the eventbus for architectury
[267月2026 23:42:20.186] [modloading-worker-0/DEBUG] [MrCrayfish's Furniture Mod: Refurbished/]: Loaded com.mrcrayfish.furniture.refurbished.platform.NeoForgeBlockEntityHelper@7000b7fb for service interface com.mrcrayfish.furniture.refurbished.platform.services.IBlockEntityHelper
[267月2026 23:42:20.187] [modloading-worker-0/DEBUG] [MrCrayfish's Furniture Mod: Refurbished/]: Loaded com.mrcrayfish.furniture.refurbished.platform.NeoForgeItemHelper@2c51a8a4 for service interface com.mrcrayfish.furniture.refurbished.platform.services.IItemHelper
[267月2026 23:42:20.188] [modloading-worker-0/DEBUG] [net.neoforged.fml.javafmlmod.AutomaticEventSubscriber/LOADING]: Attempting to inject @EventBusSubscriber classes into the eventbus for neoforge
[267月2026 23:42:20.188] [modloading-worker-0/DEBUG] [net.neoforged.fml.javafmlmod.AutomaticEventSubscriber/LOADING]: Scanning class net.neoforged.neoforge.server.command.ConfigCommand for @SubscribeEvent-annotated methods
[267月2026 23:42:20.190] [modloading-worker-0/DEBUG] [net.neoforged.fml.javafmlmod.AutomaticEventSubscriber/]: Subscribing @EventBusSubscriber class Lnet/neoforged/neoforge/server/command/ConfigCommand; to the game event bus
[267月2026 23:42:20.191] [modloading-worker-0/DEBUG] [MrCrayfish's Furniture Mod: Refurbished/]: Loaded com.mrcrayfish.furniture.refurbished.platform.NeoForgeEntityHelper@3422ad19 for service interface com.mrcrayfish.furniture.refurbished.platform.services.IEntityHelper
[267月2026 23:42:20.191] [modloading-worker-0/DEBUG] [net.neoforged.fml.javafmlmod.AutomaticEventSubscriber/LOADING]: Scanning class net.neoforged.neoforge.network.filters.GenericPacketSplitter for @SubscribeEvent-annotated methods
[267月2026 23:42:20.192] [modloading-worker-0/DEBUG] [mezz.jei.common.config.file.ConfigSerializer/]: Loading config file: E:\Minecraft\Minecraft Modding\RTSbuilding\run\config\jei\jei-debug.ini
[267月2026 23:42:20.193] [modloading-worker-0/DEBUG] [MrCrayfish's Furniture Mod: Refurbished/]: Loaded com.mrcrayfish.furniture.refurbished.platform.NeoForgeRecipeHelper@764b40dc for service interface com.mrcrayfish.furniture.refurbished.platform.services.IRecipeHelper
[267月2026 23:42:20.198] [modloading-worker-0/DEBUG] [mezz.jei.common.config.file.ConfigSchema/]: Localization has not loaded yet, waiting to save the config file until JEI starts.
[267月2026 23:42:20.199] [modloading-worker-0/DEBUG] [MrCrayfish's Furniture Mod: Refurbished/]: Loaded com.mrcrayfish.furniture.refurbished.platform.NeoForgeFluidHelper@53c546c2 for service interface com.mrcrayfish.furniture.refurbished.platform.services.IFluidHelper
[267月2026 23:42:20.201] [modloading-worker-0/DEBUG] [MrCrayfish's Furniture Mod: Refurbished/]: Loaded com.mrcrayfish.furniture.refurbished.platform.NeoForgeTagHelper@47246973 for service interface com.mrcrayfish.furniture.refurbished.platform.services.ITagHelper
[267月2026 23:42:20.205] [modloading-worker-0/DEBUG] [net.neoforged.fml.config.ConfigTracker/CONFIG]: Config file journeymap-server.toml for journeymap tracking
[267月2026 23:42:20.206] [modloading-worker-0/DEBUG] [net.neoforged.fml.javafmlmod.AutomaticEventSubscriber/LOADING]: Attempting to inject @EventBusSubscriber classes into the eventbus for journeymap
[267月2026 23:42:20.206] [modloading-worker-0/DEBUG] [net.neoforged.fml.javafmlmod.AutomaticEventSubscriber/LOADING]: Scanning class journeymap.client.event.NeoForgeShaderRegistration for @SubscribeEvent-annotated methods
[267月2026 23:42:20.207] [modloading-worker-0/DEBUG] [MrCrayfish's Furniture Mod: Refurbished/]: Loaded com.mrcrayfish.furniture.refurbished.platform.NeoForgeMenuHelper@36512c60 for service interface com.mrcrayfish.furniture.refurbished.platform.services.IMenuHelper
[267月2026 23:42:20.209] [modloading-worker-0/DEBUG] [net.neoforged.fml.javafmlmod.AutomaticEventSubscriber/]: Subscribing @EventBusSubscriber class Ljourneymap/client/event/NeoForgeShaderRegistration; to the mod event bus of mod journeymap
[267月2026 23:42:20.213] [modloading-worker-0/DEBUG] [mezz.jei.common.config.file.ConfigSerializer/]: Loading config file: E:\Minecraft\Minecraft Modding\RTSbuilding\run\config\jei\jei-mod-id-format.ini
[267月2026 23:42:20.214] [modloading-worker-0/DEBUG] [mezz.jei.common.config.file.ConfigSchema/]: Localization has not loaded yet, waiting to save the config file until JEI starts.
[267月2026 23:42:20.226] [modloading-worker-0/DEBUG] [mezz.jei.common.config.file.ConfigSerializer/]: Loading config file: E:\Minecraft\Minecraft Modding\RTSbuilding\run\config\jei\jei-colors.ini
[267月2026 23:42:20.229] [modloading-worker-0/DEBUG] [mezz.jei.common.config.file.ConfigSchema/]: Localization has not loaded yet, waiting to save the config file until JEI starts.
[267月2026 23:42:20.270] [modloading-worker-0/DEBUG] [mixin/]: Mixing client.DynamicTextureMixin from journeymap.mixins.json into net.minecraft.client.renderer.texture.DynamicTexture
[267月2026 23:42:20.271] [modloading-worker-0/DEBUG] [mixin/]: journeymap.mixins.json:client.DynamicTextureMixin from mod journeymap: Class version 65 required is higher than the class version supported by the current version of Mixin (JAVA_17 supports class version 61)
[267月2026 23:42:20.271] [modloading-worker-0/DEBUG] [mixin/]: Renaming synthetic method lambda$journeymap$onClose$0(Lnet/minecraft/client/renderer/texture/DynamicTexture;)V to md8d9766$journeymap$lambda$journeymap$onClose$0$0 in journeymap.mixins.json:client.DynamicTextureMixin from mod journeymap
[267月2026 23:42:20.277] [modloading-worker-0/DEBUG] [mixin/]: journeymap.mixins.json:client.DynamicTextureMixin from mod journeymap->@Inject::journeymap$onClose(Lorg/spongepowered/asm/mixin/injection/callback/CallbackInfo;)V doesn't use it's CallbackInfo
[267月2026 23:42:20.277] [modloading-worker-0/DEBUG] [mixin/]: journeymap.mixins.json:client.DynamicTextureMixin from mod journeymap->@Inject::journeymap$onClose(Lorg/spongepowered/asm/mixin/injection/callback/CallbackInfo;)V has 0 override(s) in child classes
[267月2026 23:42:20.277] [modloading-worker-0/DEBUG] [mixin/]: journeymap.mixins.json:client.DynamicTextureMixin from mod journeymap->@Inject::journeymap$onClose(Lorg/spongepowered/asm/mixin/injection/callback/CallbackInfo;)V won't be passed a CallbackInfo as a result
[267月2026 23:42:20.278] [modloading-worker-0/DEBUG] [mezz.jei.common.config.file.ConfigSerializer/]: Loading config file: E:\Minecraft\Minecraft Modding\RTSbuilding\run\config\jei\jei-client.ini
[267月2026 23:42:20.279] [modloading-worker-0/DEBUG] [mixin/]: Mixing TextureAtlasMixin from ae2.mixins.json into net.minecraft.client.renderer.texture.TextureAtlas
[267月2026 23:42:20.279] [modloading-worker-0/DEBUG] [mixin/]: ae2.mixins.json:TextureAtlasMixin from mod ae2: Class version 65 required is higher than the class version supported by the current version of Mixin (JAVA_11 supports class version 55)
[267月2026 23:42:20.279] [modloading-worker-0/DEBUG] [mezz.jei.common.config.file.ConfigSchema/]: Localization has not loaded yet, waiting to save the config file until JEI starts.
[267月2026 23:42:20.279] [modloading-worker-0/DEBUG] [io.netty.buffer.AbstractByteBuf/]: -Dio.netty.buffer.checkAccessible: true
[267月2026 23:42:20.279] [modloading-worker-0/DEBUG] [io.netty.buffer.AbstractByteBuf/]: -Dio.netty.buffer.checkBounds: true
[267月2026 23:42:20.280] [modloading-worker-0/DEBUG] [mixin/]: ae2.mixins.json:TextureAtlasMixin from mod ae2->@Inject::uploadHook(Lnet/minecraft/client/renderer/texture/SpriteLoader$Preparations;Lorg/spongepowered/asm/mixin/injection/callback/CallbackInfo;)V doesn't use it's CallbackInfo
[267月2026 23:42:20.280] [modloading-worker-0/DEBUG] [mixin/]: ae2.mixins.json:TextureAtlasMixin from mod ae2->@Inject::uploadHook(Lnet/minecraft/client/renderer/texture/SpriteLoader$Preparations;Lorg/spongepowered/asm/mixin/injection/callback/CallbackInfo;)V has 0 override(s) in child classes
[267月2026 23:42:20.281] [modloading-worker-0/DEBUG] [mixin/]: ae2.mixins.json:TextureAtlasMixin from mod ae2->@Inject::uploadHook(Lnet/minecraft/client/renderer/texture/SpriteLoader$Preparations;Lorg/spongepowered/asm/mixin/injection/callback/CallbackInfo;)V won't be passed a CallbackInfo as a result
[267月2026 23:42:20.284] [modloading-worker-0/DEBUG] [io.netty.util.ResourceLeakDetectorFactory/]: Loaded default ResourceLeakDetector: io.netty.util.ResourceLeakDetector@cd398b5
[267月2026 23:42:20.299] [modloading-worker-0/INFO] [mezz.jei.library.load.PluginCaller/]: Sending ConfigManager...
[267月2026 23:42:20.304] [modloading-worker-0/DEBUG] [mezz.jei.library.load.PluginCallerTimerRunnable/]: Sending ConfigManager: jei:minecraft...
[267月2026 23:42:20.304] [modloading-worker-0/DEBUG] [mezz.jei.library.load.PluginCallerTimerRunnable/]: Sending ConfigManager: refurbished_furniture:plugin...
[267月2026 23:42:20.304] [modloading-worker-0/DEBUG] [mezz.jei.library.load.PluginCallerTimerRunnable/]: Sending ConfigManager: jei:neoforge_gui...
[267月2026 23:42:20.305] [modloading-worker-0/DEBUG] [mezz.jei.library.load.PluginCallerTimerRunnable/]: Sending ConfigManager: jei:debug...
[267月2026 23:42:20.305] [modloading-worker-0/DEBUG] [mezz.jei.library.load.PluginCallerTimerRunnable/]: Sending ConfigManager: jei:gui...
[267月2026 23:42:20.305] [modloading-worker-0/DEBUG] [mezz.jei.library.load.PluginCallerTimerRunnable/]: Sending ConfigManager: rtsbuilding:jei_plugin...
[267月2026 23:42:20.305] [modloading-worker-0/DEBUG] [mezz.jei.library.load.PluginCallerTimerRunnable/]: Sending ConfigManager: mekanism:jei_plugin...
[267月2026 23:42:20.305] [modloading-worker-0/DEBUG] [mezz.jei.library.load.PluginCallerTimerRunnable/]: Sending ConfigManager: mekanismgenerators:jei_plugin...
[267月2026 23:42:20.305] [modloading-worker-0/DEBUG] [mezz.jei.library.load.PluginCallerTimerRunnable/]: Sending ConfigManager: enderio:base...
[267月2026 23:42:20.305] [modloading-worker-0/DEBUG] [mezz.jei.library.load.PluginCallerTimerRunnable/]: Sending ConfigManager: enderio:machines...
[267月2026 23:42:20.305] [modloading-worker-0/DEBUG] [mezz.jei.library.load.PluginCallerTimerRunnable/]: Sending ConfigManager: jei:internal...
[267月2026 23:42:20.308] [modloading-worker-0/INFO] [mezz.jei.library.load.PluginCaller/]: Sending ConfigManager took 5.790 milliseconds
[267月2026 23:42:20.317] [modloading-worker-0/DEBUG] [mixin/]: Mixing LuceneVectorizationMixin from guideme.optional.mixins.json into guideme.internal.shaded.lucene.internal.vectorization.VectorizationProvider
[267月2026 23:42:20.317] [modloading-worker-0/DEBUG] [mixin/]: guideme.optional.mixins.json:LuceneVectorizationMixin from mod guideme: Class version 65 required is higher than the class version supported by the current version of Mixin (JAVA_11 supports class version 55)
[267月2026 23:42:20.318] [modloading-worker-0/DEBUG] [mixin/]: guideme.optional.mixins.json:LuceneVectorizationMixin from mod guideme->@Inject::getUpperJavaFeatureVersion(Lorg/spongepowered/asm/mixin/injection/callback/CallbackInfoReturnable;)V does use it's CallbackInfoReturnable
[267月2026 23:42:20.328] [modloading-worker-0/DEBUG] [net.neoforged.fml.javafmlmod.AutomaticEventSubscriber/LOADING]: Attempting to inject @EventBusSubscriber classes into the eventbus for jei
[267月2026 23:42:20.343] [modloading-worker-0/DEBUG] [io.netty.util.internal.InternalThreadLocalMap/]: -Dio.netty.threadLocalMap.stringBuilder.initialSize: 1024
[267月2026 23:42:20.343] [modloading-worker-0/DEBUG] [io.netty.util.internal.InternalThreadLocalMap/]: -Dio.netty.threadLocalMap.stringBuilder.maxSize: 4096
[267月2026 23:42:20.373] [modloading-worker-0/DEBUG] [io.netty.buffer.PooledByteBufAllocator/]: -Dio.netty.allocator.numHeapArenas: 64
[267月2026 23:42:20.373] [modloading-worker-0/DEBUG] [io.netty.buffer.PooledByteBufAllocator/]: -Dio.netty.allocator.numDirectArenas: 64
[267月2026 23:42:20.373] [modloading-worker-0/DEBUG] [io.netty.buffer.PooledByteBufAllocator/]: -Dio.netty.allocator.pageSize: 8192
[267月2026 23:42:20.373] [modloading-worker-0/DEBUG] [io.netty.buffer.PooledByteBufAllocator/]: -Dio.netty.allocator.maxOrder: 9
[267月2026 23:42:20.373] [modloading-worker-0/DEBUG] [io.netty.buffer.PooledByteBufAllocator/]: -Dio.netty.allocator.chunkSize: 4194304
[267月2026 23:42:20.373] [modloading-worker-0/DEBUG] [io.netty.buffer.PooledByteBufAllocator/]: -Dio.netty.allocator.smallCacheSize: 256
[267月2026 23:42:20.373] [modloading-worker-0/DEBUG] [io.netty.buffer.PooledByteBufAllocator/]: -Dio.netty.allocator.normalCacheSize: 64
[267月2026 23:42:20.373] [modloading-worker-0/DEBUG] [io.netty.buffer.PooledByteBufAllocator/]: -Dio.netty.allocator.maxCachedBufferCapacity: 32768
[267月2026 23:42:20.373] [modloading-worker-0/DEBUG] [io.netty.buffer.PooledByteBufAllocator/]: -Dio.netty.allocator.cacheTrimInterval: 8192
[267月2026 23:42:20.373] [modloading-worker-0/DEBUG] [io.netty.buffer.PooledByteBufAllocator/]: -Dio.netty.allocator.cacheTrimIntervalMillis: 0
[267月2026 23:42:20.373] [modloading-worker-0/DEBUG] [io.netty.buffer.PooledByteBufAllocator/]: -Dio.netty.allocator.useCacheForAllThreads: false
[267月2026 23:42:20.373] [modloading-worker-0/DEBUG] [io.netty.buffer.PooledByteBufAllocator/]: -Dio.netty.allocator.maxCachedByteBuffersPerChunk: 1023
[267月2026 23:42:20.402] [modloading-worker-0/DEBUG] [mixin/]: Mixing MixinFontRenderer from mixins.modernui-textmc.json into net.minecraft.client.gui.Font
[267月2026 23:42:20.402] [modloading-worker-0/DEBUG] [mixin/]: mixins.modernui-textmc.json:MixinFontRenderer from mod modernui: Class version 65 required is higher than the class version supported by the current version of Mixin (JAVA_17 supports class version 61)
[267月2026 23:42:20.419] [modloading-worker-0/DEBUG] [io.netty.buffer.ByteBufUtil/]: -Dio.netty.allocator.type: pooled
[267月2026 23:42:20.419] [modloading-worker-0/DEBUG] [io.netty.buffer.ByteBufUtil/]: -Dio.netty.threadLocalDirectBufferSize: 0
[267月2026 23:42:20.419] [modloading-worker-0/DEBUG] [io.netty.buffer.ByteBufUtil/]: -Dio.netty.maxThreadLocalCharBufferSize: 16384
[267月2026 23:42:20.459] [modloading-worker-0/DEBUG] [net.neoforged.fml.javafmlmod.AutomaticEventSubscriber/]: Subscribing @EventBusSubscriber class Lnet/neoforged/neoforge/network/filters/GenericPacketSplitter; to the mod event bus of mod neoforge
[267月2026 23:42:20.466] [modloading-worker-0/DEBUG] [net.neoforged.fml.javafmlmod.AutomaticEventSubscriber/LOADING]: Scanning class net.neoforged.neoforge.network.NetworkInitialization for @SubscribeEvent-annotated methods
[267月2026 23:42:20.469] [modloading-worker-0/DEBUG] [net.neoforged.fml.javafmlmod.AutomaticEventSubscriber/]: Subscribing @EventBusSubscriber class Lnet/neoforged/neoforge/network/NetworkInitialization; to the mod event bus of mod neoforge
[267月2026 23:42:20.469] [modloading-worker-0/INFO] [ModernUI-MC/UIManager]: UI manager initialized
[267月2026 23:42:20.469] [modloading-worker-0/DEBUG] [net.neoforged.fml.config.ConfigTracker/CONFIG]: Config file ModernUI/client.toml for modernui tracking
[267月2026 23:42:20.469] [modloading-worker-0/DEBUG] [net.neoforged.fml.config.ConfigTracker/CONFIG]: Config file ModernUI/text.toml for modernui tracking
[267月2026 23:42:20.470] [modloading-worker-0/DEBUG] [net.neoforged.fml.javafmlmod.AutomaticEventSubscriber/LOADING]: Scanning class net.neoforged.neoforge.network.ConfigurationInitialization for @SubscribeEvent-annotated methods
[267月2026 23:42:20.479] [modloading-worker-0/DEBUG] [net.neoforged.fml.javafmlmod.AutomaticEventSubscriber/]: Subscribing @EventBusSubscriber class Lnet/neoforged/neoforge/network/ConfigurationInitialization; to the mod event bus of mod neoforge
[267月2026 23:42:20.480] [modloading-worker-0/DEBUG] [net.neoforged.fml.javafmlmod.AutomaticEventSubscriber/LOADING]: Scanning class net.neoforged.neoforge.common.MonsterRoomHooks for @SubscribeEvent-annotated methods
[267月2026 23:42:20.484] [modloading-worker-0/DEBUG] [net.neoforged.fml.javafmlmod.AutomaticEventSubscriber/]: Subscribing @EventBusSubscriber class Lnet/neoforged/neoforge/common/MonsterRoomHooks; to the game event bus
[267月2026 23:42:20.485] [modloading-worker-0/DEBUG] [net.neoforged.fml.javafmlmod.AutomaticEventSubscriber/LOADING]: Scanning class net.neoforged.neoforge.common.DeferredSpawnEggItem$CommonHandler for @SubscribeEvent-annotated methods
[267月2026 23:42:20.489] [modloading-worker-0/DEBUG] [net.neoforged.fml.javafmlmod.AutomaticEventSubscriber/]: Subscribing @EventBusSubscriber class Lnet/neoforged/neoforge/common/DeferredSpawnEggItem$CommonHandler; to the mod event bus of mod neoforge
[267月2026 23:42:20.490] [modloading-worker-0/DEBUG] [net.neoforged.fml.javafmlmod.AutomaticEventSubscriber/LOADING]: Scanning class net.neoforged.neoforge.common.DeferredSpawnEggItem$ColorRegisterHandler for @SubscribeEvent-annotated methods
[267月2026 23:42:20.492] [modloading-worker-0/DEBUG] [net.neoforged.fml.javafmlmod.AutomaticEventSubscriber/]: Subscribing @EventBusSubscriber class Lnet/neoforged/neoforge/common/DeferredSpawnEggItem$ColorRegisterHandler; to the mod event bus of mod neoforge
[267月2026 23:42:20.494] [modloading-worker-0/DEBUG] [net.neoforged.fml.javafmlmod.AutomaticEventSubscriber/LOADING]: Scanning class net.neoforged.neoforge.client.model.data.ModelDataManager for @SubscribeEvent-annotated methods
[267月2026 23:42:20.501] [modloading-worker-0/DEBUG] [net.neoforged.fml.javafmlmod.AutomaticEventSubscriber/]: Subscribing @EventBusSubscriber class Lnet/neoforged/neoforge/client/model/data/ModelDataManager; to the game event bus
[267月2026 23:42:20.501] [modloading-worker-0/DEBUG] [net.neoforged.fml.javafmlmod.AutomaticEventSubscriber/LOADING]: Scanning class net.neoforged.neoforge.client.ParticleBoundsDebugRenderer for @SubscribeEvent-annotated methods
[267月2026 23:42:20.508] [modloading-worker-0/DEBUG] [net.neoforged.fml.javafmlmod.AutomaticEventSubscriber/]: Subscribing @EventBusSubscriber class Lnet/neoforged/neoforge/client/ParticleBoundsDebugRenderer; to the game event bus
[267月2026 23:42:20.510] [modloading-worker-0/DEBUG] [net.neoforged.fml.javafmlmod.AutomaticEventSubscriber/LOADING]: Scanning class net.neoforged.neoforge.client.ClientHooks$ClientEvents for @SubscribeEvent-annotated methods
[267月2026 23:42:20.514] [modloading-worker-0/DEBUG] [net.neoforged.fml.javafmlmod.AutomaticEventSubscriber/]: Subscribing @EventBusSubscriber class Lnet/neoforged/neoforge/client/ClientHooks$ClientEvents; to the mod event bus of mod neoforge
[267月2026 23:42:20.515] [modloading-worker-0/DEBUG] [net.neoforged.fml.javafmlmod.AutomaticEventSubscriber/LOADING]: Scanning class net.neoforged.neoforge.client.BlockEntityRenderBoundsDebugRenderer for @SubscribeEvent-annotated methods
[267月2026 23:42:20.518] [modloading-worker-0/DEBUG] [net.neoforged.fml.javafmlmod.AutomaticEventSubscriber/]: Subscribing @EventBusSubscriber class Lnet/neoforged/neoforge/client/BlockEntityRenderBoundsDebugRenderer; to the game event bus
[267月2026 23:42:20.521] [modloading-worker-0/DEBUG] [net.neoforged.fml.javafmlmod.AutomaticEventSubscriber/LOADING]: Scanning class net.neoforged.neoforge.attachment.AttachmentSync for @SubscribeEvent-annotated methods
[267月2026 23:42:20.533] [modloading-worker-0/DEBUG] [net.neoforged.fml.javafmlmod.AutomaticEventSubscriber/]: Subscribing @EventBusSubscriber class Lnet/neoforged/neoforge/attachment/AttachmentSync; to the game event bus
[267月2026 23:42:20.533] [modloading-worker-0/DEBUG] [net.neoforged.fml.javafmlmod.AutomaticEventSubscriber/LOADING]: Scanning class net.neoforged.neoforge.attachment.AttachmentInternals for @SubscribeEvent-annotated methods
[267月2026 23:42:20.536] [modloading-worker-0/DEBUG] [net.neoforged.fml.javafmlmod.AutomaticEventSubscriber/]: Subscribing @EventBusSubscriber class Lnet/neoforged/neoforge/attachment/AttachmentInternals; to the game event bus
[267月2026 23:42:20.631] [modloading-worker-0/DEBUG] [net.neoforged.fml.config.ConfigTracker/CONFIG]: Config file Mekanism/client.toml for mekanism tracking
[267月2026 23:42:20.631] [modloading-worker-0/DEBUG] [net.neoforged.fml.config.ConfigTracker/CONFIG]: Config file Mekanism/common.toml for mekanism tracking
[267月2026 23:42:20.631] [modloading-worker-0/DEBUG] [net.neoforged.fml.config.ConfigTracker/CONFIG]: Config file Mekanism/general.toml for mekanism tracking
[267月2026 23:42:20.631] [modloading-worker-0/DEBUG] [net.neoforged.fml.config.ConfigTracker/CONFIG]: Config file Mekanism/gear.toml for mekanism tracking
[267月2026 23:42:20.631] [modloading-worker-0/DEBUG] [net.neoforged.fml.config.ConfigTracker/CONFIG]: Config file Mekanism/startup.toml for mekanism tracking
[267月2026 23:42:20.677] [modloading-worker-0/DEBUG] [net.neoforged.fml.config.ConfigTracker/CONFIG]: Loaded TOML config file E:\Minecraft\Minecraft Modding\RTSbuilding\run\config\Mekanism\startup.toml
[267月2026 23:42:20.690] [modloading-worker-0/DEBUG] [net.neoforged.fml.config.ConfigTracker/CONFIG]: Watching TOML config file E:\Minecraft\Minecraft Modding\RTSbuilding\run\config\Mekanism\startup.toml for changes
[267月2026 23:42:20.690] [modloading-worker-0/DEBUG] [net.neoforged.fml.config.ConfigTracker/CONFIG]: Config file Mekanism/machine-storage.toml for mekanism tracking
[267月2026 23:42:20.690] [modloading-worker-0/DEBUG] [net.neoforged.fml.config.ConfigTracker/CONFIG]: Config file Mekanism/tiers.toml for mekanism tracking
[267月2026 23:42:20.690] [modloading-worker-0/DEBUG] [net.neoforged.fml.config.ConfigTracker/CONFIG]: Config file Mekanism/machine-usage.toml for mekanism tracking
[267月2026 23:42:20.690] [modloading-worker-0/DEBUG] [net.neoforged.fml.config.ConfigTracker/CONFIG]: Config file Mekanism/world.toml for mekanism tracking
[267月2026 23:42:20.722] [modloading-worker-0/DEBUG] [net.neoforged.fml.config.ConfigTracker/CONFIG]: Config file guideme.toml for guideme tracking
[267月2026 23:42:20.744] [modloading-worker-0/DEBUG] [net.neoforged.fml.javafmlmod.AutomaticEventSubscriber/LOADING]: Attempting to inject @EventBusSubscriber classes into the eventbus for guideme
[267月2026 23:42:20.862] [modloading-worker-0/DEBUG] [mixin/]: Mixing MixinStringSplitter from mixins.modernui-neoforge.json into net.minecraft.client.StringSplitter
[267月2026 23:42:20.862] [modloading-worker-0/DEBUG] [mixin/]: mixins.modernui-neoforge.json:MixinStringSplitter from mod modernui: Class version 65 required is higher than the class version supported by the current version of Mixin (JAVA_17 supports class version 61)
[267月2026 23:42:20.864] [modloading-worker-0/DEBUG] [mixin/]: mixins.modernui-neoforge.json:MixinStringSplitter from mod modernui->@Inject::getWordPosition(Ljava/lang/String;IIZLorg/spongepowered/asm/mixin/injection/callback/CallbackInfoReturnable;)V does use it's CallbackInfoReturnable
[267月2026 23:42:20.875] [modloading-worker-0/INFO] [ModernUI-MC/Init]: Created TextLayoutEngine
[267月2026 23:42:20.879] [modloading-worker-0/INFO] [ModernUI-MC/Init]: Initialized Modern UI text engine
[267月2026 23:42:20.891] [modloading-worker-0/INFO] [ModernUI-MC/Init]: Initialized Modern UI client
[267月2026 23:42:20.891] [modloading-worker-0/DEBUG] [net.neoforged.fml.javafmlmod.AutomaticEventSubscriber/LOADING]: Attempting to inject @EventBusSubscriber classes into the eventbus for modernui
[267月2026 23:42:20.891] [modloading-worker-0/DEBUG] [net.neoforged.fml.javafmlmod.AutomaticEventSubscriber/LOADING]: Scanning class icyllis.modernui.mc.neoforge.Registration for @SubscribeEvent-annotated methods
[267月2026 23:42:20.895] [modloading-worker-0/DEBUG] [net.neoforged.fml.javafmlmod.AutomaticEventSubscriber/]: Subscribing @EventBusSubscriber class Licyllis/modernui/mc/neoforge/Registration; to the mod event bus of mod modernui
[267月2026 23:42:20.897] [modloading-worker-0/DEBUG] [net.neoforged.fml.javafmlmod.AutomaticEventSubscriber/LOADING]: Scanning class icyllis.modernui.mc.neoforge.Registration$ModClient for @SubscribeEvent-annotated methods
[267月2026 23:42:20.909] [modloading-worker-0/DEBUG] [net.neoforged.fml.javafmlmod.AutomaticEventSubscriber/]: Subscribing @EventBusSubscriber class Licyllis/modernui/mc/neoforge/Registration$ModClient; to the mod event bus of mod modernui
[267月2026 23:42:20.916] [modloading-worker-0/DEBUG] [net.neoforged.fml.javafmlmod.AutomaticEventSubscriber/LOADING]: Scanning class icyllis.modernui.mc.neoforge.EventHandler for @SubscribeEvent-annotated methods
[267月2026 23:42:20.918] [modloading-worker-0/DEBUG] [net.neoforged.fml.javafmlmod.AutomaticEventSubscriber/]: Subscribing @EventBusSubscriber class Licyllis/modernui/mc/neoforge/EventHandler; to the game event bus
[267月2026 23:42:20.920] [modloading-worker-0/DEBUG] [net.neoforged.fml.javafmlmod.AutomaticEventSubscriber/LOADING]: Scanning class icyllis.modernui.mc.neoforge.EventHandler$Client for @SubscribeEvent-annotated methods
[267月2026 23:42:20.922] [modloading-worker-0/DEBUG] [net.neoforged.fml.javafmlmod.AutomaticEventSubscriber/]: Subscribing @EventBusSubscriber class Licyllis/modernui/mc/neoforge/EventHandler$Client; to the game event bus
[267月2026 23:42:21.228] [UI thread/INFO] [ModernUI-MC/UIManager]: UI thread initialized in 853ms
[267月2026 23:42:21.238] [modloading-worker-0/DEBUG] [Framework/]: Started watching config: E:\Minecraft\Minecraft Modding\RTSbuilding\run\config\refurbished_furniture.client.toml
[267月2026 23:42:21.279] [modloading-worker-0/DEBUG] [net.neoforged.fml.javafmlmod.AutomaticEventSubscriber/LOADING]: Attempting to inject @EventBusSubscriber classes into the eventbus for framework
[267月2026 23:42:21.279] [modloading-worker-0/DEBUG] [net.neoforged.fml.javafmlmod.AutomaticEventSubscriber/LOADING]: Scanning class com.mrcrayfish.framework.client.model.geometry.OpenModelGeometry$Loader for @SubscribeEvent-annotated methods
[267月2026 23:42:21.284] [modloading-worker-0/DEBUG] [net.neoforged.fml.javafmlmod.AutomaticEventSubscriber/]: Subscribing @EventBusSubscriber class Lcom/mrcrayfish/framework/client/model/geometry/OpenModelGeometry$Loader; to the mod event bus of mod framework
[267月2026 23:42:21.284] [modloading-worker-0/DEBUG] [net.neoforged.fml.javafmlmod.AutomaticEventSubscriber/LOADING]: Scanning class com.mrcrayfish.framework.client.ClientFrameworkNeoForge for @SubscribeEvent-annotated methods
[267月2026 23:42:21.288] [modloading-worker-0/DEBUG] [net.neoforged.fml.javafmlmod.AutomaticEventSubscriber/]: Subscribing @EventBusSubscriber class Lcom/mrcrayfish/framework/client/ClientFrameworkNeoForge; to the mod event bus of mod framework
[267月2026 23:42:21.362] [modloading-worker-0/DEBUG] [com.enderio.enderio.EnderIO/]: Activating mod integration for laserio
[267月2026 23:42:21.362] [modloading-worker-0/DEBUG] [com.enderio.enderio.EnderIO/]: Activating mod integration for ftbultimine
[267月2026 23:42:21.364] [modloading-worker-0/DEBUG] [com.enderio.enderio.EnderIO/]: Activating mod integration for computercraft
[267月2026 23:42:21.364] [modloading-worker-0/DEBUG] [com.enderio.enderio.EnderIO/]: Activating mod integration for inventorysorter
[267月2026 23:42:21.380] [modloading-worker-0/DEBUG] [net.neoforged.fml.javafmlmod.AutomaticEventSubscriber/LOADING]: Attempting to inject @EventBusSubscriber classes into the eventbus for enderio
[267月2026 23:42:21.380] [modloading-worker-0/DEBUG] [net.neoforged.fml.javafmlmod.AutomaticEventSubscriber/LOADING]: Scanning class com.enderio.enderio.compat.vanilla.VanillaCompat for @SubscribeEvent-annotated methods
[267月2026 23:42:21.382] [modloading-worker-0/DEBUG] [net.neoforged.fml.javafmlmod.AutomaticEventSubscriber/]: Subscribing @EventBusSubscriber class Lcom/enderio/enderio/compat/vanilla/VanillaCompat; to the mod event bus of mod enderio
[267月2026 23:42:21.383] [modloading-worker-0/DEBUG] [net.neoforged.fml.javafmlmod.AutomaticEventSubscriber/LOADING]: Scanning class com.enderio.enderio.init.EIOCapabilityProviders for @SubscribeEvent-annotated methods
[267月2026 23:42:21.386] [modloading-worker-0/DEBUG] [net.neoforged.fml.javafmlmod.AutomaticEventSubscriber/]: Subscribing @EventBusSubscriber class Lcom/enderio/enderio/init/EIOCapabilityProviders; to the mod event bus of mod enderio
[267月2026 23:42:21.386] [modloading-worker-0/DEBUG] [net.neoforged.fml.javafmlmod.AutomaticEventSubscriber/LOADING]: Scanning class com.enderio.enderio.init.EIODataMaps for @SubscribeEvent-annotated methods
[267月2026 23:42:21.387] [modloading-worker-0/DEBUG] [net.neoforged.fml.javafmlmod.AutomaticEventSubscriber/]: Subscribing @EventBusSubscriber class Lcom/enderio/enderio/init/EIODataMaps; to the mod event bus of mod enderio
[267月2026 23:42:21.388] [modloading-worker-0/DEBUG] [net.neoforged.fml.javafmlmod.AutomaticEventSubscriber/LOADING]: Scanning class com.enderio.enderio.init.EIOFarmTasks for @SubscribeEvent-annotated methods
[267月2026 23:42:21.389] [modloading-worker-0/DEBUG] [net.neoforged.fml.javafmlmod.AutomaticEventSubscriber/]: Subscribing @EventBusSubscriber class Lcom/enderio/enderio/init/EIOFarmTasks; to the mod event bus of mod enderio
[267月2026 23:42:21.390] [modloading-worker-0/DEBUG] [net.neoforged.fml.javafmlmod.AutomaticEventSubscriber/LOADING]: Scanning class com.enderio.enderio.content.tools.hang_glider.PlayerMovementHandler for @SubscribeEvent-annotated methods
[267月2026 23:42:21.392] [modloading-worker-0/DEBUG] [net.neoforged.fml.javafmlmod.AutomaticEventSubscriber/]: Subscribing @EventBusSubscriber class Lcom/enderio/enderio/content/tools/hang_glider/PlayerMovementHandler; to the game event bus
[267月2026 23:42:21.392] [modloading-worker-0/DEBUG] [net.neoforged.fml.javafmlmod.AutomaticEventSubscriber/LOADING]: Scanning class com.enderio.enderio.content.tools.hang_glider.UseGliderAdvancementBenefit for @SubscribeEvent-annotated methods
[267月2026 23:42:21.394] [modloading-worker-0/DEBUG] [net.neoforged.fml.javafmlmod.AutomaticEventSubscriber/]: Subscribing @EventBusSubscriber class Lcom/enderio/enderio/content/tools/hang_glider/UseGliderAdvancementBenefit; to the game event bus
[267月2026 23:42:21.396] [modloading-worker-0/DEBUG] [net.neoforged.fml.javafmlmod.AutomaticEventSubscriber/LOADING]: Scanning class com.enderio.enderio.content.tools.vials.SoulVialItem for @SubscribeEvent-annotated methods
[267月2026 23:42:21.397] [modloading-worker-0/DEBUG] [net.neoforged.fml.javafmlmod.AutomaticEventSubscriber/LOADING]: Found mix of game bus and mod bus listeners in @EventBusSubscriber class Lcom/enderio/enderio/content/tools/vials/SoulVialItem;, registering them separately
[267月2026 23:42:21.397] [modloading-worker-0/DEBUG] [net.neoforged.fml.javafmlmod.AutomaticEventSubscriber/LOADING]: Subscribing method public static void com.enderio.enderio.content.tools.vials.SoulVialItem.onCommonSetup(net.neoforged.fml.event.lifecycle.FMLCommonSetupEvent) to the event bus of mod enderio
[267月2026 23:42:21.398] [modloading-worker-0/DEBUG] [net.neoforged.fml.javafmlmod.AutomaticEventSubscriber/LOADING]: Subscribing method public static void com.enderio.enderio.content.tools.vials.SoulVialItem.onLivingInteract(net.neoforged.neoforge.event.entity.player.PlayerInteractEvent$EntityInteractSpecific) to the game event bus
[267月2026 23:42:21.399] [modloading-worker-0/DEBUG] [net.neoforged.fml.javafmlmod.AutomaticEventSubscriber/LOADING]: Scanning class com.enderio.enderio.content.tools.vials.VoidVialItem for @SubscribeEvent-annotated methods
[267月2026 23:42:21.402] [modloading-worker-0/DEBUG] [net.neoforged.fml.javafmlmod.AutomaticEventSubscriber/]: Subscribing @EventBusSubscriber class Lcom/enderio/enderio/content/tools/vials/VoidVialItem; to the game event bus
[267月2026 23:42:21.408] [modloading-worker-0/DEBUG] [net.neoforged.fml.javafmlmod.AutomaticEventSubscriber/LOADING]: Scanning class com.enderio.enderio.content.decor.DarkSteelLadderHandler for @SubscribeEvent-annotated methods
[267月2026 23:42:21.408] [modloading-worker-0/DEBUG] [net.neoforged.fml.javafmlmod.AutomaticEventSubscriber/]: Subscribing @EventBusSubscriber class Lcom/enderio/enderio/content/decor/DarkSteelLadderHandler; to the game event bus
[267月2026 23:42:21.409] [modloading-worker-0/DEBUG] [net.neoforged.fml.javafmlmod.AutomaticEventSubscriber/LOADING]: Scanning class com.enderio.enderio.content.conduits.bundle.ConduitBundleBlock for @SubscribeEvent-annotated methods
[267月2026 23:42:21.409] [modloading-worker-0/DEBUG] [net.neoforged.fml.javafmlmod.AutomaticEventSubscriber/]: Subscribing @EventBusSubscriber class Lcom/enderio/enderio/content/conduits/bundle/ConduitBundleBlock; to the game event bus
[267月2026 23:42:21.410] [modloading-worker-0/DEBUG] [net.neoforged.fml.javafmlmod.AutomaticEventSubscriber/LOADING]: Scanning class com.enderio.enderio.content.conduits.bundle.ConduitSpectatorOpenScreenEvent for @SubscribeEvent-annotated methods
[267月2026 23:42:21.410] [modloading-worker-0/DEBUG] [net.neoforged.fml.javafmlmod.AutomaticEventSubscriber/]: Subscribing @EventBusSubscriber class Lcom/enderio/enderio/content/conduits/bundle/ConduitSpectatorOpenScreenEvent; to the game event bus
[267月2026 23:42:21.412] [modloading-worker-0/DEBUG] [net.neoforged.fml.javafmlmod.AutomaticEventSubscriber/LOADING]: Scanning class com.enderio.enderio.content.conduits.network.ConduitNetworkSavedData for @SubscribeEvent-annotated methods
[267月2026 23:42:21.467] [modloading-worker-0/DEBUG] [net.neoforged.fml.javafmlmod.AutomaticEventSubscriber/]: Subscribing @EventBusSubscriber class Lcom/enderio/enderio/content/conduits/network/ConduitNetworkSavedData; to the game event bus
[267月2026 23:42:21.468] [modloading-worker-0/DEBUG] [net.neoforged.fml.javafmlmod.AutomaticEventSubscriber/LOADING]: Scanning class com.enderio.enderio.content.conduits.ConduitSorter for @SubscribeEvent-annotated methods
[267月2026 23:42:21.469] [modloading-worker-0/DEBUG] [net.neoforged.fml.javafmlmod.AutomaticEventSubscriber/]: Subscribing @EventBusSubscriber class Lcom/enderio/enderio/content/conduits/ConduitSorter; to the game event bus
[267月2026 23:42:21.469] [modloading-worker-0/DEBUG] [net.neoforged.fml.javafmlmod.AutomaticEventSubscriber/LOADING]: Scanning class com.enderio.enderio.content.travel.TravelTargetSavedData for @SubscribeEvent-annotated methods
[267月2026 23:42:21.470] [modloading-worker-0/DEBUG] [net.neoforged.fml.javafmlmod.AutomaticEventSubscriber/]: Subscribing @EventBusSubscriber class Lcom/enderio/enderio/content/travel/TravelTargetSavedData; to the game event bus
[267月2026 23:42:21.471] [modloading-worker-0/DEBUG] [net.neoforged.fml.javafmlmod.AutomaticEventSubscriber/LOADING]: Scanning class com.enderio.enderio.content.fire_crafting.FireCraftingManager for @SubscribeEvent-annotated methods
[267月2026 23:42:21.475] [modloading-worker-0/DEBUG] [mixin/]: Mixing MixinGameRenderer from mixins.modernui-neoforge.json into net.minecraft.client.renderer.GameRenderer
[267月2026 23:42:21.475] [modloading-worker-0/DEBUG] [mixin/]: mixins.modernui-neoforge.json:MixinGameRenderer from mod modernui: Class version 65 required is higher than the class version supported by the current version of Mixin (JAVA_17 supports class version 61)
[267月2026 23:42:21.477] [modloading-worker-0/DEBUG] [net.neoforged.fml.javafmlmod.AutomaticEventSubscriber/]: Subscribing @EventBusSubscriber class Lcom/enderio/enderio/content/fire_crafting/FireCraftingManager; to the game event bus
[267月2026 23:42:21.478] [modloading-worker-0/DEBUG] [mixin/]: Mixing MixinGameRenderer from mixins.modernui-textmc.json into net.minecraft.client.renderer.GameRenderer
[267月2026 23:42:21.478] [modloading-worker-0/DEBUG] [mixin/]: mixins.modernui-textmc.json:MixinGameRenderer from mod modernui: Class version 65 required is higher than the class version supported by the current version of Mixin (JAVA_17 supports class version 61)
[267月2026 23:42:21.478] [modloading-worker-0/DEBUG] [net.neoforged.fml.javafmlmod.AutomaticEventSubscriber/LOADING]: Scanning class com.enderio.enderio.content.machines.soul_engine.SoulEngineBlockEntity for @SubscribeEvent-annotated methods
[267月2026 23:42:21.480] [modloading-worker-0/DEBUG] [mixin/]: mixins.modernui-neoforge.json:MixinGameRenderer from mod modernui->@Inject::onResize(IILorg/spongepowered/asm/mixin/injection/callback/CallbackInfo;)V doesn't use it's CallbackInfo
[267月2026 23:42:21.480] [modloading-worker-0/DEBUG] [mixin/]: mixins.modernui-neoforge.json:MixinGameRenderer from mod modernui->@Inject::onResize(IILorg/spongepowered/asm/mixin/injection/callback/CallbackInfo;)V has 0 override(s) in child classes
[267月2026 23:42:21.480] [modloading-worker-0/DEBUG] [mixin/]: mixins.modernui-neoforge.json:MixinGameRenderer from mod modernui->@Inject::onResize(IILorg/spongepowered/asm/mixin/injection/callback/CallbackInfo;)V won't be passed a CallbackInfo as a result
[267月2026 23:42:21.480] [modloading-worker-0/DEBUG] [mixin/]: mixins.modernui-neoforge.json:MixinGameRenderer from mod modernui->@Inject::onLoadBlurEffect(Lnet/minecraft/server/packs/resources/ResourceProvider;Lorg/spongepowered/asm/mixin/injection/callback/CallbackInfo;)V does use it's CallbackInfo
[267月2026 23:42:21.480] [modloading-worker-0/DEBUG] [mixin/]: mixins.modernui-neoforge.json:MixinGameRenderer from mod modernui->@Inject::onProcessBlurEffect(FLorg/spongepowered/asm/mixin/injection/callback/CallbackInfo;)V does use it's CallbackInfo
[267月2026 23:42:21.480] [modloading-worker-0/DEBUG] [mixin/]: mixins.modernui-textmc.json:MixinGameRenderer from mod modernui->@Inject::onPreloadUiShader(Lnet/minecraft/server/packs/resources/ResourceProvider;Lorg/spongepowered/asm/mixin/injection/callback/CallbackInfo;)V doesn't use it's CallbackInfo
[267月2026 23:42:21.480] [modloading-worker-0/DEBUG] [mixin/]: mixins.modernui-textmc.json:MixinGameRenderer from mod modernui->@Inject::onPreloadUiShader(Lnet/minecraft/server/packs/resources/ResourceProvider;Lorg/spongepowered/asm/mixin/injection/callback/CallbackInfo;)V has 0 override(s) in child classes
[267月2026 23:42:21.480] [modloading-worker-0/DEBUG] [mixin/]: mixins.modernui-textmc.json:MixinGameRenderer from mod modernui->@Inject::onPreloadUiShader(Lnet/minecraft/server/packs/resources/ResourceProvider;Lorg/spongepowered/asm/mixin/injection/callback/CallbackInfo;)V won't be passed a CallbackInfo as a result
[267月2026 23:42:21.480] [modloading-worker-0/DEBUG] [mixin/]: mixins.modernui-textmc.json:MixinGameRenderer from mod modernui->@Inject::renderLevelStart(Lnet/minecraft/client/DeltaTracker;Lorg/spongepowered/asm/mixin/injection/callback/CallbackInfo;)V doesn't use it's CallbackInfo
[267月2026 23:42:21.480] [modloading-worker-0/DEBUG] [mixin/]: mixins.modernui-textmc.json:MixinGameRenderer from mod modernui->@Inject::renderLevelStart(Lnet/minecraft/client/DeltaTracker;Lorg/spongepowered/asm/mixin/injection/callback/CallbackInfo;)V has 0 override(s) in child classes
[267月2026 23:42:21.480] [modloading-worker-0/DEBUG] [mixin/]: mixins.modernui-textmc.json:MixinGameRenderer from mod modernui->@Inject::renderLevelStart(Lnet/minecraft/client/DeltaTracker;Lorg/spongepowered/asm/mixin/injection/callback/CallbackInfo;)V won't be passed a CallbackInfo as a result
[267月2026 23:42:21.480] [modloading-worker-0/DEBUG] [mixin/]: mixins.modernui-textmc.json:MixinGameRenderer from mod modernui->@Inject::renderLevelEnd(Lnet/minecraft/client/DeltaTracker;Lorg/spongepowered/asm/mixin/injection/callback/CallbackInfo;)V doesn't use it's CallbackInfo
[267月2026 23:42:21.480] [modloading-worker-0/DEBUG] [mixin/]: mixins.modernui-textmc.json:MixinGameRenderer from mod modernui->@Inject::renderLevelEnd(Lnet/minecraft/client/DeltaTracker;Lorg/spongepowered/asm/mixin/injection/callback/CallbackInfo;)V has 0 override(s) in child classes
[267月2026 23:42:21.480] [modloading-worker-0/DEBUG] [mixin/]: mixins.modernui-textmc.json:MixinGameRenderer from mod modernui->@Inject::renderLevelEnd(Lnet/minecraft/client/DeltaTracker;Lorg/spongepowered/asm/mixin/injection/callback/CallbackInfo;)V won't be passed a CallbackInfo as a result
[267月2026 23:42:21.498] [modloading-worker-0/DEBUG] [net.neoforged.fml.javafmlmod.AutomaticEventSubscriber/]: Subscribing @EventBusSubscriber class Lcom/enderio/enderio/content/machines/soul_engine/SoulEngineBlockEntity; to the game event bus
[267月2026 23:42:21.508] [modloading-worker-0/DEBUG] [net.neoforged.fml.javafmlmod.AutomaticEventSubscriber/LOADING]: Scanning class com.enderio.enderio.content.machines.powered_spawner.MobSpawnTask for @SubscribeEvent-annotated methods
[267月2026 23:42:21.509] [modloading-worker-0/DEBUG] [net.neoforged.fml.javafmlmod.AutomaticEventSubscriber/]: Subscribing @EventBusSubscriber class Lcom/enderio/enderio/content/machines/powered_spawner/MobSpawnTask; to the game event bus
[267月2026 23:42:21.511] [modloading-worker-0/DEBUG] [net.neoforged.fml.javafmlmod.AutomaticEventSubscriber/LOADING]: Scanning class com.enderio.enderio.content.machines.capacitor_bank.CapacitorBankBlock for @SubscribeEvent-annotated methods
[267月2026 23:42:21.517] [modloading-worker-0/DEBUG] [net.neoforged.fml.javafmlmod.AutomaticEventSubscriber/]: Subscribing @EventBusSubscriber class Lcom/enderio/enderio/content/machines/capacitor_bank/CapacitorBankBlock; to the game event bus
[267月2026 23:42:21.522] [modloading-worker-0/DEBUG] [net.neoforged.fml.javafmlmod.AutomaticEventSubscriber/LOADING]: Scanning class com.enderio.enderio.content.machines.slicer.SlicerRecipeManager for @SubscribeEvent-annotated methods
[267月2026 23:42:21.524] [modloading-worker-0/DEBUG] [mixin/]: Mixing RecipeManagerMixin from enderio.mixins.json into net.minecraft.world.item.crafting.RecipeManager
[267月2026 23:42:21.525] [modloading-worker-0/DEBUG] [mixin/]: enderio.mixins.json:RecipeManagerMixin from mod enderio: Class version 65 required is higher than the class version supported by the current version of Mixin (JAVA_17 supports class version 61)
[267月2026 23:42:21.525] [modloading-worker-0/DEBUG] [mixin/]: Renaming synthetic method lambda$collectRecipe$0(Lcom/google/common/collect/ImmutableMultimap$Builder;Lcom/google/common/collect/ImmutableMap$Builder;Lnet/minecraft/world/item/crafting/RecipeHolder;)V to md8d9766$enderio$lambda$collectRecipe$0$0 in enderio.mixins.json:RecipeManagerMixin from mod enderio
[267月2026 23:42:21.532] [modloading-worker-0/DEBUG] [mixin/]: enderio.mixins.json:RecipeManagerMixin from mod enderio->@Inject::collectRecipe(Lnet/minecraft/resources/ResourceLocation;Lcom/google/common/collect/ImmutableMultimap$Builder;Lcom/google/common/collect/ImmutableMap$Builder;Lnet/neoforged/neoforge/common/conditions/WithConditions;Lorg/spongepowered/asm/mixin/injection/callback/CallbackInfo;)V doesn't use it's CallbackInfo
[267月2026 23:42:21.540] [modloading-worker-0/DEBUG] [net.neoforged.fml.javafmlmod.AutomaticEventSubscriber/]: Subscribing @EventBusSubscriber class Lcom/enderio/enderio/content/machines/slicer/SlicerRecipeManager; to the game event bus
[267月2026 23:42:21.542] [modloading-worker-0/DEBUG] [net.neoforged.fml.javafmlmod.AutomaticEventSubscriber/LOADING]: Scanning class com.enderio.enderio.content.machines.obelisks.inhibitor.InhibitorObeliskManager for @SubscribeEvent-annotated methods
[267月2026 23:42:21.543] [modloading-worker-0/DEBUG] [net.neoforged.fml.javafmlmod.AutomaticEventSubscriber/]: Subscribing @EventBusSubscriber class Lcom/enderio/enderio/content/machines/obelisks/inhibitor/InhibitorObeliskManager; to the game event bus
[267月2026 23:42:21.543] [modloading-worker-0/DEBUG] [net.neoforged.fml.javafmlmod.AutomaticEventSubscriber/LOADING]: Scanning class com.enderio.enderio.content.machines.obelisks.aversion.AversionObeliskManager for @SubscribeEvent-annotated methods
[267月2026 23:42:21.544] [modloading-worker-0/DEBUG] [net.neoforged.fml.javafmlmod.AutomaticEventSubscriber/]: Subscribing @EventBusSubscriber class Lcom/enderio/enderio/content/machines/obelisks/aversion/AversionObeliskManager; to the game event bus
[267月2026 23:42:21.545] [modloading-worker-0/DEBUG] [net.neoforged.fml.javafmlmod.AutomaticEventSubscriber/LOADING]: Scanning class com.enderio.enderio.content.machines.obelisks.relocator.RelocatorObeliskManager for @SubscribeEvent-annotated methods
[267月2026 23:42:21.545] [modloading-worker-0/DEBUG] [net.neoforged.fml.javafmlmod.AutomaticEventSubscriber/]: Subscribing @EventBusSubscriber class Lcom/enderio/enderio/content/machines/obelisks/relocator/RelocatorObeliskManager; to the game event bus
[267月2026 23:42:21.546] [modloading-worker-0/DEBUG] [net.neoforged.fml.javafmlmod.AutomaticEventSubscriber/LOADING]: Scanning class com.enderio.enderio.foundation.block.WrenchableBlockHandler for @SubscribeEvent-annotated methods
[267月2026 23:42:21.547] [modloading-worker-0/DEBUG] [net.neoforged.fml.javafmlmod.AutomaticEventSubscriber/]: Subscribing @EventBusSubscriber class Lcom/enderio/enderio/foundation/block/WrenchableBlockHandler; to the game event bus
[267月2026 23:42:21.548] [modloading-worker-0/DEBUG] [net.neoforged.fml.javafmlmod.AutomaticEventSubscriber/LOADING]: Scanning class com.enderio.enderio.foundation.souldata.EngineSoul for @SubscribeEvent-annotated methods
[267月2026 23:42:21.561] [modloading-worker-0/DEBUG] [net.neoforged.fml.javafmlmod.AutomaticEventSubscriber/]: Subscribing @EventBusSubscriber class Lcom/enderio/enderio/foundation/souldata/EngineSoul; to the game event bus
[267月2026 23:42:21.561] [modloading-worker-0/DEBUG] [net.neoforged.fml.javafmlmod.AutomaticEventSubscriber/LOADING]: Scanning class com.enderio.enderio.foundation.souldata.SpawnerSoul for @SubscribeEvent-annotated methods
[267月2026 23:42:21.573] [modloading-worker-0/DEBUG] [net.neoforged.fml.javafmlmod.AutomaticEventSubscriber/]: Subscribing @EventBusSubscriber class Lcom/enderio/enderio/foundation/souldata/SpawnerSoul; to the game event bus
[267月2026 23:42:21.575] [modloading-worker-0/DEBUG] [net.neoforged.fml.javafmlmod.AutomaticEventSubscriber/LOADING]: Scanning class com.enderio.enderio.foundation.souldata.SolarSoul for @SubscribeEvent-annotated methods
[267月2026 23:42:21.584] [modloading-worker-0/DEBUG] [net.neoforged.fml.javafmlmod.AutomaticEventSubscriber/]: Subscribing @EventBusSubscriber class Lcom/enderio/enderio/foundation/souldata/SolarSoul; to the game event bus
[267月2026 23:42:21.584] [modloading-worker-0/DEBUG] [net.neoforged.fml.javafmlmod.AutomaticEventSubscriber/LOADING]: Scanning class com.enderio.enderio.foundation.souldata.FarmSoul for @SubscribeEvent-annotated methods
[267月2026 23:42:21.607] [modloading-worker-0/DEBUG] [net.neoforged.fml.javafmlmod.AutomaticEventSubscriber/]: Subscribing @EventBusSubscriber class Lcom/enderio/enderio/foundation/souldata/FarmSoul; to the game event bus
[267月2026 23:42:21.609] [modloading-worker-0/DEBUG] [net.neoforged.fml.javafmlmod.AutomaticEventSubscriber/LOADING]: Scanning class com.enderio.enderio.foundation.recipe.MachineRecipeCaches for @SubscribeEvent-annotated methods
[267月2026 23:42:21.614] [modloading-worker-0/DEBUG] [mixin/]: Mixing MixinLevelRenderer from mixins.modernui-textmc.json into net.minecraft.client.renderer.LevelRenderer
[267月2026 23:42:21.614] [modloading-worker-0/DEBUG] [mixin/]: mixins.modernui-textmc.json:MixinLevelRenderer from mod modernui: Class version 65 required is higher than the class version supported by the current version of Mixin (JAVA_17 supports class version 61)
[267月2026 23:42:21.615] [modloading-worker-0/DEBUG] [mixin/]: Mixing MixinLevelRenderer from lightoverlay-neoforge.mixins.json into net.minecraft.client.renderer.LevelRenderer
[267月2026 23:42:21.615] [modloading-worker-0/DEBUG] [mixin/]: lightoverlay-neoforge.mixins.json:MixinLevelRenderer from mod lightoverlay: Class version 65 required is higher than the class version supported by the current version of Mixin (JAVA_17 supports class version 61)
[267月2026 23:42:21.618] [modloading-worker-0/DEBUG] [mixin/]: mixins.modernui-textmc.json:MixinLevelRenderer from mod modernui->@Inject::endTextBatch(Lnet/minecraft/client/DeltaTracker;ZLnet/minecraft/client/Camera;Lnet/minecraft/client/renderer/GameRenderer;Lnet/minecraft/client/renderer/LightTexture;Lorg/joml/Matrix4f;Lorg/joml/Matrix4f;Lorg/spongepowered/asm/mixin/injection/callback/CallbackInfo;)V doesn't use it's CallbackInfo
[267月2026 23:42:21.618] [modloading-worker-0/DEBUG] [mixin/]: mixins.modernui-textmc.json:MixinLevelRenderer from mod modernui->@Inject::endTextBatch(Lnet/minecraft/client/DeltaTracker;ZLnet/minecraft/client/Camera;Lnet/minecraft/client/renderer/GameRenderer;Lnet/minecraft/client/renderer/LightTexture;Lorg/joml/Matrix4f;Lorg/joml/Matrix4f;Lorg/spongepowered/asm/mixin/injection/callback/CallbackInfo;)V has 0 override(s) in child classes
[267月2026 23:42:21.618] [modloading-worker-0/DEBUG] [mixin/]: mixins.modernui-textmc.json:MixinLevelRenderer from mod modernui->@Inject::endTextBatch(Lnet/minecraft/client/DeltaTracker;ZLnet/minecraft/client/Camera;Lnet/minecraft/client/renderer/GameRenderer;Lnet/minecraft/client/renderer/LightTexture;Lorg/joml/Matrix4f;Lorg/joml/Matrix4f;Lorg/spongepowered/asm/mixin/injection/callback/CallbackInfo;)V won't be passed a CallbackInfo as a result
[267月2026 23:42:21.618] [modloading-worker-0/DEBUG] [mixin/]: lightoverlay-neoforge.mixins.json:MixinLevelRenderer from mod lightoverlay->@Inject::setupTerrain(Lnet/minecraft/client/Camera;Lnet/minecraft/client/renderer/culling/Frustum;ZZLorg/spongepowered/asm/mixin/injection/callback/CallbackInfo;)V doesn't use it's CallbackInfo
[267月2026 23:42:21.618] [modloading-worker-0/DEBUG] [mixin/]: lightoverlay-neoforge.mixins.json:MixinLevelRenderer from mod lightoverlay->@Inject::setupTerrain(Lnet/minecraft/client/Camera;Lnet/minecraft/client/renderer/culling/Frustum;ZZLorg/spongepowered/asm/mixin/injection/callback/CallbackInfo;)V has 0 override(s) in child classes
[267月2026 23:42:21.619] [modloading-worker-0/DEBUG] [mixin/]: lightoverlay-neoforge.mixins.json:MixinLevelRenderer from mod lightoverlay->@Inject::setupTerrain(Lnet/minecraft/client/Camera;Lnet/minecraft/client/renderer/culling/Frustum;ZZLorg/spongepowered/asm/mixin/injection/callback/CallbackInfo;)V won't be passed a CallbackInfo as a result
[267月2026 23:42:21.628] [modloading-worker-0/DEBUG] [net.neoforged.fml.javafmlmod.AutomaticEventSubscriber/]: Subscribing @EventBusSubscriber class Lcom/enderio/enderio/foundation/recipe/MachineRecipeCaches; to the game event bus
[267月2026 23:42:21.630] [modloading-worker-0/DEBUG] [net.neoforged.fml.javafmlmod.AutomaticEventSubscriber/LOADING]: Scanning class com.enderio.enderio.foundation.network.EIONetwork for @SubscribeEvent-annotated methods
[267月2026 23:42:21.632] [modloading-worker-0/DEBUG] [net.neoforged.fml.javafmlmod.AutomaticEventSubscriber/]: Subscribing @EventBusSubscriber class Lcom/enderio/enderio/foundation/network/EIONetwork; to the mod event bus of mod enderio
[267月2026 23:42:21.634] [modloading-worker-0/DEBUG] [net.neoforged.fml.javafmlmod.AutomaticEventSubscriber/LOADING]: Scanning class com.enderio.enderio.foundation.integrations.WrenchCompat for @SubscribeEvent-annotated methods
[267月2026 23:42:21.635] [modloading-worker-0/DEBUG] [net.neoforged.fml.javafmlmod.AutomaticEventSubscriber/]: Subscribing @EventBusSubscriber class Lcom/enderio/enderio/foundation/integrations/WrenchCompat; to the game event bus
[267月2026 23:42:21.636] [modloading-worker-0/DEBUG] [net.neoforged.fml.javafmlmod.AutomaticEventSubscriber/LOADING]: Scanning class com.enderio.enderio.AlphaWarning for @SubscribeEvent-annotated methods
[267月2026 23:42:21.638] [modloading-worker-0/DEBUG] [net.neoforged.fml.javafmlmod.AutomaticEventSubscriber/]: Subscribing @EventBusSubscriber class Lcom/enderio/enderio/AlphaWarning; to the game event bus
[267月2026 23:42:21.639] [modloading-worker-0/DEBUG] [net.neoforged.fml.javafmlmod.AutomaticEventSubscriber/LOADING]: Scanning class com.enderio.enderio.client.content.keymaps.KeymapHandler for @SubscribeEvent-annotated methods
[267月2026 23:42:21.644] [modloading-worker-0/DEBUG] [net.neoforged.fml.javafmlmod.AutomaticEventSubscriber/LOADING]: Found mix of game bus and mod bus listeners in @EventBusSubscriber class Lcom/enderio/enderio/client/content/keymaps/KeymapHandler;, registering them separately
[267月2026 23:42:21.652] [modloading-worker-0/DEBUG] [net.neoforged.fml.javafmlmod.AutomaticEventSubscriber/LOADING]: Subscribing method public static void com.enderio.enderio.client.content.keymaps.KeymapHandler.registerKeyMappings(net.neoforged.neoforge.client.event.RegisterKeyMappingsEvent) to the event bus of mod enderio
[267月2026 23:42:21.653] [modloading-worker-0/DEBUG] [net.neoforged.fml.javafmlmod.AutomaticEventSubscriber/LOADING]: Subscribing method public static void com.enderio.enderio.client.content.keymaps.KeymapHandler.keyHandler(net.neoforged.neoforge.client.event.ClientTickEvent$Post) to the game event bus
[267月2026 23:42:21.654] [modloading-worker-0/DEBUG] [net.neoforged.fml.javafmlmod.AutomaticEventSubscriber/LOADING]: Scanning class com.enderio.enderio.client.content.conduits.ConduitHighlightEvent for @SubscribeEvent-annotated methods
[267月2026 23:42:21.655] [modloading-worker-0/DEBUG] [net.neoforged.fml.javafmlmod.AutomaticEventSubscriber/]: Subscribing @EventBusSubscriber class Lcom/enderio/enderio/client/content/conduits/ConduitHighlightEvent; to the game event bus
[267月2026 23:42:21.656] [modloading-worker-0/DEBUG] [net.neoforged.fml.javafmlmod.AutomaticEventSubscriber/LOADING]: Scanning class com.enderio.enderio.client.content.conduits.ConduitFacadeRendering for @SubscribeEvent-annotated methods
[267月2026 23:42:21.662] [modloading-worker-0/DEBUG] [net.neoforged.fml.javafmlmod.AutomaticEventSubscriber/]: Subscribing @EventBusSubscriber class Lcom/enderio/enderio/client/content/conduits/ConduitFacadeRendering; to the game event bus
[267月2026 23:42:21.663] [modloading-worker-0/DEBUG] [net.neoforged.fml.javafmlmod.AutomaticEventSubscriber/LOADING]: Scanning class com.enderio.enderio.client.content.conduits.model.ConduitAdditionalModels for @SubscribeEvent-annotated methods
[267月2026 23:42:21.666] [modloading-worker-0/DEBUG] [net.neoforged.fml.javafmlmod.AutomaticEventSubscriber/]: Subscribing @EventBusSubscriber class Lcom/enderio/enderio/client/content/conduits/model/ConduitAdditionalModels; to the mod event bus of mod enderio
[267月2026 23:42:21.668] [modloading-worker-0/DEBUG] [net.neoforged.fml.javafmlmod.AutomaticEventSubscriber/LOADING]: Scanning class com.enderio.enderio.client.content.conduits.model.facades.ClientFacadeVisibility for @SubscribeEvent-annotated methods
[267月2026 23:42:21.670] [modloading-worker-0/DEBUG] [net.neoforged.fml.javafmlmod.AutomaticEventSubscriber/]: Subscribing @EventBusSubscriber class Lcom/enderio/enderio/client/content/conduits/model/facades/ClientFacadeVisibility; to the game event bus
[267月2026 23:42:21.671] [modloading-worker-0/DEBUG] [net.neoforged.fml.javafmlmod.AutomaticEventSubscriber/LOADING]: Scanning class com.enderio.enderio.client.content.conduits.ConduitProbeScrollListener for @SubscribeEvent-annotated methods
[267月2026 23:42:21.672] [modloading-worker-0/DEBUG] [net.neoforged.fml.javafmlmod.AutomaticEventSubscriber/]: Subscribing @EventBusSubscriber class Lcom/enderio/enderio/client/content/conduits/ConduitProbeScrollListener; to the game event bus
[267月2026 23:42:21.673] [modloading-worker-0/DEBUG] [net.neoforged.fml.javafmlmod.AutomaticEventSubscriber/LOADING]: Scanning class com.enderio.enderio.client.content.travel.TravelTargetRendering for @SubscribeEvent-annotated methods
[267月2026 23:42:21.677] [modloading-worker-0/DEBUG] [net.neoforged.fml.javafmlmod.AutomaticEventSubscriber/]: Subscribing @EventBusSubscriber class Lcom/enderio/enderio/client/content/travel/TravelTargetRendering; to the game event bus
[267月2026 23:42:21.677] [modloading-worker-0/DEBUG] [net.neoforged.fml.javafmlmod.AutomaticEventSubscriber/LOADING]: Scanning class com.enderio.enderio.client.content.travel.TravelClientEventHandler for @SubscribeEvent-annotated methods
[267月2026 23:42:21.681] [modloading-worker-0/DEBUG] [net.neoforged.fml.javafmlmod.AutomaticEventSubscriber/]: Subscribing @EventBusSubscriber class Lcom/enderio/enderio/client/content/travel/TravelClientEventHandler; to the game event bus
[267月2026 23:42:21.684] [modloading-worker-0/DEBUG] [net.neoforged.fml.javafmlmod.AutomaticEventSubscriber/LOADING]: Scanning class com.enderio.enderio.client.content.travel.TravelParticleHandler for @SubscribeEvent-annotated methods
[267月2026 23:42:21.686] [modloading-worker-0/DEBUG] [net.neoforged.fml.javafmlmod.AutomaticEventSubscriber/]: Subscribing @EventBusSubscriber class Lcom/enderio/enderio/client/content/travel/TravelParticleHandler; to the game event bus
[267月2026 23:42:21.687] [modloading-worker-0/DEBUG] [net.neoforged.fml.javafmlmod.AutomaticEventSubscriber/LOADING]: Scanning class com.enderio.enderio.client.foundation.tooltip.TooltipHandler for @SubscribeEvent-annotated methods
[267月2026 23:42:21.689] [modloading-worker-0/DEBUG] [net.neoforged.fml.javafmlmod.AutomaticEventSubscriber/]: Subscribing @EventBusSubscriber class Lcom/enderio/enderio/client/foundation/tooltip/TooltipHandler; to the game event bus
[267月2026 23:42:21.689] [modloading-worker-0/DEBUG] [net.neoforged.fml.javafmlmod.AutomaticEventSubscriber/LOADING]: Scanning class com.enderio.enderio.client.EnderIOClient for @SubscribeEvent-annotated methods
[267月2026 23:42:21.694] [modloading-worker-0/DEBUG] [net.neoforged.fml.javafmlmod.AutomaticEventSubscriber/]: Subscribing @EventBusSubscriber class Lcom/enderio/enderio/client/EnderIOClient; to the mod event bus of mod enderio
[267月2026 23:42:21.758] [modloading-worker-0/DEBUG] [net.neoforged.fml.javafmlmod.AutomaticEventSubscriber/LOADING]: Attempting to inject @EventBusSubscriber classes into the eventbus for ae2
[267月2026 23:42:21.759] [modloading-worker-0/DEBUG] [net.neoforged.fml.javafmlmod.AutomaticEventSubscriber/LOADING]: Scanning class appeng.server.testplots.SpawnTestTools for @SubscribeEvent-annotated methods
[267月2026 23:42:21.761] [modloading-worker-0/DEBUG] [net.neoforged.fml.javafmlmod.AutomaticEventSubscriber/]: Subscribing @EventBusSubscriber class Lappeng/server/testplots/SpawnTestTools; to the game event bus
[267月2026 23:42:21.761] [modloading-worker-0/DEBUG] [net.neoforged.fml.javafmlmod.AutomaticEventSubscriber/LOADING]: Scanning class appeng.datagen.AE2DataGenerators for @SubscribeEvent-annotated methods
[267月2026 23:42:21.827] [modloading-worker-0/DEBUG] [net.neoforged.fml.javafmlmod.AutomaticEventSubscriber/]: Subscribing @EventBusSubscriber class Lappeng/datagen/AE2DataGenerators; to the mod event bus of mod ae2
[267月2026 23:42:22.104] [modloading-worker-0/DEBUG] [net.neoforged.fml.javafmlmod.AutomaticEventSubscriber/LOADING]: Attempting to inject @EventBusSubscriber classes into the eventbus for mekanism
[267月2026 23:42:22.104] [modloading-worker-0/DEBUG] [net.neoforged.fml.javafmlmod.AutomaticEventSubscriber/LOADING]: Scanning class mekanism.common.lib.transmitter.TransmitterNetworkRegistry for @SubscribeEvent-annotated methods
[267月2026 23:42:22.105] [modloading-worker-0/DEBUG] [net.neoforged.fml.javafmlmod.AutomaticEventSubscriber/]: Subscribing @EventBusSubscriber class Lmekanism/common/lib/transmitter/TransmitterNetworkRegistry; to the game event bus
[267月2026 23:42:22.105] [modloading-worker-0/DEBUG] [net.neoforged.fml.javafmlmod.AutomaticEventSubscriber/LOADING]: Scanning class mekanism.common.lib.radiation.PlayerExposure for @SubscribeEvent-annotated methods
[267月2026 23:42:22.106] [modloading-worker-0/DEBUG] [net.neoforged.fml.javafmlmod.AutomaticEventSubscriber/]: Subscribing @EventBusSubscriber class Lmekanism/common/lib/radiation/PlayerExposure; to the game event bus
[267月2026 23:42:22.106] [modloading-worker-0/DEBUG] [net.neoforged.fml.javafmlmod.AutomaticEventSubscriber/LOADING]: Scanning class mekanism.common.lib.radiation.MeltdownLevelData for @SubscribeEvent-annotated methods
[267月2026 23:42:22.106] [modloading-worker-0/DEBUG] [net.neoforged.fml.javafmlmod.AutomaticEventSubscriber/]: Subscribing @EventBusSubscriber class Lmekanism/common/lib/radiation/MeltdownLevelData; to the game event bus
[267月2026 23:42:22.107] [modloading-worker-0/DEBUG] [net.neoforged.fml.javafmlmod.AutomaticEventSubscriber/LOADING]: Scanning class mekanism.common.lib.multiblock.MultiblockManager for @SubscribeEvent-annotated methods
[267月2026 23:42:22.107] [modloading-worker-0/DEBUG] [net.neoforged.fml.javafmlmod.AutomaticEventSubscriber/]: Subscribing @EventBusSubscriber class Lmekanism/common/lib/multiblock/MultiblockManager; to the game event bus
[267月2026 23:42:22.107] [modloading-worker-0/DEBUG] [net.neoforged.fml.javafmlmod.AutomaticEventSubscriber/LOADING]: Scanning class mekanism.common.base.holiday.ClientHolidayInfo for @SubscribeEvent-annotated methods
[267月2026 23:42:22.108] [modloading-worker-0/DEBUG] [net.neoforged.fml.javafmlmod.AutomaticEventSubscriber/]: Subscribing @EventBusSubscriber class Lmekanism/common/base/holiday/ClientHolidayInfo; to the mod event bus of mod mekanism
[267月2026 23:42:22.108] [modloading-worker-0/DEBUG] [net.neoforged.fml.javafmlmod.AutomaticEventSubscriber/LOADING]: Scanning class mekanism.client.sound.SoundHandler for @SubscribeEvent-annotated methods
[267月2026 23:42:22.113] [modloading-worker-0/DEBUG] [net.neoforged.fml.javafmlmod.AutomaticEventSubscriber/]: Subscribing @EventBusSubscriber class Lmekanism/client/sound/SoundHandler; to the mod event bus of mod mekanism
[267月2026 23:42:22.113] [modloading-worker-0/DEBUG] [net.neoforged.fml.javafmlmod.AutomaticEventSubscriber/LOADING]: Scanning class mekanism.client.render.MekanismShaders for @SubscribeEvent-annotated methods
[267月2026 23:42:22.113] [modloading-worker-0/DEBUG] [net.neoforged.fml.javafmlmod.AutomaticEventSubscriber/]: Subscribing @EventBusSubscriber class Lmekanism/client/render/MekanismShaders; to the mod event bus of mod mekanism
[267月2026 23:42:22.113] [modloading-worker-0/DEBUG] [net.neoforged.fml.javafmlmod.AutomaticEventSubscriber/LOADING]: Scanning class mekanism.client.render.MekanismRenderer for @SubscribeEvent-annotated methods
[267月2026 23:42:22.116] [modloading-worker-0/DEBUG] [net.neoforged.fml.javafmlmod.AutomaticEventSubscriber/]: Subscribing @EventBusSubscriber class Lmekanism/client/render/MekanismRenderer; to the mod event bus of mod mekanism
[267月2026 23:42:22.116] [modloading-worker-0/DEBUG] [net.neoforged.fml.javafmlmod.AutomaticEventSubscriber/LOADING]: Scanning class mekanism.client.ClientRegistration for @SubscribeEvent-annotated methods
[267月2026 23:42:22.121] [modloading-worker-0/DEBUG] [mixin/]: Mixing GliderRotationMixin from enderio.mixins.json into net.minecraft.client.renderer.entity.LivingEntityRenderer
[267月2026 23:42:22.121] [modloading-worker-0/DEBUG] [mixin/]: enderio.mixins.json:GliderRotationMixin from mod enderio: Class version 65 required is higher than the class version supported by the current version of Mixin (JAVA_17 supports class version 61)
[267月2026 23:42:22.122] [modloading-worker-0/DEBUG] [mixin/]: Mixing client.LivingEntityRendererMixin from journeymap.mixins.json into net.minecraft.client.renderer.entity.LivingEntityRenderer
[267月2026 23:42:22.122] [modloading-worker-0/DEBUG] [mixin/]: journeymap.mixins.json:client.LivingEntityRendererMixin from mod journeymap: Class version 65 required is higher than the class version supported by the current version of Mixin (JAVA_17 supports class version 61)
[267月2026 23:42:22.123] [modloading-worker-0/DEBUG] [mixin/]: enderio.mixins.json:GliderRotationMixin from mod enderio->@Inject::test(Lnet/minecraft/world/entity/LivingEntity;Lcom/mojang/blaze3d/vertex/PoseStack;FFFFLorg/spongepowered/asm/mixin/injection/callback/CallbackInfo;)V doesn't use it's CallbackInfo
[267月2026 23:42:22.124] [modloading-worker-0/DEBUG] [mixin/]: enderio.mixins.json:GliderRotationMixin from mod enderio->@Inject::test(Lnet/minecraft/world/entity/LivingEntity;Lcom/mojang/blaze3d/vertex/PoseStack;FFFFLorg/spongepowered/asm/mixin/injection/callback/CallbackInfo;)V has 0 override(s) in child classes
[267月2026 23:42:22.124] [modloading-worker-0/DEBUG] [mixin/]: enderio.mixins.json:GliderRotationMixin from mod enderio->@Inject::test(Lnet/minecraft/world/entity/LivingEntity;Lcom/mojang/blaze3d/vertex/PoseStack;FFFFLorg/spongepowered/asm/mixin/injection/callback/CallbackInfo;)V won't be passed a CallbackInfo as a result
[267月2026 23:42:22.124] [modloading-worker-0/DEBUG] [mixin/]: journeymap.mixins.json:client.LivingEntityRendererMixin from mod journeymap->@Inject::journeymap_getRenderType(Lnet/minecraft/world/entity/LivingEntity;ZZZLorg/spongepowered/asm/mixin/injection/callback/CallbackInfoReturnable;Lnet/minecraft/resources/ResourceLocation;)V doesn't use it's CallbackInfoReturnable
[267月2026 23:42:22.124] [modloading-worker-0/DEBUG] [mixin/]: journeymap.mixins.json:client.LivingEntityRendererMixin from mod journeymap->@Inject::journeymap_getRenderType(Lnet/minecraft/world/entity/LivingEntity;ZZZLorg/spongepowered/asm/mixin/injection/callback/CallbackInfoReturnable;Lnet/minecraft/resources/ResourceLocation;)V has 0 override(s) in child classes
[267月2026 23:42:22.124] [modloading-worker-0/DEBUG] [mixin/]: journeymap.mixins.json:client.LivingEntityRendererMixin from mod journeymap->@Inject::journeymap_getRenderType(Lnet/minecraft/world/entity/LivingEntity;ZZZLorg/spongepowered/asm/mixin/injection/callback/CallbackInfoReturnable;Lnet/minecraft/resources/ResourceLocation;)V won't be passed a CallbackInfoReturnable as a result
[267月2026 23:42:22.127] [modloading-worker-0/DEBUG] [net.neoforged.fml.javafmlmod.AutomaticEventSubscriber/]: Subscribing @EventBusSubscriber class Lmekanism/client/ClientRegistration; to the mod event bus of mod mekanism
[267月2026 23:42:22.136] [modloading-worker-0/DEBUG] [net.neoforged.fml.config.ConfigTracker/CONFIG]: Config file Mekanism/generators.toml for mekanismgenerators tracking
[267月2026 23:42:22.136] [modloading-worker-0/DEBUG] [net.neoforged.fml.config.ConfigTracker/CONFIG]: Config file Mekanism/generators-gear.toml for mekanismgenerators tracking
[267月2026 23:42:22.136] [modloading-worker-0/DEBUG] [net.neoforged.fml.config.ConfigTracker/CONFIG]: Config file Mekanism/generator-storage.toml for mekanismgenerators tracking
[267月2026 23:42:22.176] [modloading-worker-0/DEBUG] [net.neoforged.fml.javafmlmod.AutomaticEventSubscriber/LOADING]: Attempting to inject @EventBusSubscriber classes into the eventbus for mekanismgenerators
[267月2026 23:42:22.176] [modloading-worker-0/DEBUG] [net.neoforged.fml.javafmlmod.AutomaticEventSubscriber/LOADING]: Scanning class mekanism.generators.client.GeneratorsClientRegistration for @SubscribeEvent-annotated methods
[267月2026 23:42:22.180] [modloading-worker-0/DEBUG] [net.neoforged.fml.javafmlmod.AutomaticEventSubscriber/]: Subscribing @EventBusSubscriber class Lmekanism/generators/client/GeneratorsClientRegistration; to the mod event bus of mod mekanismgenerators
[267月2026 23:42:23.233] [modloading-sync-worker/DEBUG] [mixin/]: Mixing client.AgeableListModelInvoker from journeymap.mixins.json into net.minecraft.client.model.AgeableListModel
[267月2026 23:42:23.233] [modloading-sync-worker/DEBUG] [mixin/]: journeymap.mixins.json:client.AgeableListModelInvoker from mod journeymap: Class version 65 required is higher than the class version supported by the current version of Mixin (JAVA_17 supports class version 61)
[267月2026 23:42:23.636] [modloading-sync-worker/DEBUG] [net.neoforged.fml.config.ConfigTracker/CONFIG]: Loading configs type CLIENT
[267月2026 23:42:23.638] [modloading-sync-worker/DEBUG] [net.neoforged.fml.config.ConfigTracker/CONFIG]: Loaded TOML config file E:\Minecraft\Minecraft Modding\RTSbuilding\run\config\enderio\base-client.toml
[267月2026 23:42:23.639] [modloading-sync-worker/DEBUG] [net.neoforged.fml.config.ConfigTracker/CONFIG]: Watching TOML config file E:\Minecraft\Minecraft Modding\RTSbuilding\run\config\enderio\base-client.toml for changes
[267月2026 23:42:23.639] [modloading-sync-worker/DEBUG] [net.neoforged.fml.config.ConfigTracker/CONFIG]: Loaded TOML config file E:\Minecraft\Minecraft Modding\RTSbuilding\run\config\enderio\machines-client.toml
[267月2026 23:42:23.640] [modloading-sync-worker/DEBUG] [net.neoforged.fml.config.ConfigTracker/CONFIG]: Watching TOML config file E:\Minecraft\Minecraft Modding\RTSbuilding\run\config\enderio\machines-client.toml for changes
[267月2026 23:42:23.641] [modloading-sync-worker/DEBUG] [net.neoforged.fml.config.ConfigTracker/CONFIG]: Loaded TOML config file E:\Minecraft\Minecraft Modding\RTSbuilding\run\config\ae2-client.toml
[267月2026 23:42:23.641] [modloading-sync-worker/DEBUG] [net.neoforged.fml.config.ConfigTracker/CONFIG]: Watching TOML config file E:\Minecraft\Minecraft Modding\RTSbuilding\run\config\ae2-client.toml for changes
[267月2026 23:42:23.642] [modloading-sync-worker/DEBUG] [net.neoforged.neoforge.common.NeoForgeConfig/FORGEMOD]: Loaded NeoForge config file neoforge-client.toml
[267月2026 23:42:23.643] [modloading-sync-worker/DEBUG] [net.neoforged.fml.config.ConfigTracker/CONFIG]: Loaded TOML config file E:\Minecraft\Minecraft Modding\RTSbuilding\run\config\neoforge-client.toml
[267月2026 23:42:23.643] [modloading-sync-worker/DEBUG] [net.neoforged.fml.config.ConfigTracker/CONFIG]: Watching TOML config file E:\Minecraft\Minecraft Modding\RTSbuilding\run\config\neoforge-client.toml for changes
[267月2026 23:42:23.655] [modloading-sync-worker/DEBUG] [ModernUI-MC/Init]: Modern UI client config loaded/reloaded
[267月2026 23:42:23.655] [modloading-sync-worker/DEBUG] [net.neoforged.fml.config.ConfigTracker/CONFIG]: Loaded TOML config file E:\Minecraft\Minecraft Modding\RTSbuilding\run\config\ModernUI\client.toml
[267月2026 23:42:23.656] [modloading-sync-worker/DEBUG] [net.neoforged.fml.config.ConfigTracker/CONFIG]: Watching TOML config file E:\Minecraft\Minecraft Modding\RTSbuilding\run\config\ModernUI\client.toml for changes
[267月2026 23:42:23.662] [modloading-sync-worker/DEBUG] [ModernUI-MC/Init]: Modern UI text config loaded/reloaded
[267月2026 23:42:23.662] [modloading-sync-worker/DEBUG] [net.neoforged.fml.config.ConfigTracker/CONFIG]: Loaded TOML config file E:\Minecraft\Minecraft Modding\RTSbuilding\run\config\ModernUI\text.toml
[267月2026 23:42:23.662] [modloading-sync-worker/DEBUG] [net.neoforged.fml.config.ConfigTracker/CONFIG]: Watching TOML config file E:\Minecraft\Minecraft Modding\RTSbuilding\run\config\ModernUI\text.toml for changes
[267月2026 23:42:23.665] [modloading-sync-worker/DEBUG] [net.neoforged.fml.config.ConfigTracker/CONFIG]: Loaded TOML config file E:\Minecraft\Minecraft Modding\RTSbuilding\run\config\Mekanism\client.toml
[267月2026 23:42:23.665] [modloading-sync-worker/DEBUG] [net.neoforged.fml.config.ConfigTracker/CONFIG]: Watching TOML config file E:\Minecraft\Minecraft Modding\RTSbuilding\run\config\Mekanism\client.toml for changes
[267月2026 23:42:23.666] [modloading-sync-worker/DEBUG] [net.neoforged.fml.config.ConfigTracker/CONFIG]: Loaded TOML config file E:\Minecraft\Minecraft Modding\RTSbuilding\run\config\guideme.toml
[267月2026 23:42:23.666] [modloading-sync-worker/DEBUG] [net.neoforged.fml.config.ConfigTracker/CONFIG]: Watching TOML config file E:\Minecraft\Minecraft Modding\RTSbuilding\run\config\guideme.toml for changes
[267月2026 23:42:23.666] [modloading-sync-worker/DEBUG] [net.neoforged.fml.config.ConfigTracker/CONFIG]: Loading configs type COMMON
[267月2026 23:42:23.666] [modloading-sync-worker/DEBUG] [net.neoforged.fml.config.ConfigTracker/CONFIG]: Loaded TOML config file E:\Minecraft\Minecraft Modding\RTSbuilding\run\config\rts_building\rtsbuilding-common.toml
[267月2026 23:42:23.667] [modloading-sync-worker/DEBUG] [net.neoforged.fml.config.ConfigTracker/CONFIG]: Watching TOML config file E:\Minecraft\Minecraft Modding\RTSbuilding\run\config\rts_building\rtsbuilding-common.toml for changes
[267月2026 23:42:23.667] [modloading-sync-worker/DEBUG] [net.neoforged.fml.config.ConfigTracker/CONFIG]: Loaded TOML config file E:\Minecraft\Minecraft Modding\RTSbuilding\run\config\enderio\base-common.toml
[267月2026 23:42:23.667] [modloading-sync-worker/DEBUG] [net.neoforged.fml.config.ConfigTracker/CONFIG]: Watching TOML config file E:\Minecraft\Minecraft Modding\RTSbuilding\run\config\enderio\base-common.toml for changes
[267月2026 23:42:23.667] [modloading-sync-worker/DEBUG] [net.neoforged.fml.config.ConfigTracker/CONFIG]: Loaded TOML config file E:\Minecraft\Minecraft Modding\RTSbuilding\run\config\enderio\modded-conduits-common.toml
[267月2026 23:42:23.668] [modloading-sync-worker/DEBUG] [net.neoforged.fml.config.ConfigTracker/CONFIG]: Watching TOML config file E:\Minecraft\Minecraft Modding\RTSbuilding\run\config\enderio\modded-conduits-common.toml for changes
[267月2026 23:42:23.669] [modloading-sync-worker/DEBUG] [ModernUI-MC/Init]: Modern UI common config loaded/reloaded
[267月2026 23:42:23.670] [modloading-sync-worker/DEBUG] [net.neoforged.fml.config.ConfigTracker/CONFIG]: Loaded TOML config file E:\Minecraft\Minecraft Modding\RTSbuilding\run\config\ModernUI\common.toml
[267月2026 23:42:23.670] [modloading-sync-worker/DEBUG] [net.neoforged.fml.config.ConfigTracker/CONFIG]: Watching TOML config file E:\Minecraft\Minecraft Modding\RTSbuilding\run\config\ModernUI\common.toml for changes
[267月2026 23:42:23.671] [modloading-sync-worker/DEBUG] [net.neoforged.fml.config.ConfigTracker/CONFIG]: Loaded TOML config file E:\Minecraft\Minecraft Modding\RTSbuilding\run\config\enderio\machines-common.toml
[267月2026 23:42:23.671] [modloading-sync-worker/DEBUG] [net.neoforged.fml.config.ConfigTracker/CONFIG]: Watching TOML config file E:\Minecraft\Minecraft Modding\RTSbuilding\run\config\enderio\machines-common.toml for changes
[267月2026 23:42:23.672] [modloading-sync-worker/DEBUG] [net.neoforged.fml.config.ConfigTracker/CONFIG]: Loaded TOML config file E:\Minecraft\Minecraft Modding\RTSbuilding\run\config\enderio\conduits-common.toml
[267月2026 23:42:23.672] [modloading-sync-worker/DEBUG] [net.neoforged.fml.config.ConfigTracker/CONFIG]: Watching TOML config file E:\Minecraft\Minecraft Modding\RTSbuilding\run\config\enderio\conduits-common.toml for changes
[267月2026 23:42:23.675] [modloading-sync-worker/DEBUG] [net.neoforged.fml.config.ConfigTracker/CONFIG]: Loaded TOML config file E:\Minecraft\Minecraft Modding\RTSbuilding\run\config\ae2-common.toml
[267月2026 23:42:23.675] [modloading-sync-worker/DEBUG] [net.neoforged.fml.config.ConfigTracker/CONFIG]: Watching TOML config file E:\Minecraft\Minecraft Modding\RTSbuilding\run\config\ae2-common.toml for changes
[267月2026 23:42:23.675] [modloading-sync-worker/DEBUG] [net.neoforged.neoforge.common.NeoForgeConfig/FORGEMOD]: Loaded NeoForge config file neoforge-common.toml
[267月2026 23:42:23.675] [modloading-sync-worker/DEBUG] [net.neoforged.fml.config.ConfigTracker/CONFIG]: Loaded TOML config file E:\Minecraft\Minecraft Modding\RTSbuilding\run\config\neoforge-common.toml
[267月2026 23:42:23.676] [modloading-sync-worker/DEBUG] [net.neoforged.fml.config.ConfigTracker/CONFIG]: Watching TOML config file E:\Minecraft\Minecraft Modding\RTSbuilding\run\config\neoforge-common.toml for changes
[267月2026 23:42:23.676] [modloading-sync-worker/DEBUG] [net.neoforged.fml.config.ConfigTracker/CONFIG]: Loaded TOML config file E:\Minecraft\Minecraft Modding\RTSbuilding\run\config\Mekanism\common.toml
[267月2026 23:42:23.676] [modloading-sync-worker/DEBUG] [net.neoforged.fml.config.ConfigTracker/CONFIG]: Watching TOML config file E:\Minecraft\Minecraft Modding\RTSbuilding\run\config\Mekanism\common.toml for changes
[267月2026 23:42:23.757] [Render thread/DEBUG] [mixin/]: Mixing MixinClientLanguage from mixins.modernui-textmc.json into net.minecraft.client.resources.language.ClientLanguage
[267月2026 23:42:23.758] [Render thread/DEBUG] [mixin/]: mixins.modernui-textmc.json:MixinClientLanguage from mod modernui: Class version 65 required is higher than the class version supported by the current version of Mixin (JAVA_17 supports class version 61)
[267月2026 23:42:23.765] [Render thread/DEBUG] [mixin/]: Mixing client.HttpTextureMixin from journeymap.mixins.json into net.minecraft.client.renderer.texture.HttpTexture
[267月2026 23:42:23.765] [Render thread/DEBUG] [mixin/]: journeymap.mixins.json:client.HttpTextureMixin from mod journeymap: Class version 65 required is higher than the class version supported by the current version of Mixin (JAVA_17 supports class version 61)
[267月2026 23:42:23.767] [Render thread/DEBUG] [mixin/]: journeymap.mixins.json:client.HttpTextureMixin from mod journeymap->@Inject::journeymap$upload(Lcom/mojang/blaze3d/platform/NativeImage;Lorg/spongepowered/asm/mixin/injection/callback/CallbackInfo;)V doesn't use it's CallbackInfo
[267月2026 23:42:23.768] [Render thread/DEBUG] [mixin/]: journeymap.mixins.json:client.HttpTextureMixin from mod journeymap->@Inject::journeymap$upload(Lcom/mojang/blaze3d/platform/NativeImage;Lorg/spongepowered/asm/mixin/injection/callback/CallbackInfo;)V has 0 override(s) in child classes
[267月2026 23:42:23.768] [Render thread/DEBUG] [mixin/]: journeymap.mixins.json:client.HttpTextureMixin from mod journeymap->@Inject::journeymap$upload(Lcom/mojang/blaze3d/platform/NativeImage;Lorg/spongepowered/asm/mixin/injection/callback/CallbackInfo;)V won't be passed a CallbackInfo as a result
[267月2026 23:42:24.000] [Render thread/DEBUG] [mixin/]: Mixing AccessFontManager from mixins.modernui-textmc.json into net.minecraft.client.gui.font.FontManager
[267月2026 23:42:24.002] [Render thread/DEBUG] [mixin/]: mixins.modernui-textmc.json:AccessFontManager from mod modernui: Class version 65 required is higher than the class version supported by the current version of Mixin (JAVA_17 supports class version 61)
[267月2026 23:42:24.002] [Render thread/DEBUG] [mixin/]: Mixing MixinFontManager from mixins.modernui-textmc.json into net.minecraft.client.gui.font.FontManager
[267月2026 23:42:24.002] [Render thread/DEBUG] [mixin/]: mixins.modernui-textmc.json:MixinFontManager from mod modernui: Class version 65 required is higher than the class version supported by the current version of Mixin (JAVA_17 supports class version 61)
[267月2026 23:42:24.029] [Render thread/DEBUG] [mixin/]: Mixing client.ClientHooksMixin from journeymap.neoforge.mixins.json into net.neoforged.neoforge.client.ClientHooks
[267月2026 23:42:24.029] [Render thread/DEBUG] [mixin/]: journeymap.neoforge.mixins.json:client.ClientHooksMixin from mod journeymap: Class version 65 required is higher than the class version supported by the current version of Mixin (JAVA_17 supports class version 61)
[267月2026 23:42:24.030] [Render thread/DEBUG] [mixin/]: journeymap.neoforge.mixins.json:client.ClientHooksMixin from mod journeymap->@Inject::preLayerScreenEvent(Lnet/minecraft/client/gui/screens/Screen;Lnet/minecraft/client/gui/GuiGraphics;IIFLorg/spongepowered/asm/mixin/injection/callback/CallbackInfo;)V doesn't use it's CallbackInfo
[267月2026 23:42:24.066] [Render thread/DEBUG] [mixin/]: Mixing client.ModelManagerMixin from refurbished_furniture.common.mixins.json into net.minecraft.client.resources.model.ModelManager
[267月2026 23:42:24.069] [Render thread/DEBUG] [mixin/]: refurbished_furniture.common.mixins.json:client.ModelManagerMixin from mod refurbished_furniture->@Inject::refurbishedFurnitureInit(Lorg/spongepowered/asm/mixin/injection/callback/CallbackInfo;)V doesn't use it's CallbackInfo
[267月2026 23:42:24.088] [Render thread/DEBUG] [mixin/]: Mixing BlockRenderDispatcherMixin from enderio.mixins.json into net.minecraft.client.renderer.block.BlockRenderDispatcher
[267月2026 23:42:24.088] [Render thread/DEBUG] [mixin/]: enderio.mixins.json:BlockRenderDispatcherMixin from mod enderio: Class version 65 required is higher than the class version supported by the current version of Mixin (JAVA_17 supports class version 61)
[267月2026 23:42:24.106] [Render thread/DEBUG] [mixin/]: Mixing ModelBakeryMixin from ae2.mixins.json into net.minecraft.client.resources.model.ModelBakery
[267月2026 23:42:24.106] [Render thread/DEBUG] [mixin/]: ae2.mixins.json:ModelBakeryMixin from mod ae2: Class version 65 required is higher than the class version supported by the current version of Mixin (JAVA_11 supports class version 55)
[267月2026 23:42:24.107] [Render thread/DEBUG] [mixin/]: ae2.mixins.json:ModelBakeryMixin from mod ae2->@Inject::getModelHook(Lnet/minecraft/resources/ResourceLocation;Lorg/spongepowered/asm/mixin/injection/callback/CallbackInfoReturnable;)V does use it's CallbackInfoReturnable
[267月2026 23:42:24.126] [Render thread/DEBUG] [mixin/]: Mixing AccessBufferSource from mixins.modernui-textmc.json into net.minecraft.client.renderer.MultiBufferSource$BufferSource
[267月2026 23:42:24.126] [Render thread/DEBUG] [mixin/]: mixins.modernui-textmc.json:AccessBufferSource from mod modernui: Class version 65 required is higher than the class version supported by the current version of Mixin (JAVA_17 supports class version 61)
[267月2026 23:42:24.234] [Render thread/DEBUG] [mixin/]: Mixing MixinIngameGui from mixins.modernui-textmc.json into net.minecraft.client.gui.Gui
[267月2026 23:42:24.234] [Render thread/DEBUG] [mixin/]: mixins.modernui-textmc.json:MixinIngameGui from mod modernui: Class version 65 required is higher than the class version supported by the current version of Mixin (JAVA_17 supports class version 61)
[267月2026 23:42:24.236] [Render thread/DEBUG] [mixin/]: Mixing client.GuiMixin from journeymap.mixins.json into net.minecraft.client.gui.Gui
[267月2026 23:42:24.236] [Render thread/DEBUG] [mixin/]: journeymap.mixins.json:client.GuiMixin from mod journeymap: Class version 65 required is higher than the class version supported by the current version of Mixin (JAVA_17 supports class version 61)
[267月2026 23:42:24.256] [Render thread/DEBUG] [mixin/]: Mixing MixinDebugRenderer from lightoverlay-neoforge.mixins.json into net.minecraft.client.renderer.debug.DebugRenderer
[267月2026 23:42:24.256] [Render thread/DEBUG] [mixin/]: lightoverlay-neoforge.mixins.json:MixinDebugRenderer from mod lightoverlay: Class version 65 required is higher than the class version supported by the current version of Mixin (JAVA_17 supports class version 61)
[267月2026 23:42:24.256] [Render thread/DEBUG] [mixin/]: lightoverlay-neoforge.mixins.json:MixinDebugRenderer from mod lightoverlay->@Inject::render(Lcom/mojang/blaze3d/vertex/PoseStack;Lnet/minecraft/client/renderer/MultiBufferSource$BufferSource;DDDLorg/spongepowered/asm/mixin/injection/callback/CallbackInfo;)V doesn't use it's CallbackInfo
[267月2026 23:42:24.256] [Render thread/DEBUG] [mixin/]: lightoverlay-neoforge.mixins.json:MixinDebugRenderer from mod lightoverlay->@Inject::render(Lcom/mojang/blaze3d/vertex/PoseStack;Lnet/minecraft/client/renderer/MultiBufferSource$BufferSource;DDDLorg/spongepowered/asm/mixin/injection/callback/CallbackInfo;)V has 0 override(s) in child classes
[267月2026 23:42:24.257] [Render thread/DEBUG] [mixin/]: lightoverlay-neoforge.mixins.json:MixinDebugRenderer from mod lightoverlay->@Inject::render(Lcom/mojang/blaze3d/vertex/PoseStack;Lnet/minecraft/client/renderer/MultiBufferSource$BufferSource;DDDLorg/spongepowered/asm/mixin/injection/callback/CallbackInfo;)V won't be passed a CallbackInfo as a result
[267月2026 23:42:24.287] [Render thread/INFO] [net.neoforged.neoforge.gametest.GameTestHooks/]: Enabled Gametest Namespaces: [rtsbuilding]
[267月2026 23:42:24.313] [Render thread/DEBUG] [MrCrayfish's Furniture Mod: Refurbished/]: Loaded com.mrcrayfish.furniture.refurbished.platform.NeoForgeClientHelper@1f2d0ca2 for service interface com.mrcrayfish.furniture.refurbished.platform.services.IClientHelper
[267月2026 23:42:24.331] [Render thread/DEBUG] [mixin/]: Mixing MixinEditBox from mixins.modernui-neoforge.json into net.minecraft.client.gui.components.EditBox
[267月2026 23:42:24.331] [Render thread/DEBUG] [mixin/]: mixins.modernui-neoforge.json:MixinEditBox from mod modernui: Class version 65 required is higher than the class version supported by the current version of Mixin (JAVA_17 supports class version 61)
[267月2026 23:42:24.336] [Render thread/DEBUG] [mixin/]: Mixing MixinEditBox from mixins.modernui-textmc.json into net.minecraft.client.gui.components.EditBox
[267月2026 23:42:24.336] [Render thread/DEBUG] [mixin/]: mixins.modernui-textmc.json:MixinEditBox from mod modernui: Class version 65 required is higher than the class version supported by the current version of Mixin (JAVA_17 supports class version 61)
[267月2026 23:42:24.342] [Render thread/DEBUG] [mixin/]: Mixing client.EditBoxAccessor from journeymap.mixins.json into net.minecraft.client.gui.components.EditBox
[267月2026 23:42:24.343] [Render thread/DEBUG] [mixin/]: journeymap.mixins.json:client.EditBoxAccessor from mod journeymap: Class version 65 required is higher than the class version supported by the current version of Mixin (JAVA_17 supports class version 61)
[267月2026 23:42:24.359] [Render thread/DEBUG] [mixin/]: mixins.modernui-neoforge.json:MixinEditBox from mod modernui->@Inject::onSetCursorPosition(ILorg/spongepowered/asm/mixin/injection/callback/CallbackInfo;)V doesn't use it's CallbackInfo
[267月2026 23:42:24.359] [Render thread/DEBUG] [mixin/]: mixins.modernui-neoforge.json:MixinEditBox from mod modernui->@Inject::onSetCursorPosition(ILorg/spongepowered/asm/mixin/injection/callback/CallbackInfo;)V has 0 override(s) in child classes
[267月2026 23:42:24.359] [Render thread/DEBUG] [mixin/]: mixins.modernui-neoforge.json:MixinEditBox from mod modernui->@Inject::onSetCursorPosition(ILorg/spongepowered/asm/mixin/injection/callback/CallbackInfo;)V won't be passed a CallbackInfo as a result
[267月2026 23:42:24.359] [Render thread/DEBUG] [mixin/]: mixins.modernui-neoforge.json:MixinEditBox from mod modernui->@Inject::onGetCursorPosition(ILorg/spongepowered/asm/mixin/injection/callback/CallbackInfoReturnable;)V does use it's CallbackInfoReturnable
[267月2026 23:42:24.359] [Render thread/DEBUG] [mixin/]: mixins.modernui-neoforge.json:MixinEditBox from mod modernui->@Inject::onGetWordPosition(IIZLorg/spongepowered/asm/mixin/injection/callback/CallbackInfoReturnable;)V does use it's CallbackInfoReturnable
[267月2026 23:42:24.359] [Render thread/DEBUG] [mixin/]: mixins.modernui-neoforge.json:MixinEditBox from mod modernui->@Inject::onSetValue(Ljava/lang/String;Lorg/spongepowered/asm/mixin/injection/callback/CallbackInfo;)V doesn't use it's CallbackInfo
[267月2026 23:42:24.359] [Render thread/DEBUG] [mixin/]: mixins.modernui-neoforge.json:MixinEditBox from mod modernui->@Inject::onSetValue(Ljava/lang/String;Lorg/spongepowered/asm/mixin/injection/callback/CallbackInfo;)V has 0 override(s) in child classes
[267月2026 23:42:24.359] [Render thread/DEBUG] [mixin/]: mixins.modernui-neoforge.json:MixinEditBox from mod modernui->@Inject::onSetValue(Ljava/lang/String;Lorg/spongepowered/asm/mixin/injection/callback/CallbackInfo;)V won't be passed a CallbackInfo as a result
[267月2026 23:42:24.359] [Render thread/DEBUG] [mixin/]: mixins.modernui-neoforge.json:MixinEditBox from mod modernui->@Inject::onSetValue(Ljava/lang/String;Lorg/spongepowered/asm/mixin/injection/callback/CallbackInfo;)V doesn't use it's CallbackInfo
[267月2026 23:42:24.359] [Render thread/DEBUG] [mixin/]: mixins.modernui-neoforge.json:MixinEditBox from mod modernui->@Inject::onSetValue(Ljava/lang/String;Lorg/spongepowered/asm/mixin/injection/callback/CallbackInfo;)V has 0 override(s) in child classes
[267月2026 23:42:24.359] [Render thread/DEBUG] [mixin/]: mixins.modernui-neoforge.json:MixinEditBox from mod modernui->@Inject::onSetValue(Ljava/lang/String;Lorg/spongepowered/asm/mixin/injection/callback/CallbackInfo;)V won't be passed a CallbackInfo as a result
[267月2026 23:42:24.360] [Render thread/DEBUG] [mixin/]: mixins.modernui-neoforge.json:MixinEditBox from mod modernui->@Inject::onInsertText(Ljava/lang/String;Lorg/spongepowered/asm/mixin/injection/callback/CallbackInfo;IIILjava/lang/String;ILjava/lang/String;)V doesn't use it's CallbackInfo
[267月2026 23:42:24.360] [Render thread/DEBUG] [mixin/]: mixins.modernui-neoforge.json:MixinEditBox from mod modernui->@Inject::onInsertText(Ljava/lang/String;Lorg/spongepowered/asm/mixin/injection/callback/CallbackInfo;IIILjava/lang/String;ILjava/lang/String;)V has 0 override(s) in child classes
[267月2026 23:42:24.360] [Render thread/DEBUG] [mixin/]: mixins.modernui-neoforge.json:MixinEditBox from mod modernui->@Inject::onInsertText(Ljava/lang/String;Lorg/spongepowered/asm/mixin/injection/callback/CallbackInfo;IIILjava/lang/String;ILjava/lang/String;)V won't be passed a CallbackInfo as a result
[267月2026 23:42:24.360] [Render thread/DEBUG] [mixin/]: mixins.modernui-neoforge.json:MixinEditBox from mod modernui->@Inject::onDeleteChars(ILorg/spongepowered/asm/mixin/injection/callback/CallbackInfo;IILjava/lang/String;)V doesn't use it's CallbackInfo
[267月2026 23:42:24.360] [Render thread/DEBUG] [mixin/]: mixins.modernui-neoforge.json:MixinEditBox from mod modernui->@Inject::onDeleteChars(ILorg/spongepowered/asm/mixin/injection/callback/CallbackInfo;IILjava/lang/String;)V has 0 override(s) in child classes
[267月2026 23:42:24.360] [Render thread/DEBUG] [mixin/]: mixins.modernui-neoforge.json:MixinEditBox from mod modernui->@Inject::onDeleteChars(ILorg/spongepowered/asm/mixin/injection/callback/CallbackInfo;IILjava/lang/String;)V won't be passed a CallbackInfo as a result
[267月2026 23:42:24.360] [Render thread/DEBUG] [mixin/]: mixins.modernui-neoforge.json:MixinEditBox from mod modernui->@Inject::onKeyPressed(IIILorg/spongepowered/asm/mixin/injection/callback/CallbackInfoReturnable;)V does use it's CallbackInfoReturnable
[267月2026 23:42:24.360] [Render thread/DEBUG] [mixin/]: mixins.modernui-textmc.json:MixinEditBox from mod modernui->@Inject::onRenderWidget(Lnet/minecraft/client/gui/GuiGraphics;IIFLorg/spongepowered/asm/mixin/injection/callback/CallbackInfo;)V does use it's CallbackInfo
[267月2026 23:42:24.480] [Render thread/DEBUG] [ModernUI-MC/Init]: Registered resource reload listener
[267月2026 23:42:24.539] [Render thread/DEBUG] [mixin/]: Mixing client.EnderDragonRendererMixin from journeymap.mixins.json into net.minecraft.client.renderer.entity.EnderDragonRenderer
[267月2026 23:42:24.540] [Render thread/DEBUG] [mixin/]: journeymap.mixins.json:client.EnderDragonRendererMixin from mod journeymap: Class version 65 required is higher than the class version supported by the current version of Mixin (JAVA_17 supports class version 61)
[267月2026 23:42:24.561] [Render thread/DEBUG] [mixin/]: Mixing client.PufferfishRendererMixin from journeymap.mixins.json into net.minecraft.client.renderer.entity.PufferfishRenderer
[267月2026 23:42:24.561] [Render thread/DEBUG] [mixin/]: journeymap.mixins.json:client.PufferfishRendererMixin from mod journeymap: Class version 65 required is higher than the class version supported by the current version of Mixin (JAVA_17 supports class version 61)
[267月2026 23:42:24.563] [Render thread/DEBUG] [mixin/]: Mixing client.RabbitModelMixin from journeymap.mixins.json into net.minecraft.client.model.RabbitModel
[267月2026 23:42:24.563] [Render thread/DEBUG] [mixin/]: journeymap.mixins.json:client.RabbitModelMixin from mod journeymap: Class version 65 required is higher than the class version supported by the current version of Mixin (JAVA_17 supports class version 61)
[267月2026 23:42:24.575] [Render thread/DEBUG] [mixin/]: Mixing client.TropicalFishRendererMixin from journeymap.mixins.json into net.minecraft.client.renderer.entity.TropicalFishRenderer
[267月2026 23:42:24.575] [Render thread/DEBUG] [mixin/]: journeymap.mixins.json:client.TropicalFishRendererMixin from mod journeymap: Class version 65 required is higher than the class version supported by the current version of Mixin (JAVA_17 supports class version 61)
[267月2026 23:42:24.595] [Render thread/DEBUG] [Framework/]: Loaded com.mrcrayfish.framework.platform.NeoForgeClientHelper@2d541e01 for service interface com.mrcrayfish.framework.platform.services.IClientHelper
[267月2026 23:42:24.670] [Render thread/DEBUG] [mixin/]: Mixing client.ModelPartMixin from journeymap.mixins.json into net.minecraft.client.model.geom.ModelPart
[267月2026 23:42:24.670] [Render thread/DEBUG] [mixin/]: journeymap.mixins.json:client.ModelPartMixin from mod journeymap: Class version 65 required is higher than the class version supported by the current version of Mixin (JAVA_17 supports class version 61)
[267月2026 23:42:24.708] [Render thread/INFO] [ModernUI-MC/TextLayout]: Preloaded modern text shaders
[267月2026 23:42:24.709] [Render thread/DEBUG] [mixin/]: Mixing MixinClientTelemetryManager from mixins.modernui-neoforge.json into net.minecraft.client.telemetry.ClientTelemetryManager
[267月2026 23:42:24.709] [Render thread/DEBUG] [mixin/]: mixins.modernui-neoforge.json:MixinClientTelemetryManager from mod modernui: Class version 65 required is higher than the class version supported by the current version of Mixin (JAVA_17 supports class version 61)
[267月2026 23:42:24.710] [Render thread/DEBUG] [mixin/]: mixins.modernui-neoforge.json:MixinClientTelemetryManager from mod modernui->@Inject::onCreateTelemetrySession(Lorg/spongepowered/asm/mixin/injection/callback/CallbackInfoReturnable;)V does use it's CallbackInfoReturnable
[267月2026 23:42:24.776] [Render thread/INFO] [net.minecraft.server.packs.resources.ReloadableResourceManager/]: Reloading ResourceManager: vanilla, mod_resources, mod/guideme, mod/architectury, mod/modernui, mod/lightoverlay, mod/refurbished_furniture, mod/jei, mod/ae2, mod/enderio_modded_conduits, mod/commonnetworking, mod/framework, mod/rtsbuilding, mod/cloth_config, mod/mekanism, mod/mekanismgenerators, mod/enderio, mod/journeymap_api, mod/endercore, mod/journeymap, mod/neoforge
[267月2026 23:42:24.793] [Worker-Main-6/INFO] [journeymap/]: Loaded null for service interface journeymap.api.services.WebMapService
[267月2026 23:42:24.793] [Worker-Main-7/INFO] [mekanism.common.Mekanism/]: Version 10.7.19 initializing...
[267月2026 23:42:24.794] [Worker-Main-6/INFO] [journeymap/]: Loaded journeymap.common.helpers.NeoForgeClientHooks@4f472439 for service interface journeymap.api.services.ClientPlatformService
[267月2026 23:42:24.799] [Worker-Main-6/INFO] [journeymap/]: Loaded journeymap.common.helpers.NeoForgeHooks@4aed8ba0 for service interface journeymap.api.services.CommonPlatformService
[267月2026 23:42:24.813] [Worker-Main-7/INFO] [mekanism.common.Mekanism/]: Initialized HolidayManager.
[267月2026 23:42:24.819] [Worker-Main-14/INFO] [ModernUI-MC/Glyph]: Scanned emoji shortcodes: 6923
[267月2026 23:42:24.819] [Worker-Main-4/ERROR] [net.minecraft.Util/]: Invalid path in pack: modernui:font/muii18ncompat/OFL.txt, ignoring
[267月2026 23:42:24.862] [ForkJoinPool.commonPool-worker-30/INFO] [ModernUI-MC/TextLayout]: Redirect registered font 'mui-i18n-compat' to 'modernui:mui-i18n-compat'
[267月2026 23:42:24.862] [ForkJoinPool.commonPool-worker-31/INFO] [ModernUI-MC/TextLayout]: Redirect registered font 'JetBrains Mono Medium' to 'modernui:jetbrains-mono-medium'
[267月2026 23:42:24.863] [ForkJoinPool.commonPool-worker-30/INFO] [ModernUI-MC/Init]: Registered font 'mui-i18n-compat', location 'modernui:font/muii18ncompat/muii18ncompat.ttf' in pack: 'mod/modernui'
[267月2026 23:42:24.863] [ForkJoinPool.commonPool-worker-9/INFO] [ModernUI-MC/TextLayout]: Redirect registered font 'Inter Frozen Medium' to 'modernui:inter-frozen-medium'
[267月2026 23:42:24.863] [ForkJoinPool.commonPool-worker-9/INFO] [ModernUI-MC/Init]: Registered font 'Inter Frozen Medium', location 'modernui:font/inter-frozen-medium.otf' in pack: 'mod/modernui'
[267月2026 23:42:24.863] [ForkJoinPool.commonPool-worker-31/INFO] [ModernUI-MC/Init]: Registered font 'JetBrains Mono Medium', location 'modernui:font/jetbrains-mono-medium.ttf' in pack: 'mod/modernui'
[267月2026 23:42:24.863] [ForkJoinPool.commonPool-worker-29/INFO] [ModernUI-MC/Init]: Registered font 'Inter Frozen Medium', location 'modernui:font/inter-frozen-medium-italic.otf' in pack: 'mod/modernui'
[267月2026 23:42:24.864] [Worker-Main-7/INFO] [mekanism.common.Mekanism/]: Fake player readout: UUID = 46e82cd0-d480-3d48-800a-77431ede078e, name = [Mekanism]
[267月2026 23:42:24.864] [Worker-Main-7/INFO] [mekanism.common.Mekanism/]: Mod loaded.
[267月2026 23:42:24.865] [Worker-Main-7/INFO] [mekanism.common.Mekanism/]: Loaded 'Mekanism: Generators' module.
[267月2026 23:42:24.880] [Worker-Main-9/INFO] [ModernUI-MC/Glyph]: Scanned emoji map size: 3581
[267月2026 23:42:24.887] [ForkJoinPool.commonPool-worker-24/INFO] [ModernUI-MC/TextLayout]: Redirect registered font 'Source Han Sans CN Medium' to 'modernui:source-han-sans-cn-medium'
[267月2026 23:42:24.887] [ForkJoinPool.commonPool-worker-24/INFO] [ModernUI-MC/Init]: Registered font 'Source Han Sans CN Medium', location 'modernui:font/source-han-sans-cn-medium.otf' in pack: 'mod/modernui'
[267月2026 23:42:24.887] [Worker-Main-4/DEBUG] [ModernUI-MC/Init]: Font 'Inter Frozen Medium' was loaded with config value 'Inter Frozen Medium' as SYSTEM FONT
[267月2026 23:42:24.888] [Worker-Main-4/DEBUG] [ModernUI-MC/Init]: Font 'Source Han Sans CN Medium' was loaded with config value 'Source Han Sans CN Medium' as SYSTEM FONT
[267月2026 23:42:24.898] [Worker-Main-4/INFO] [ModernUI-MC/Init]: Font 'Noto Sans' failed to load or invalid
[267月2026 23:42:24.899] [Worker-Main-4/DEBUG] [ModernUI-MC/Init]: Font 'Segoe UI Variable' was loaded with config value 'Segoe UI Variable' as SYSTEM FONT
[267月2026 23:42:24.899] [Worker-Main-4/DEBUG] [ModernUI-MC/Init]: Font 'Segoe UI' was loaded with config value 'Segoe UI' as SYSTEM FONT
[267月2026 23:42:24.906] [Worker-Main-4/INFO] [ModernUI-MC/Init]: Font 'San Francisco' failed to load or invalid
[267月2026 23:42:24.914] [Worker-Main-4/INFO] [ModernUI-MC/Init]: Font 'Open Sans' failed to load or invalid
[267月2026 23:42:24.914] [Worker-Main-4/DEBUG] [ModernUI-MC/Init]: Font 'SimHei' was loaded with config value 'SimHei' as SYSTEM FONT
[267月2026 23:42:24.923] [Worker-Main-4/INFO] [ModernUI-MC/Init]: Font 'STHeiti' failed to load or invalid
[267月2026 23:42:24.923] [Worker-Main-4/DEBUG] [ModernUI-MC/Init]: Font 'Segoe UI Symbol' was loaded with config value 'Segoe UI Symbol' as SYSTEM FONT
[267月2026 23:42:24.923] [Worker-Main-4/DEBUG] [ModernUI-MC/Init]: Font 'mui-i18n-compat' was loaded with config value 'mui-i18n-compat' as SYSTEM FONT
[267月2026 23:42:24.924] [Worker-Main-4/DEBUG] [ModernUI-MC/Init]: Available system font families:
Noto Sans SC
Symusic
mui-i18n-compat
Monospaced
Proxy 1
Artifakt Element Medium
ISOCT2
Segoe Script
ISOCT3
Segoe UI Variable
Noto Sans SC Medium
Technic
CountryBlueprint
NSimSun
Nirmala UI Semilight
Proxy 9
Proxy 8
Proxy 7
RomanS
Proxy 6
RomanT
Proxy 5
GENISO
Proxy 4
Proxy 3
Proxy 2
Segoe UI Light
Segoe UI Semilight
Tahoma
DengXian
Noto Serif SC
Ink Free
RomanC
Georgia
RomanD
Leelawadee UI Semilight
Nirmala Text
Microsoft YaHei UI
Lucida Console
Segoe UI Symbol
Txt
Calibri
Nirmala UI
AIGDT
Source Han Sans CN Medium
Swis721 Blk BT
CityBlueprint
Monotxt
Cambria
CommercialScript BT
Swis721 BdCnOul BT
MingLiU-ExtB
Microsoft Sans Serif
CommercialPi BT
Swis721 Lt BT
Corbel Light
Segoe UI Emoji
Gabriola
DengXian Light
TechnicBold
Dialog
Palatino Linotype
Segoe UI Black
Myanmar Text
Yu Gothic UI Light
Javanese Text
GothicI
GothicG
Dutch801 XBd BT
Swis721 BlkOul BT
BankGothic Lt BT
Yu Gothic UI
Mongolian Baiti
ISOCPEUR
Courier New
Leelawadee UI
ScriptC
MS PGothic
UniversalMath1 BT
Microsoft YaHei
GothicE
Microsoft Himalaya
MingLiU_MSCS-ExtB
ScriptS
Microsoft Tai Le
TechnicLite
Artifakt Element
Microsoft JhengHei UI
Marlett
MingLiU_HKSCS-ExtB
Artifakt Element Black
Sitka Text
ISOCTEUR
Artifakt Element Book
ItalicC
MT Extra
AMGDT
Verdana
DialogInput
Segoe MDL2 Assets
Simplex
Source Han Sans CN Normal
Microsoft JhengHei UI Light
SansSerif
Wingdings
Segoe UI
GreekS
Romantic
Swis721 LtEx BT
Symath
Source Han Serif SC Heavy
GreekC
Calibri Light
Swis721 BlkCn BT
Candara Light
Times New Roman
Sylfaen
Microsoft YaHei UI Light
Yu Gothic
Ebrima
GDT
BankGothic Md BT
Candara
Microsoft JhengHei Light
Microsoft YaHei Light
MV Boli
Yu Gothic UI Semibold
ItalicT
Swis721 LtCn BT
Dutch801 Rm BT
Swis721 BT
AmdtSymbols
SuperFrench
Swis721 Cn BT
Microsoft New Tai Lue
yyb
Artifakt Element Light
SimHei
Segoe UI Historic
Franklin Gothic Medium
Complex
PMingLiU-ExtB
Constantia
MS UI Gothic
Arial Black
FangSong
Yu Gothic UI Semilight
Trebuchet MS
Artifakt Element Thin
Malgun Gothic Semilight
Monospac821 BT
Inter Frozen Medium
Nirmala Text Semilight
Italic
Vineta BT
Segoe UI Semibold
Gadugi
PanRoman
MS Gothic
Sans Serif Collection
SimSun
Symeteo
Comic Sans MS
Serif
Consolas
Impact
Swis721 BlkEx BT
Malgun Gothic
ISOCP2
ISOCP3
Arial
Artifakt Element Hair
Cambria Math
Segoe Print
Yu Gothic Light
ISOCP
Swis721 BdOul BT
Bahnschrift
Stylus BT
ISOCT
Corbel
Symbol
KaiTi
Webdings
Segoe Fluent Icons
AcadEref
Microsoft Yi Baiti
Lucida Sans Unicode
Syastro
Artifakt Element Heavy
Microsoft PhagsPa
Symap
Microsoft JhengHei
Swis721 Ex BT
Yu Gothic Medium
SimSun-ExtB
Arial Unicode MS
SimSun-ExtG
EuroRoman
JetBrains Mono Medium
[267月2026 23:42:24.925] [Worker-Main-4/INFO] [ModernUI-MC/Init]: Loaded typeface: FontCollection{mFamilies=[Inter Frozen Medium, Source Han Sans CN Medium, Segoe UI Variable, Segoe UI, SimHei, Segoe UI Symbol, mui-i18n-compat], mExclusiveEastAsianBits=null}
[267月2026 23:42:24.926] [Worker-Main-4/ERROR] [net.minecraft.Util/]: Invalid path in pack: modernui:font/muii18ncompat/OFL.txt, ignoring
[267月2026 23:42:24.945] [NeoForge Version Check/INFO] [net.neoforged.fml.VersionChecker/]: [journeymap] Starting version check at https://neoforge.curseupdate.com/32274/journeymap
[267月2026 23:42:24.957] [Worker-Main-5/INFO] [com.rtsbuilding.rtsbuilding.RtsbuildingMod/]: [PipelineRegistry] Registered pipeline 'MINE_SINGLE' with 8 pipe(s)
[267月2026 23:42:24.970] [Worker-Main-5/INFO] [com.rtsbuilding.rtsbuilding.RtsbuildingMod/]: [PipelineRegistry] Registered pipeline 'ULTIMINE' with 10 pipe(s)
[267月2026 23:42:24.971] [Worker-Main-5/INFO] [com.rtsbuilding.rtsbuilding.RtsbuildingMod/]: [PipelineRegistry] Registered pipeline 'AREA_MINE' with 10 pipe(s)
[267月2026 23:42:24.971] [Worker-Main-5/INFO] [com.rtsbuilding.rtsbuilding.RtsbuildingMod/]: [PipelineRegistry] Registered pipeline 'AREA_DESTROY' with 8 pipe(s)
[267月2026 23:42:24.973] [Worker-Main-5/INFO] [com.rtsbuilding.rtsbuilding.RtsbuildingMod/]: [PipelineRegistry] Registered pipeline 'PLACE_SINGLE' with 4 pipe(s)
[267月2026 23:42:24.975] [Worker-Main-5/INFO] [com.rtsbuilding.rtsbuilding.RtsbuildingMod/]: [PipelineRegistry] Registered pipeline 'PLACE_BATCH' with 5 pipe(s)
[267月2026 23:42:24.975] [Worker-Main-5/INFO] [com.rtsbuilding.rtsbuilding.RtsbuildingMod/]: [PipelineRegistry] Registered pipeline 'QUICK_BUILD' with 4 pipe(s)
[267月2026 23:42:24.986] [Worker-Main-5/INFO] [com.rtsbuilding.rtsbuilding.RtsbuildingMod/]: [PipelineRegistry] Registered pipeline 'BLUEPRINT_BUILD' with 5 pipe(s)
[267月2026 23:42:24.988] [Worker-Main-5/INFO] [com.rtsbuilding.rtsbuilding.RtsbuildingMod/]: [PipelineRegistry] Registered pipeline 'STOP_MINING' with 2 pipe(s)
[267月2026 23:42:25.039] [Worker-Main-5/INFO] [com.rtsbuilding.rtsbuilding.RtsbuildingMod/]: RTSBuilding 通用初始化完成
[267月2026 23:42:25.043] [Render thread/INFO] [ModernUI-MC/TextLayout]: Loaded smart SDF text shaders
[267月2026 23:42:25.044] [Render thread/INFO] [ModernUI-MC/Glyph]: Reloaded glyph manager
[267月2026 23:42:25.044] [Render thread/DEBUG] [ModernUI-MC/TextLayout]: Cleanup 1 text layout entries
[267月2026 23:42:25.044] [Worker-Main-31/ERROR] [net.minecraft.client.resources.model.ModelManager/]: Failed to load model enderio:models/block/athena/advanced_capacitor_bank_part.json
com.google.gson.JsonParseException: Model loader 'athena:athena' not found. Registered loaders: mekanism:transmitter, mekanism:energy_cube, endercore:modloaded, neoforge:empty, enderio:conduit_item, enderio:conduit, enderio:facades_item, neoforge:item_layers, enderio:painted_block, enderio:io_overlay, neoforge:separate_transforms, mekanism:data_based, mekanism:robit, neoforge:elements, framework:open_model, neoforge:obj, neoforge:fluid_container, neoforge:composite, guideme:guide_item_dispatcher
	at TRANSFORMER/neoforge@21.1.219/net.neoforged.neoforge.client.model.ExtendedBlockModelDeserializer.deserializeGeometry(ExtendedBlockModelDeserializer.java:102) ~[neoforge-21.1.219.jar%23192!/:?]
	at TRANSFORMER/neoforge@21.1.219/net.neoforged.neoforge.client.model.ExtendedBlockModelDeserializer.deserialize(ExtendedBlockModelDeserializer.java:53) ~[neoforge-21.1.219.jar%23192!/:?]
	at TRANSFORMER/neoforge@21.1.219/net.neoforged.neoforge.client.model.ExtendedBlockModelDeserializer.deserialize(ExtendedBlockModelDeserializer.java:37) ~[neoforge-21.1.219.jar%23192!/:?]
	at MC-BOOTSTRAP/com.google.gson@2.10.1/com.google.gson.internal.bind.TreeTypeAdapter.read(TreeTypeAdapter.java:76) ~[gson-2.10.1.jar%23111!/:?]
	at TRANSFORMER/minecraft@1.21.1/net.minecraft.util.GsonHelper.fromNullableJson(GsonHelper.java:507) ~[neoforge-21.1.219.jar%23191!/:?]
	at TRANSFORMER/minecraft@1.21.1/net.minecraft.util.GsonHelper.fromJson(GsonHelper.java:514) ~[neoforge-21.1.219.jar%23191!/:?]
	at TRANSFORMER/minecraft@1.21.1/net.minecraft.util.GsonHelper.fromJson(GsonHelper.java:566) ~[neoforge-21.1.219.jar%23191!/:?]
	at TRANSFORMER/minecraft@1.21.1/net.minecraft.client.renderer.block.model.BlockModel.fromStream(BlockModel.java:83) ~[neoforge-21.1.219.jar%23191!/:?]
	at TRANSFORMER/minecraft@1.21.1/net.minecraft.client.resources.model.ModelManager.lambda$loadBlockModels$8(ModelManager.java:144) ~[neoforge-21.1.219.jar%23191!/:?]
	at java.base/java.util.concurrent.CompletableFuture$AsyncSupply.run(CompletableFuture.java:1768) [?:?]
	at java.base/java.util.concurrent.CompletableFuture$AsyncSupply.exec(CompletableFuture.java:1760) [?:?]
	at java.base/java.util.concurrent.ForkJoinTask.doExec(ForkJoinTask.java:387) [?:?]
	at java.base/java.util.concurrent.ForkJoinPool$WorkQueue.topLevelExec(ForkJoinPool.java:1310) [?:?]
	at java.base/java.util.concurrent.ForkJoinPool.scan(ForkJoinPool.java:1841) [?:?]
	at java.base/java.util.concurrent.ForkJoinPool.runWorker(ForkJoinPool.java:1806) [?:?]
	at java.base/java.util.concurrent.ForkJoinWorkerThread.run(ForkJoinWorkerThread.java:188) [?:?]
[267月2026 23:42:25.046] [Worker-Main-19/ERROR] [net.minecraft.client.resources.model.ModelManager/]: Failed to load model enderio:models/block/athena/basic_capacitor_bank_part.json
com.google.gson.JsonParseException: Model loader 'athena:athena' not found. Registered loaders: mekanism:transmitter, mekanism:energy_cube, endercore:modloaded, neoforge:empty, enderio:conduit_item, enderio:conduit, enderio:facades_item, neoforge:item_layers, enderio:painted_block, enderio:io_overlay, neoforge:separate_transforms, mekanism:data_based, mekanism:robit, neoforge:elements, framework:open_model, neoforge:obj, neoforge:fluid_container, neoforge:composite, guideme:guide_item_dispatcher
	at TRANSFORMER/neoforge@21.1.219/net.neoforged.neoforge.client.model.ExtendedBlockModelDeserializer.deserializeGeometry(ExtendedBlockModelDeserializer.java:102) ~[neoforge-21.1.219.jar%23192!/:?]
	at TRANSFORMER/neoforge@21.1.219/net.neoforged.neoforge.client.model.ExtendedBlockModelDeserializer.deserialize(ExtendedBlockModelDeserializer.java:53) ~[neoforge-21.1.219.jar%23192!/:?]
	at TRANSFORMER/neoforge@21.1.219/net.neoforged.neoforge.client.model.ExtendedBlockModelDeserializer.deserialize(ExtendedBlockModelDeserializer.java:37) ~[neoforge-21.1.219.jar%23192!/:?]
	at MC-BOOTSTRAP/com.google.gson@2.10.1/com.google.gson.internal.bind.TreeTypeAdapter.read(TreeTypeAdapter.java:76) ~[gson-2.10.1.jar%23111!/:?]
	at TRANSFORMER/minecraft@1.21.1/net.minecraft.util.GsonHelper.fromNullableJson(GsonHelper.java:507) ~[neoforge-21.1.219.jar%23191!/:?]
	at TRANSFORMER/minecraft@1.21.1/net.minecraft.util.GsonHelper.fromJson(GsonHelper.java:514) ~[neoforge-21.1.219.jar%23191!/:?]
	at TRANSFORMER/minecraft@1.21.1/net.minecraft.util.GsonHelper.fromJson(GsonHelper.java:566) ~[neoforge-21.1.219.jar%23191!/:?]
	at TRANSFORMER/minecraft@1.21.1/net.minecraft.client.renderer.block.model.BlockModel.fromStream(BlockModel.java:83) ~[neoforge-21.1.219.jar%23191!/:?]
	at TRANSFORMER/minecraft@1.21.1/net.minecraft.client.resources.model.ModelManager.lambda$loadBlockModels$8(ModelManager.java:144) ~[neoforge-21.1.219.jar%23191!/:?]
	at java.base/java.util.concurrent.CompletableFuture$AsyncSupply.run(CompletableFuture.java:1768) [?:?]
	at java.base/java.util.concurrent.CompletableFuture$AsyncSupply.exec(CompletableFuture.java:1760) [?:?]
	at java.base/java.util.concurrent.ForkJoinTask.doExec(ForkJoinTask.java:387) [?:?]
	at java.base/java.util.concurrent.ForkJoinPool$WorkQueue.topLevelExec(ForkJoinPool.java:1310) [?:?]
	at java.base/java.util.concurrent.ForkJoinPool.scan(ForkJoinPool.java:1841) [?:?]
	at java.base/java.util.concurrent.ForkJoinPool.runWorker(ForkJoinPool.java:1806) [?:?]
	at java.base/java.util.concurrent.ForkJoinWorkerThread.run(ForkJoinWorkerThread.java:188) [?:?]
[267月2026 23:42:25.046] [Worker-Main-2/ERROR] [net.minecraft.client.resources.model.ModelManager/]: Failed to load model enderio:models/block/athena/vibrant_capacitor_bank_part.json
com.google.gson.JsonParseException: Model loader 'athena:athena' not found. Registered loaders: mekanism:transmitter, mekanism:energy_cube, endercore:modloaded, neoforge:empty, enderio:conduit_item, enderio:conduit, enderio:facades_item, neoforge:item_layers, enderio:painted_block, enderio:io_overlay, neoforge:separate_transforms, mekanism:data_based, mekanism:robit, neoforge:elements, framework:open_model, neoforge:obj, neoforge:fluid_container, neoforge:composite, guideme:guide_item_dispatcher
	at TRANSFORMER/neoforge@21.1.219/net.neoforged.neoforge.client.model.ExtendedBlockModelDeserializer.deserializeGeometry(ExtendedBlockModelDeserializer.java:102) ~[neoforge-21.1.219.jar%23192!/:?]
	at TRANSFORMER/neoforge@21.1.219/net.neoforged.neoforge.client.model.ExtendedBlockModelDeserializer.deserialize(ExtendedBlockModelDeserializer.java:53) ~[neoforge-21.1.219.jar%23192!/:?]
	at TRANSFORMER/neoforge@21.1.219/net.neoforged.neoforge.client.model.ExtendedBlockModelDeserializer.deserialize(ExtendedBlockModelDeserializer.java:37) ~[neoforge-21.1.219.jar%23192!/:?]
	at MC-BOOTSTRAP/com.google.gson@2.10.1/com.google.gson.internal.bind.TreeTypeAdapter.read(TreeTypeAdapter.java:76) ~[gson-2.10.1.jar%23111!/:?]
	at TRANSFORMER/minecraft@1.21.1/net.minecraft.util.GsonHelper.fromNullableJson(GsonHelper.java:507) ~[neoforge-21.1.219.jar%23191!/:?]
	at TRANSFORMER/minecraft@1.21.1/net.minecraft.util.GsonHelper.fromJson(GsonHelper.java:514) ~[neoforge-21.1.219.jar%23191!/:?]
	at TRANSFORMER/minecraft@1.21.1/net.minecraft.util.GsonHelper.fromJson(GsonHelper.java:566) ~[neoforge-21.1.219.jar%23191!/:?]
	at TRANSFORMER/minecraft@1.21.1/net.minecraft.client.renderer.block.model.BlockModel.fromStream(BlockModel.java:83) ~[neoforge-21.1.219.jar%23191!/:?]
	at TRANSFORMER/minecraft@1.21.1/net.minecraft.client.resources.model.ModelManager.lambda$loadBlockModels$8(ModelManager.java:144) ~[neoforge-21.1.219.jar%23191!/:?]
	at java.base/java.util.concurrent.CompletableFuture$AsyncSupply.run(CompletableFuture.java:1768) [?:?]
	at java.base/java.util.concurrent.CompletableFuture$AsyncSupply.exec(CompletableFuture.java:1760) [?:?]
	at java.base/java.util.concurrent.ForkJoinTask.doExec(ForkJoinTask.java:387) [?:?]
	at java.base/java.util.concurrent.ForkJoinPool$WorkQueue.topLevelExec(ForkJoinPool.java:1310) [?:?]
	at java.base/java.util.concurrent.ForkJoinPool.scan(ForkJoinPool.java:1841) [?:?]
	at java.base/java.util.concurrent.ForkJoinPool.runWorker(ForkJoinPool.java:1806) [?:?]
	at java.base/java.util.concurrent.ForkJoinWorkerThread.run(ForkJoinWorkerThread.java:188) [?:?]
[267月2026 23:42:25.053] [Render thread/INFO] [ModernUI-MC/TextLayout]: Reloaded text layout engine, res level: 2 to 2, locale: zh_CN, layout RTL: false
[267月2026 23:42:25.056] [Render thread/DEBUG] [net.neoforged.fml.DeferredWorkQueue/LOADING]: Dispatching synchronous work for work queue Common setup: 7 jobs
[267月2026 23:42:25.170] [Worker-Main-5/WARN] [net.minecraft.client.renderer.texture.SpriteContents/]: Unused frames in sprite enderio:block/alloy_smelter_front_active: [4, 5]
[267月2026 23:42:25.276] [Worker-Main-5/WARN] [net.minecraft.client.renderer.texture.SpriteLoader/]: Texture enderio:block/item_conduit_in with size 24x24 limits mip level from 4 to 3
[267月2026 23:42:25.444] [Worker-Main-21/DEBUG] [mixin/]: Mixing VariantDeserializerMixin from ae2.mixins.json into net.minecraft.client.renderer.block.model.Variant$Deserializer
[267月2026 23:42:25.445] [Worker-Main-21/DEBUG] [mixin/]: ae2.mixins.json:VariantDeserializerMixin from mod ae2: Class version 65 required is higher than the class version supported by the current version of Mixin (JAVA_11 supports class version 55)
[267月2026 23:42:25.447] [Worker-Main-21/DEBUG] [mixin/]: ae2.mixins.json:VariantDeserializerMixin from mod ae2->@Inject::addAdditionalRotationOptions(Lcom/google/gson/JsonElement;Ljava/lang/reflect/Type;Lcom/google/gson/JsonDeserializationContext;Lorg/spongepowered/asm/mixin/injection/callback/CallbackInfoReturnable;)V does use it's CallbackInfoReturnable
[267月2026 23:42:25.466] [Worker-Main-4/INFO] [ModernUI-MC/TextLayout]: Loaded raw font 'minecraft:alt' in pack: 'vanilla'
[267月2026 23:42:25.469] [Worker-Main-4/INFO] [ModernUI-MC/TextLayout]: Loaded raw font bundle: 'minecraft:font/alt.json', font set: [minecraft:include/space,minecraft:font/ascii_sga.png]
[267月2026 23:42:25.470] [Worker-Main-4/INFO] [ModernUI-MC/TextLayout]: Loaded raw font 'minecraft:default' in pack: 'vanilla'
[267月2026 23:42:25.470] [Worker-Main-4/INFO] [ModernUI-MC/TextLayout]: Loaded raw font bundle: 'minecraft:font/default.json', font set: [minecraft:include/space,minecraft:include/default]
[267月2026 23:42:25.498] [NeoForge Version Check/WARN] [net.neoforged.fml.VersionChecker/]: Failed to process update information
javax.net.ssl.SSLHandshakeException: Remote host terminated the handshake
	at java.net.http/jdk.internal.net.http.HttpClientImpl.send(HttpClientImpl.java:960) ~[java.net.http:?]
	at java.net.http/jdk.internal.net.http.HttpClientFacade.send(HttpClientFacade.java:133) ~[java.net.http:?]
	at MC-BOOTSTRAP/fml_loader@4.0.42/net.neoforged.fml.VersionChecker$1.openUrlString(VersionChecker.java:129) ~[loader-4.0.42.jar%23148!/:4.0]
	at MC-BOOTSTRAP/fml_loader@4.0.42/net.neoforged.fml.VersionChecker$1.process(VersionChecker.java:162) ~[loader-4.0.42.jar%23148!/:4.0]
	at java.base/java.lang.Iterable.forEach(Iterable.java:75) [?:?]
	at MC-BOOTSTRAP/fml_loader@4.0.42/net.neoforged.fml.VersionChecker$1.run(VersionChecker.java:105) [loader-4.0.42.jar%23148!/:4.0]
Caused by: javax.net.ssl.SSLHandshakeException: Remote host terminated the handshake
	at java.net.http/jdk.internal.net.http.common.SSLTube.checkForHandshake(SSLTube.java:595) ~[java.net.http:?]
	at java.net.http/jdk.internal.net.http.common.SSLTube$SSLTubeFlowDelegate.checkForHandshake(SSLTube.java:156) ~[java.net.http:?]
	at java.net.http/jdk.internal.net.http.common.SSLFlowDelegate$Reader.errorCommon(SSLFlowDelegate.java:383) ~[java.net.http:?]
	at java.net.http/jdk.internal.net.http.common.SubscriberWrapper.onError(SubscriberWrapper.java:412) ~[java.net.http:?]
	at java.net.http/jdk.internal.net.http.SocketTube$InternalReadPublisher$ReadSubscription.signalCompletion(SocketTube.java:645) ~[java.net.http:?]
	at java.net.http/jdk.internal.net.http.SocketTube$InternalReadPublisher$InternalReadSubscription.read(SocketTube.java:829) ~[java.net.http:?]
	at java.net.http/jdk.internal.net.http.SocketTube$SocketFlowTask.run(SocketTube.java:181) ~[java.net.http:?]
	at java.net.http/jdk.internal.net.http.common.SequentialScheduler$SchedulableTask.run(SequentialScheduler.java:207) ~[java.net.http:?]
	at java.net.http/jdk.internal.net.http.common.SequentialScheduler.runOrSchedule(SequentialScheduler.java:280) ~[java.net.http:?]
	at java.net.http/jdk.internal.net.http.common.SequentialScheduler.runOrSchedule(SequentialScheduler.java:233) ~[java.net.http:?]
	at java.net.http/jdk.internal.net.http.SocketTube$InternalReadPublisher$InternalReadSubscription.signalReadable(SocketTube.java:782) ~[java.net.http:?]
	at java.net.http/jdk.internal.net.http.SocketTube$InternalReadPublisher$ReadEvent.signalEvent(SocketTube.java:965) ~[java.net.http:?]
	at java.net.http/jdk.internal.net.http.SocketTube$SocketFlowEvent.handle(SocketTube.java:253) ~[java.net.http:?]
	at java.net.http/jdk.internal.net.http.HttpClientImpl$SelectorManager.handleEvent(HttpClientImpl.java:1477) ~[java.net.http:?]
	at java.net.http/jdk.internal.net.http.HttpClientImpl$SelectorManager.lambda$run$3(HttpClientImpl.java:1422) ~[java.net.http:?]
	at java.base/java.util.ArrayList.forEach(ArrayList.java:1596) ~[?:?]
	at java.net.http/jdk.internal.net.http.HttpClientImpl$SelectorManager.run(HttpClientImpl.java:1422) ~[java.net.http:?]
Caused by: java.net.SocketException: Connection reset
	at java.base/sun.nio.ch.SocketChannelImpl.throwConnectionReset(SocketChannelImpl.java:401) ~[?:?]
	at java.base/sun.nio.ch.SocketChannelImpl.read(SocketChannelImpl.java:434) ~[?:?]
	at java.net.http/jdk.internal.net.http.SocketTube.readAvailable(SocketTube.java:1178) ~[java.net.http:?]
	at java.net.http/jdk.internal.net.http.SocketTube$InternalReadPublisher$InternalReadSubscription.read(SocketTube.java:841) ~[java.net.http:?]
	at java.net.http/jdk.internal.net.http.SocketTube$SocketFlowTask.run(SocketTube.java:181) ~[java.net.http:?]
	at java.net.http/jdk.internal.net.http.common.SequentialScheduler$SchedulableTask.run(SequentialScheduler.java:207) ~[java.net.http:?]
	at java.net.http/jdk.internal.net.http.common.SequentialScheduler.runOrSchedule(SequentialScheduler.java:280) ~[java.net.http:?]
	at java.net.http/jdk.internal.net.http.common.SequentialScheduler.runOrSchedule(SequentialScheduler.java:233) ~[java.net.http:?]
	at java.net.http/jdk.internal.net.http.SocketTube$InternalReadPublisher$InternalReadSubscription.signalReadable(SocketTube.java:782) ~[java.net.http:?]
	at java.net.http/jdk.internal.net.http.SocketTube$InternalReadPublisher$ReadEvent.signalEvent(SocketTube.java:965) ~[java.net.http:?]
	at java.net.http/jdk.internal.net.http.SocketTube$SocketFlowEvent.handle(SocketTube.java:253) ~[java.net.http:?]
	at java.net.http/jdk.internal.net.http.HttpClientImpl$SelectorManager.handleEvent(HttpClientImpl.java:1477) ~[java.net.http:?]
	at java.net.http/jdk.internal.net.http.HttpClientImpl$SelectorManager.lambda$run$3(HttpClientImpl.java:1422) ~[java.net.http:?]
	at java.base/java.util.ArrayList.forEach(ArrayList.java:1596) ~[?:?]
	at java.net.http/jdk.internal.net.http.HttpClientImpl$SelectorManager.run(HttpClientImpl.java:1422) ~[java.net.http:?]
[267月2026 23:42:25.517] [Worker-Main-4/INFO] [ModernUI-MC/TextLayout]: Loaded raw font 'refurbished_furniture:icons' in pack: 'mod/refurbished_furniture'
[267月2026 23:42:25.517] [Worker-Main-4/INFO] [ModernUI-MC/TextLayout]: Loaded raw font bundle: 'refurbished_furniture:font/icons.json', font set: [refurbished_furniture:icons / minecraft:space,refurbished_furniture:gui/font.png]
[267月2026 23:42:25.518] [Worker-Main-4/INFO] [ModernUI-MC/TextLayout]: Loaded raw font 'minecraft:illageralt' in pack: 'vanilla'
[267月2026 23:42:25.518] [Worker-Main-4/INFO] [ModernUI-MC/TextLayout]: Loaded raw font bundle: 'minecraft:font/illageralt.json', font set: [minecraft:include/space,minecraft:font/asciillager.png]
[267月2026 23:42:25.526] [Worker-Main-4/INFO] [ModernUI-MC/TextLayout]: Loaded raw font 'minecraft:include/default' in pack: 'vanilla'
[267月2026 23:42:25.526] [Worker-Main-4/INFO] [ModernUI-MC/TextLayout]: Loaded raw font bundle: 'minecraft:font/include/default.json', font set: [minecraft:font/nonlatin_european.png,minecraft:font/accented.png,minecraft:font/ascii.png]
[267月2026 23:42:25.527] [Worker-Main-4/INFO] [ModernUI-MC/TextLayout]: Loaded raw font 'minecraft:include/space' in pack: 'vanilla'
[267月2026 23:42:25.527] [Worker-Main-4/INFO] [ModernUI-MC/TextLayout]: Loaded raw font bundle: 'minecraft:font/include/space.json', font set: [minecraft:include/space / minecraft:space]
[267月2026 23:42:25.545] [Worker-Main-4/INFO] [ModernUI-MC/TextLayout]: Loaded font: 'minecraft:include/space', font set: [minecraft:include/space / minecraft:space]
[267月2026 23:42:25.545] [Worker-Main-4/INFO] [ModernUI-MC/TextLayout]: Loaded font: 'minecraft:include/default', font set: [minecraft:font/nonlatin_european.png,minecraft:font/accented.png,minecraft:font/ascii.png]
[267月2026 23:42:25.546] [Worker-Main-4/INFO] [ModernUI-MC/TextLayout]: Loaded font: 'minecraft:default', font set: [minecraft:include/space / minecraft:space,minecraft:font/nonlatin_european.png,minecraft:font/accented.png,minecraft:font/ascii.png]
[267月2026 23:42:25.546] [Worker-Main-4/INFO] [ModernUI-MC/TextLayout]: Loaded font: 'minecraft:illageralt', font set: [minecraft:include/space / minecraft:space,minecraft:font/asciillager.png]
[267月2026 23:42:25.546] [Worker-Main-4/INFO] [ModernUI-MC/TextLayout]: Loaded font: 'refurbished_furniture:icons', font set: [refurbished_furniture:icons / minecraft:space,refurbished_furniture:gui/font.png]
[267月2026 23:42:25.546] [Worker-Main-4/INFO] [ModernUI-MC/TextLayout]: Loaded font: 'minecraft:alt', font set: [minecraft:include/space / minecraft:space,minecraft:font/ascii_sga.png]
[267月2026 23:42:25.673] [Render thread/INFO] [Framework/SYNCED_ENTITY_DATA]: Registered synced data key refurbished_furniture:lock_yaw for refurbished_furniture:seat
[267月2026 23:42:25.927] [Render thread/DEBUG] [net.neoforged.fml.DeferredWorkQueue/LOADING]: Synchronous work queue completed in 869.6 ms
[267月2026 23:42:25.933] [Worker-Main-5/INFO] [ModernUI-MC/Init]: Loaded modern text engine
[267月2026 23:42:25.964] [Worker-Main-21/WARN] [net.minecraft.client.resources.model.ModelBakery/]: Unable to load model: 'enderio:block/block_detector' referenced from: enderio:block/block_detector: java.io.FileNotFoundException: enderio:models/block/block_detector.json
[267月2026 23:42:25.975] [Worker-Main-21/WARN] [net.minecraft.client.resources.model.ModelBakery/]: Unable to load model: 'modernui:item/project_builder' referenced from: modernui:item/project_builder: java.io.FileNotFoundException: modernui:models/item/project_builder.json
[267月2026 23:42:25.986] [Worker-Main-21/DEBUG] [Framework/]: Registering standalone model: refurbished_furniture:extra/electric_node_neutral#standalone
[267月2026 23:42:25.986] [Worker-Main-21/DEBUG] [Framework/]: Registering standalone model: refurbished_furniture:extra/electric_node_error#standalone
[267月2026 23:42:25.986] [Worker-Main-21/DEBUG] [Framework/]: Registering standalone model: refurbished_furniture:extra/electric_node_success#standalone
[267月2026 23:42:25.986] [Worker-Main-21/DEBUG] [Framework/]: Registering standalone model: refurbished_furniture:extra/electric_node_power#standalone
[267月2026 23:42:25.986] [Worker-Main-21/DEBUG] [Framework/]: Registering standalone model: refurbished_furniture:extra/oak_light_ceiling_fan_blade#standalone
[267月2026 23:42:25.986] [Worker-Main-21/DEBUG] [Framework/]: Registering standalone model: refurbished_furniture:extra/spruce_light_ceiling_fan_blade#standalone
[267月2026 23:42:25.986] [Worker-Main-21/DEBUG] [Framework/]: Registering standalone model: refurbished_furniture:extra/birch_light_ceiling_fan_blade#standalone
[267月2026 23:42:25.986] [Worker-Main-21/DEBUG] [Framework/]: Registering standalone model: refurbished_furniture:extra/jungle_light_ceiling_fan_blade#standalone
[267月2026 23:42:25.986] [Worker-Main-21/DEBUG] [Framework/]: Registering standalone model: refurbished_furniture:extra/acacia_light_ceiling_fan_blade#standalone
[267月2026 23:42:25.986] [Worker-Main-21/DEBUG] [Framework/]: Registering standalone model: refurbished_furniture:extra/dark_oak_light_ceiling_fan_blade#standalone
[267月2026 23:42:25.986] [Worker-Main-21/DEBUG] [Framework/]: Registering standalone model: refurbished_furniture:extra/mangrove_light_ceiling_fan_blade#standalone
[267月2026 23:42:25.986] [Worker-Main-21/DEBUG] [Framework/]: Registering standalone model: refurbished_furniture:extra/cherry_light_ceiling_fan_blade#standalone
[267月2026 23:42:25.986] [Worker-Main-21/DEBUG] [Framework/]: Registering standalone model: refurbished_furniture:extra/crimson_light_ceiling_fan_blade#standalone
[267月2026 23:42:25.986] [Worker-Main-21/DEBUG] [Framework/]: Registering standalone model: refurbished_furniture:extra/warped_light_ceiling_fan_blade#standalone
[267月2026 23:42:25.986] [Worker-Main-21/DEBUG] [Framework/]: Registering standalone model: refurbished_furniture:extra/oak_dark_ceiling_fan_blade#standalone
[267月2026 23:42:25.986] [Worker-Main-21/DEBUG] [Framework/]: Registering standalone model: refurbished_furniture:extra/spruce_dark_ceiling_fan_blade#standalone
[267月2026 23:42:25.986] [Worker-Main-21/DEBUG] [Framework/]: Registering standalone model: refurbished_furniture:extra/birch_dark_ceiling_fan_blade#standalone
[267月2026 23:42:25.986] [Worker-Main-21/DEBUG] [Framework/]: Registering standalone model: refurbished_furniture:extra/jungle_dark_ceiling_fan_blade#standalone
[267月2026 23:42:25.986] [Worker-Main-21/DEBUG] [Framework/]: Registering standalone model: refurbished_furniture:extra/acacia_dark_ceiling_fan_blade#standalone
[267月2026 23:42:25.986] [Worker-Main-21/DEBUG] [Framework/]: Registering standalone model: refurbished_furniture:extra/dark_oak_dark_ceiling_fan_blade#standalone
[267月2026 23:42:25.986] [Worker-Main-21/DEBUG] [Framework/]: Registering standalone model: refurbished_furniture:extra/mangrove_dark_ceiling_fan_blade#standalone
[267月2026 23:42:25.986] [Worker-Main-21/DEBUG] [Framework/]: Registering standalone model: refurbished_furniture:extra/cherry_dark_ceiling_fan_blade#standalone
[267月2026 23:42:25.986] [Worker-Main-21/DEBUG] [Framework/]: Registering standalone model: refurbished_furniture:extra/crimson_dark_ceiling_fan_blade#standalone
[267月2026 23:42:25.986] [Worker-Main-21/DEBUG] [Framework/]: Registering standalone model: refurbished_furniture:extra/warped_dark_ceiling_fan_blade#standalone
[267月2026 23:42:25.989] [Render thread/DEBUG] [net.neoforged.fml.DeferredWorkQueue/LOADING]: Dispatching synchronous work for work queue Sided setup: 8 jobs
[267月2026 23:42:25.999] [Worker-Main-21/WARN] [net.minecraft.client.resources.model.ModelBakery/]: Unable to load model: 'modernui:item/project_builder_cube' referenced from: modernui:item/project_builder_cube: java.io.FileNotFoundException: modernui:models/item/project_builder_cube.json
[267月2026 23:42:25.999] [Worker-Main-21/WARN] [net.minecraft.client.resources.model.ModelBakery/]: Unable to load model: 'modernui:item/project_builder_main' referenced from: modernui:item/project_builder_main: java.io.FileNotFoundException: modernui:models/item/project_builder_main.json
[267月2026 23:42:26.010] [Render thread/DEBUG] [mixin/]: Mixing client.CreativeModeInventoryScreenMixin from refurbished_furniture.common.mixins.json into net.minecraft.client.gui.screens.inventory.CreativeModeInventoryScreen
[267月2026 23:42:26.013] [Render thread/DEBUG] [mixin/]: refurbished_furniture.common.mixins.json:client.CreativeModeInventoryScreenMixin from mod refurbished_furniture->@Inject::refurbishedFurnitureMouseScrollHead(DDDDLorg/spongepowered/asm/mixin/injection/callback/CallbackInfoReturnable;)V does use it's CallbackInfoReturnable
[267月2026 23:42:26.013] [Render thread/DEBUG] [mixin/]: refurbished_furniture.common.mixins.json:client.CreativeModeInventoryScreenMixin from mod refurbished_furniture->@Inject::furnitureRefurbishedBeforeRenderLabels(Lnet/minecraft/client/gui/GuiGraphics;IILorg/spongepowered/asm/mixin/injection/callback/CallbackInfo;)V doesn't use it's CallbackInfo
[267月2026 23:42:26.013] [Render thread/DEBUG] [mixin/]: refurbished_furniture.common.mixins.json:client.CreativeModeInventoryScreenMixin from mod refurbished_furniture->@Inject::furnitureRefurbishedBeforeRenderLabels(Lnet/minecraft/client/gui/GuiGraphics;IILorg/spongepowered/asm/mixin/injection/callback/CallbackInfo;)V has 0 override(s) in child classes
[267月2026 23:42:26.013] [Render thread/DEBUG] [mixin/]: refurbished_furniture.common.mixins.json:client.CreativeModeInventoryScreenMixin from mod refurbished_furniture->@Inject::furnitureRefurbishedBeforeRenderLabels(Lnet/minecraft/client/gui/GuiGraphics;IILorg/spongepowered/asm/mixin/injection/callback/CallbackInfo;)V won't be passed a CallbackInfo as a result
[267月2026 23:42:26.224] [Render thread/DEBUG] [RTS-Kernel/]: Module initialized: camera
[267月2026 23:42:26.224] [Render thread/DEBUG] [RTS-Kernel/]: Module initialized: storage
[267月2026 23:42:26.224] [Render thread/DEBUG] [RTS-Kernel/]: Module initialized: building
[267月2026 23:42:26.224] [Render thread/DEBUG] [RTS-Kernel/]: Module initialized: mining
[267月2026 23:42:26.224] [Render thread/DEBUG] [RTS-Kernel/]: Module initialized: workflow
[267月2026 23:42:26.224] [Render thread/DEBUG] [RTS-Kernel/]: Module initialized: plugin
[267月2026 23:42:26.224] [Render thread/DEBUG] [RTS-Kernel/]: Module initialized: progression
[267月2026 23:42:26.224] [Render thread/DEBUG] [RTS-Kernel/]: Module initialized: remote_menu
[267月2026 23:42:26.224] [Render thread/DEBUG] [RTS-Kernel/]: Module initialized: pathfinding
[267月2026 23:42:26.224] [Render thread/INFO] [RTS-Kernel/]: RTS Kernel initialized with 9 modules
[267月2026 23:42:26.224] [Render thread/INFO] [com.rtsbuilding.rtsbuilding.RtsbuildingMod/]: RTS client kernel initialized with all modules
[267月2026 23:42:26.224] [Render thread/INFO] [journeymap/]: Journeymap Initializing
[267月2026 23:42:26.238] [Render thread/DEBUG] [journeymap/]: Handler registered: journeymap.client.event.NeoForgeChatEvents
[267月2026 23:42:26.249] [Render thread/DEBUG] [journeymap/]: Handler registered: journeymap.client.event.NeoForgeHudOverlayEvents
[267月2026 23:42:26.252] [Render thread/DEBUG] [journeymap/]: Handler registered: journeymap.client.event.NeoForgeWorldEvent
[267月2026 23:42:26.260] [Render thread/DEBUG] [journeymap/]: Handler registered: journeymap.client.event.NeoForgeChunkEvents
[267月2026 23:42:26.264] [Render thread/DEBUG] [journeymap/]: Handler registered: journeymap.client.event.NeoForgeClientTickEvent
[267月2026 23:42:26.271] [Render thread/DEBUG] [journeymap/]: Handler registered: journeymap.client.event.NeoForgeRenderLevelStageEvent
[267月2026 23:42:26.275] [Render thread/DEBUG] [journeymap/]: Handler registered: journeymap.client.event.NeoForgeLoggedInEvent
[267月2026 23:42:26.281] [Render thread/DEBUG] [journeymap/]: Handler registered: journeymap.client.event.NeoForgeScreenEvents
[267月2026 23:42:26.724] [Render thread/DEBUG] [ModernUI/Core]: The debug callback function is already set.
[267月2026 23:42:26.724] [Render thread/INFO] [ModernUI-MC/UIManager]: UI renderer initialized
[267月2026 23:42:26.736] [Render thread/DEBUG] [net.neoforged.fml.DeferredWorkQueue/LOADING]: Synchronous work queue completed in 746.6 ms
[267月2026 23:42:27.304] [Worker-Main-29/DEBUG] [mekanism.common.Mekanism/]: Received IMC message 'add_module_container' from 'mekanism' for new module container 'mekanism:meka_tool' with an imcMethod 'add_meka_tool_modules'.
[267月2026 23:42:27.304] [Worker-Main-29/DEBUG] [mekanism.common.Mekanism/]: Received IMC message 'add_module_container' from 'mekanism' for new module container 'mekanism:mekasuit_helmet' with an imcMethod 'add_meka_suit_helmet_modules'.
[267月2026 23:42:27.304] [Worker-Main-29/DEBUG] [mekanism.common.Mekanism/]: Received IMC message 'add_module_container' from 'mekanism' for new module container 'mekanism:mekasuit_bodyarmor' with an imcMethod 'add_meka_suit_bodyarmor_modules'.
[267月2026 23:42:27.304] [Worker-Main-29/DEBUG] [mekanism.common.Mekanism/]: Received IMC message 'add_module_container' from 'mekanism' for new module container 'mekanism:mekasuit_pants' with an imcMethod 'add_meka_suit_pants_modules'.
[267月2026 23:42:27.304] [Worker-Main-29/DEBUG] [mekanism.common.Mekanism/]: Received IMC message 'add_module_container' from 'mekanism' for new module container 'mekanism:mekasuit_boots' with an imcMethod 'add_meka_suit_boots_modules'.
[267月2026 23:42:27.309] [Worker-Main-29/DEBUG] [mekanism.common.Mekanism/]: Received IMC message 'add_meka_tool_modules' from 'mekanism' for module 'mekanism:energy_unit'.
[267月2026 23:42:27.309] [Worker-Main-29/DEBUG] [mekanism.common.Mekanism/]: Received IMC message 'add_meka_tool_modules' from 'mekanism' for module 'mekanism:attack_amplification_unit'.
[267月2026 23:42:27.309] [Worker-Main-29/DEBUG] [mekanism.common.Mekanism/]: Received IMC message 'add_meka_tool_modules' from 'mekanism' for module 'mekanism:silk_touch_unit'.
[267月2026 23:42:27.309] [Worker-Main-29/DEBUG] [mekanism.common.Mekanism/]: Received IMC message 'add_meka_tool_modules' from 'mekanism' for module 'mekanism:fortune_unit'.
[267月2026 23:42:27.309] [Worker-Main-29/DEBUG] [mekanism.common.Mekanism/]: Received IMC message 'add_meka_tool_modules' from 'mekanism' for module 'mekanism:blasting_unit'.
[267月2026 23:42:27.309] [Worker-Main-29/DEBUG] [mekanism.common.Mekanism/]: Received IMC message 'add_meka_tool_modules' from 'mekanism' for module 'mekanism:vein_mining_unit'.
[267月2026 23:42:27.309] [Worker-Main-29/DEBUG] [mekanism.common.Mekanism/]: Received IMC message 'add_meka_tool_modules' from 'mekanism' for module 'mekanism:farming_unit'.
[267月2026 23:42:27.310] [Worker-Main-29/DEBUG] [mekanism.common.Mekanism/]: Received IMC message 'add_meka_tool_modules' from 'mekanism' for module 'mekanism:shearing_unit'.
[267月2026 23:42:27.310] [Worker-Main-29/DEBUG] [mekanism.common.Mekanism/]: Received IMC message 'add_meka_tool_modules' from 'mekanism' for module 'mekanism:teleportation_unit'.
[267月2026 23:42:27.310] [Worker-Main-29/DEBUG] [mekanism.common.Mekanism/]: Received IMC message 'add_meka_tool_modules' from 'mekanism' for module 'mekanism:excavation_escalation_unit'.
[267月2026 23:42:27.310] [Worker-Main-29/DEBUG] [mekanism.common.Mekanism/]: Received IMC message 'add_meka_suit_helmet_modules' from 'mekanism' for module 'mekanism:energy_unit'.
[267月2026 23:42:27.310] [Worker-Main-29/DEBUG] [mekanism.common.Mekanism/]: Received IMC message 'add_meka_suit_helmet_modules' from 'mekanism' for module 'mekanism:color_modulation_unit'.
[267月2026 23:42:27.310] [Worker-Main-29/DEBUG] [mekanism.common.Mekanism/]: Received IMC message 'add_meka_suit_helmet_modules' from 'mekanism' for module 'mekanism:laser_dissipation_unit'.
[267月2026 23:42:27.310] [Worker-Main-29/DEBUG] [mekanism.common.Mekanism/]: Received IMC message 'add_meka_suit_helmet_modules' from 'mekanism' for module 'mekanism:radiation_shielding_unit'.
[267月2026 23:42:27.310] [Worker-Main-29/DEBUG] [mekanism.common.Mekanism/]: Received IMC message 'add_meka_suit_helmet_modules' from 'mekanism' for module 'mekanism:electrolytic_breathing_unit'.
[267月2026 23:42:27.310] [Worker-Main-29/DEBUG] [mekanism.common.Mekanism/]: Received IMC message 'add_meka_suit_helmet_modules' from 'mekanism' for module 'mekanism:inhalation_purification_unit'.
[267月2026 23:42:27.310] [Worker-Main-29/DEBUG] [mekanism.common.Mekanism/]: Received IMC message 'add_meka_suit_helmet_modules' from 'mekanism' for module 'mekanism:vision_enhancement_unit'.
[267月2026 23:42:27.310] [Worker-Main-29/DEBUG] [mekanism.common.Mekanism/]: Received IMC message 'add_meka_suit_helmet_modules' from 'mekanism' for module 'mekanism:nutritional_injection_unit'.
[267月2026 23:42:27.310] [Worker-Main-29/DEBUG] [mekanism.common.Mekanism/]: Received IMC message 'add_meka_suit_helmet_modules' from 'mekanismgenerators' for module 'mekanismgenerators:solar_recharging_unit'.
[267月2026 23:42:27.310] [Worker-Main-29/DEBUG] [mekanism.common.Mekanism/]: Received IMC message 'add_meka_suit_bodyarmor_modules' from 'mekanism' for module 'mekanism:energy_unit'.
[267月2026 23:42:27.310] [Worker-Main-29/DEBUG] [mekanism.common.Mekanism/]: Received IMC message 'add_meka_suit_bodyarmor_modules' from 'mekanism' for module 'mekanism:color_modulation_unit'.
[267月2026 23:42:27.310] [Worker-Main-29/DEBUG] [mekanism.common.Mekanism/]: Received IMC message 'add_meka_suit_bodyarmor_modules' from 'mekanism' for module 'mekanism:laser_dissipation_unit'.
[267月2026 23:42:27.310] [Worker-Main-29/DEBUG] [mekanism.common.Mekanism/]: Received IMC message 'add_meka_suit_bodyarmor_modules' from 'mekanism' for module 'mekanism:radiation_shielding_unit'.
[267月2026 23:42:27.310] [Worker-Main-29/DEBUG] [mekanism.common.Mekanism/]: Received IMC message 'add_meka_suit_bodyarmor_modules' from 'mekanism' for module 'mekanism:jetpack_unit'.
[267月2026 23:42:27.310] [Worker-Main-29/DEBUG] [mekanism.common.Mekanism/]: Received IMC message 'add_meka_suit_bodyarmor_modules' from 'mekanism' for module 'mekanism:gravitational_modulating_unit'.
[267月2026 23:42:27.310] [Worker-Main-29/DEBUG] [mekanism.common.Mekanism/]: Received IMC message 'add_meka_suit_bodyarmor_modules' from 'mekanism' for module 'mekanism:charge_distribution_unit'.
[267月2026 23:42:27.310] [Worker-Main-29/DEBUG] [mekanism.common.Mekanism/]: Received IMC message 'add_meka_suit_bodyarmor_modules' from 'mekanism' for module 'mekanism:dosimeter_unit'.
[267月2026 23:42:27.310] [Worker-Main-29/DEBUG] [mekanism.common.Mekanism/]: Received IMC message 'add_meka_suit_bodyarmor_modules' from 'mekanism' for module 'mekanism:geiger_unit'.
[267月2026 23:42:27.310] [Worker-Main-29/DEBUG] [mekanism.common.Mekanism/]: Received IMC message 'add_meka_suit_bodyarmor_modules' from 'mekanism' for module 'mekanism:elytra_unit'.
[267月2026 23:42:27.310] [Worker-Main-29/DEBUG] [mekanism.common.Mekanism/]: Received IMC message 'add_meka_suit_pants_modules' from 'mekanism' for module 'mekanism:energy_unit'.
[267月2026 23:42:27.310] [Worker-Main-29/DEBUG] [mekanism.common.Mekanism/]: Received IMC message 'add_meka_suit_pants_modules' from 'mekanism' for module 'mekanism:color_modulation_unit'.
[267月2026 23:42:27.310] [Worker-Main-29/DEBUG] [mekanism.common.Mekanism/]: Received IMC message 'add_meka_suit_pants_modules' from 'mekanism' for module 'mekanism:laser_dissipation_unit'.
[267月2026 23:42:27.310] [Worker-Main-29/DEBUG] [mekanism.common.Mekanism/]: Received IMC message 'add_meka_suit_pants_modules' from 'mekanism' for module 'mekanism:radiation_shielding_unit'.
[267月2026 23:42:27.310] [Worker-Main-29/DEBUG] [mekanism.common.Mekanism/]: Received IMC message 'add_meka_suit_pants_modules' from 'mekanism' for module 'mekanism:locomotive_boosting_unit'.
[267月2026 23:42:27.310] [Worker-Main-29/DEBUG] [mekanism.common.Mekanism/]: Received IMC message 'add_meka_suit_pants_modules' from 'mekanism' for module 'mekanism:gyroscopic_stabilization_unit'.
[267月2026 23:42:27.310] [Worker-Main-29/DEBUG] [mekanism.common.Mekanism/]: Received IMC message 'add_meka_suit_pants_modules' from 'mekanism' for module 'mekanism:hydrostatic_repulsor_unit'.
[267月2026 23:42:27.310] [Worker-Main-29/DEBUG] [mekanism.common.Mekanism/]: Received IMC message 'add_meka_suit_pants_modules' from 'mekanism' for module 'mekanism:motorized_servo_unit'.
[267月2026 23:42:27.310] [Worker-Main-29/DEBUG] [mekanism.common.Mekanism/]: Received IMC message 'add_meka_suit_pants_modules' from 'mekanismgenerators' for module 'mekanismgenerators:geothermal_generator_unit'.
[267月2026 23:42:27.310] [Worker-Main-29/DEBUG] [mekanism.common.Mekanism/]: Received IMC message 'add_meka_suit_boots_modules' from 'mekanism' for module 'mekanism:energy_unit'.
[267月2026 23:42:27.310] [Worker-Main-29/DEBUG] [mekanism.common.Mekanism/]: Received IMC message 'add_meka_suit_boots_modules' from 'mekanism' for module 'mekanism:color_modulation_unit'.
[267月2026 23:42:27.310] [Worker-Main-29/DEBUG] [mekanism.common.Mekanism/]: Received IMC message 'add_meka_suit_boots_modules' from 'mekanism' for module 'mekanism:laser_dissipation_unit'.
[267月2026 23:42:27.310] [Worker-Main-29/DEBUG] [mekanism.common.Mekanism/]: Received IMC message 'add_meka_suit_boots_modules' from 'mekanism' for module 'mekanism:radiation_shielding_unit'.
[267月2026 23:42:27.310] [Worker-Main-29/DEBUG] [mekanism.common.Mekanism/]: Received IMC message 'add_meka_suit_boots_modules' from 'mekanism' for module 'mekanism:hydraulic_propulsion_unit'.
[267月2026 23:42:27.310] [Worker-Main-29/DEBUG] [mekanism.common.Mekanism/]: Received IMC message 'add_meka_suit_boots_modules' from 'mekanism' for module 'mekanism:magnetic_attraction_unit'.
[267月2026 23:42:27.310] [Worker-Main-29/DEBUG] [mekanism.common.Mekanism/]: Received IMC message 'add_meka_suit_boots_modules' from 'mekanism' for module 'mekanism:frost_walker_unit'.
[267月2026 23:42:27.310] [Worker-Main-29/DEBUG] [mekanism.common.Mekanism/]: Received IMC message 'add_meka_suit_boots_modules' from 'mekanism' for module 'mekanism:soul_surfer_unit'.
[267月2026 23:42:27.334] [Render thread/DEBUG] [net.neoforged.fml.DeferredWorkQueue/LOADING]: Dispatching synchronous work for work queue Complete loading of 20 mods: 1 jobs
[267月2026 23:42:27.911] [Render thread/DEBUG] [net.neoforged.fml.DeferredWorkQueue/LOADING]: Synchronous work queue completed in 577.2 ms
[267月2026 23:42:28.201] [Render thread/WARN] [net.minecraft.client.sounds.SoundEngine/]: Missing sound for event: minecraft:item.goat_horn.play
[267月2026 23:42:28.201] [Render thread/WARN] [net.minecraft.client.sounds.SoundEngine/]: Missing sound for event: minecraft:entity.goat.screaming.horn_break
[267月2026 23:42:29.184] [Render thread/INFO] [com.mojang.blaze3d.audio.Library/]: OpenAL initialized on device OpenAL Soft on 扬声器 (Realtek(R) Audio)
[267月2026 23:42:29.184] [Render thread/INFO] [net.minecraft.client.sounds.SoundEngine/SOUNDS]: Sound engine started
[267月2026 23:42:29.186] [Render thread/DEBUG] [ModernUI-MC/Init]: Font 'Inter Frozen Medium' was loaded with config value 'Inter Frozen Medium' as SYSTEM FONT
[267月2026 23:42:29.186] [Render thread/DEBUG] [ModernUI-MC/Init]: Font 'Source Han Sans CN Medium' was loaded with config value 'Source Han Sans CN Medium' as SYSTEM FONT
[267月2026 23:42:29.193] [Render thread/INFO] [ModernUI-MC/Init]: Font 'Noto Sans' failed to load or invalid
[267月2026 23:42:29.193] [Render thread/DEBUG] [ModernUI-MC/Init]: Font 'Segoe UI Variable' was loaded with config value 'Segoe UI Variable' as SYSTEM FONT
[267月2026 23:42:29.193] [Render thread/DEBUG] [ModernUI-MC/Init]: Font 'Segoe UI' was loaded with config value 'Segoe UI' as SYSTEM FONT
[267月2026 23:42:29.198] [Render thread/INFO] [ModernUI-MC/Init]: Font 'San Francisco' failed to load or invalid
[267月2026 23:42:29.202] [Render thread/INFO] [ModernUI-MC/Init]: Font 'Open Sans' failed to load or invalid
[267月2026 23:42:29.202] [Render thread/DEBUG] [ModernUI-MC/Init]: Font 'SimHei' was loaded with config value 'SimHei' as SYSTEM FONT
[267月2026 23:42:29.207] [Render thread/INFO] [ModernUI-MC/Init]: Font 'STHeiti' failed to load or invalid
[267月2026 23:42:29.207] [Render thread/DEBUG] [ModernUI-MC/Init]: Font 'Segoe UI Symbol' was loaded with config value 'Segoe UI Symbol' as SYSTEM FONT
[267月2026 23:42:29.207] [Render thread/DEBUG] [ModernUI-MC/Init]: Font 'mui-i18n-compat' was loaded with config value 'mui-i18n-compat' as SYSTEM FONT
[267月2026 23:42:29.207] [Render thread/DEBUG] [ModernUI-MC/Init]: Available system font families:
Noto Sans SC
Symusic
mui-i18n-compat
Monospaced
Proxy 1
Artifakt Element Medium
ISOCT2
Segoe Script
ISOCT3
Segoe UI Variable
Noto Sans SC Medium
Technic
CountryBlueprint
NSimSun
Nirmala UI Semilight
Proxy 9
Proxy 8
Proxy 7
RomanS
Proxy 6
RomanT
Proxy 5
GENISO
Proxy 4
Proxy 3
Proxy 2
Segoe UI Light
Segoe UI Semilight
Tahoma
DengXian
Noto Serif SC
Ink Free
RomanC
Georgia
RomanD
Leelawadee UI Semilight
Nirmala Text
Microsoft YaHei UI
Lucida Console
Segoe UI Symbol
Txt
Calibri
Nirmala UI
AIGDT
Source Han Sans CN Medium
Swis721 Blk BT
CityBlueprint
Monotxt
Cambria
CommercialScript BT
Swis721 BdCnOul BT
MingLiU-ExtB
Microsoft Sans Serif
CommercialPi BT
Swis721 Lt BT
Corbel Light
Segoe UI Emoji
Gabriola
DengXian Light
TechnicBold
Dialog
Palatino Linotype
Segoe UI Black
Myanmar Text
Yu Gothic UI Light
Javanese Text
GothicI
GothicG
Dutch801 XBd BT
Swis721 BlkOul BT
BankGothic Lt BT
Yu Gothic UI
Mongolian Baiti
ISOCPEUR
Courier New
Leelawadee UI
ScriptC
MS PGothic
UniversalMath1 BT
Microsoft YaHei
GothicE
Microsoft Himalaya
MingLiU_MSCS-ExtB
ScriptS
Microsoft Tai Le
TechnicLite
Artifakt Element
Microsoft JhengHei UI
Marlett
MingLiU_HKSCS-ExtB
Artifakt Element Black
Sitka Text
ISOCTEUR
Artifakt Element Book
ItalicC
MT Extra
AMGDT
Verdana
DialogInput
Segoe MDL2 Assets
Simplex
Source Han Sans CN Normal
Microsoft JhengHei UI Light
SansSerif
Wingdings
Segoe UI
GreekS
Romantic
Swis721 LtEx BT
Symath
Source Han Serif SC Heavy
GreekC
Calibri Light
Swis721 BlkCn BT
Candara Light
Times New Roman
Sylfaen
Microsoft YaHei UI Light
Yu Gothic
Ebrima
GDT
BankGothic Md BT
Candara
Microsoft JhengHei Light
Microsoft YaHei Light
MV Boli
Yu Gothic UI Semibold
ItalicT
Swis721 LtCn BT
Dutch801 Rm BT
Swis721 BT
AmdtSymbols
SuperFrench
Swis721 Cn BT
Microsoft New Tai Lue
yyb
Artifakt Element Light
SimHei
Segoe UI Historic
Franklin Gothic Medium
Complex
PMingLiU-ExtB
Constantia
MS UI Gothic
Arial Black
FangSong
Yu Gothic UI Semilight
Trebuchet MS
Artifakt Element Thin
Malgun Gothic Semilight
Monospac821 BT
Inter Frozen Medium
Nirmala Text Semilight
Italic
Vineta BT
Segoe UI Semibold
Gadugi
PanRoman
MS Gothic
Sans Serif Collection
SimSun
Symeteo
Comic Sans MS
Serif
Consolas
Impact
Swis721 BlkEx BT
Malgun Gothic
ISOCP2
ISOCP3
Arial
Artifakt Element Hair
Cambria Math
Segoe Print
Yu Gothic Light
ISOCP
Swis721 BdOul BT
Bahnschrift
Stylus BT
ISOCT
Corbel
Symbol
KaiTi
Webdings
Segoe Fluent Icons
AcadEref
Microsoft Yi Baiti
Lucida Sans Unicode
Syastro
Artifakt Element Heavy
Microsoft PhagsPa
Symap
Microsoft JhengHei
Swis721 Ex BT
Yu Gothic Medium
SimSun-ExtB
Arial Unicode MS
SimSun-ExtG
EuroRoman
JetBrains Mono Medium
[267月2026 23:42:29.208] [Render thread/INFO] [ModernUI-MC/Init]: Reloaded typeface: FontCollection{mFamilies=[Google Noto Color Emoji, Inter Frozen Medium, Source Han Sans CN Medium, Segoe UI Variable, Segoe UI, SimHei, Segoe UI Symbol, mui-i18n-compat], mExclusiveEastAsianBits=null}
[267月2026 23:42:29.208] [Render thread/INFO] [ModernUI-MC/Glyph]: Reloaded glyph manager
[267月2026 23:42:29.208] [Render thread/INFO] [ModernUI-MC/TextLayout]: Reloaded text layout engine, res level: 2 to 2, locale: zh_CN, layout RTL: false
[267月2026 23:42:29.209] [Render thread/INFO] [net.minecraft.client.renderer.texture.TextureAtlas/]: Created: 2048x2048x4 minecraft:textures/atlas/blocks.png-atlas
[267月2026 23:42:29.231] [Render thread/INFO] [net.minecraft.client.renderer.texture.TextureAtlas/]: Created: 256x256x4 minecraft:textures/atlas/signs.png-atlas
[267月2026 23:42:29.231] [Render thread/INFO] [net.minecraft.client.renderer.texture.TextureAtlas/]: Created: 512x512x4 minecraft:textures/atlas/shield_patterns.png-atlas
[267月2026 23:42:29.231] [Render thread/INFO] [net.minecraft.client.renderer.texture.TextureAtlas/]: Created: 512x512x4 minecraft:textures/atlas/banner_patterns.png-atlas
[267月2026 23:42:29.232] [Render thread/INFO] [net.minecraft.client.renderer.texture.TextureAtlas/]: Created: 64x64x4 refurbished_furniture:textures/atlas/tv_channels.png-atlas
[267月2026 23:42:29.232] [Render thread/INFO] [net.minecraft.client.renderer.texture.TextureAtlas/]: Created: 1024x1024x4 minecraft:textures/atlas/armor_trims.png-atlas
[267月2026 23:42:29.233] [Render thread/INFO] [net.minecraft.client.renderer.texture.TextureAtlas/]: Created: 128x64x4 minecraft:textures/atlas/decorated_pot.png-atlas
[267月2026 23:42:29.233] [Render thread/INFO] [net.minecraft.client.renderer.texture.TextureAtlas/]: Created: 256x256x4 minecraft:textures/atlas/chest.png-atlas
[267月2026 23:42:29.233] [Render thread/INFO] [net.minecraft.client.renderer.texture.TextureAtlas/]: Created: 512x256x4 minecraft:textures/atlas/beds.png-atlas
[267月2026 23:42:29.233] [Render thread/INFO] [net.minecraft.client.renderer.texture.TextureAtlas/]: Created: 512x256x4 minecraft:textures/atlas/shulker_boxes.png-atlas
[267月2026 23:42:29.299] [Render thread/DEBUG] [mixin/]: Mixing client.LlamaModelMixin from journeymap.mixins.json into net.minecraft.client.model.LlamaModel
[267月2026 23:42:29.299] [Render thread/DEBUG] [mixin/]: journeymap.mixins.json:client.LlamaModelMixin from mod journeymap: Class version 65 required is higher than the class version supported by the current version of Mixin (JAVA_17 supports class version 61)
[267月2026 23:42:29.399] [Render thread/DEBUG] [mixin/]: Mixing client.EnderDragonRendererMixin$EnderDragonModelMixin from journeymap.mixins.json into net.minecraft.client.renderer.entity.EnderDragonRenderer$DragonModel
[267月2026 23:42:29.399] [Render thread/DEBUG] [mixin/]: journeymap.mixins.json:client.EnderDragonRendererMixin$EnderDragonModelMixin from mod journeymap: Class version 65 required is higher than the class version supported by the current version of Mixin (JAVA_17 supports class version 61)
[267月2026 23:42:29.453] [Render thread/DEBUG] [mekanism.common.Mekanism/]: Added Mekanism Elytra Layer to entity of type: minecraft:player
[267月2026 23:42:29.454] [Render thread/DEBUG] [mekanism.common.Mekanism/]: Added Mekanism Armor Layer to entity of type: minecraft:player
[267月2026 23:42:29.454] [Render thread/DEBUG] [mekanism.common.Mekanism/]: Added Mekanism Elytra Layer to entity of type: minecraft:player
[267月2026 23:42:29.454] [Render thread/DEBUG] [mekanism.common.Mekanism/]: Added Mekanism Armor Layer to entity of type: minecraft:player
[267月2026 23:42:29.454] [Render thread/DEBUG] [mekanism.common.Mekanism/]: Added Mekanism Elytra Layer to entity of type: minecraft:husk
[267月2026 23:42:29.454] [Render thread/DEBUG] [mekanism.common.Mekanism/]: Added Mekanism Armor Layer to entity of type: minecraft:husk
[267月2026 23:42:29.454] [Render thread/DEBUG] [mekanism.common.Mekanism/]: Added Mekanism Elytra Layer to entity of type: minecraft:armor_stand
[267月2026 23:42:29.454] [Render thread/DEBUG] [mekanism.common.Mekanism/]: Added Mekanism Armor Layer to entity of type: minecraft:armor_stand
[267月2026 23:42:29.454] [Render thread/DEBUG] [mekanism.common.Mekanism/]: Added Mekanism Elytra Layer to entity of type: minecraft:piglin_brute
[267月2026 23:42:29.454] [Render thread/DEBUG] [mekanism.common.Mekanism/]: Added Mekanism Armor Layer to entity of type: minecraft:piglin_brute
[267月2026 23:42:29.454] [Render thread/DEBUG] [mekanism.common.Mekanism/]: Added Mekanism Elytra Layer to entity of type: minecraft:skeleton
[267月2026 23:42:29.454] [Render thread/DEBUG] [mekanism.common.Mekanism/]: Added Mekanism Armor Layer to entity of type: minecraft:skeleton
[267月2026 23:42:29.454] [Render thread/DEBUG] [mekanism.common.Mekanism/]: Added Mekanism Elytra Layer to entity of type: minecraft:bogged
[267月2026 23:42:29.454] [Render thread/DEBUG] [mekanism.common.Mekanism/]: Added Mekanism Armor Layer to entity of type: minecraft:bogged
[267月2026 23:42:29.454] [Render thread/DEBUG] [mekanism.common.Mekanism/]: Added Mekanism Elytra Layer to entity of type: minecraft:zombie
[267月2026 23:42:29.454] [Render thread/DEBUG] [mekanism.common.Mekanism/]: Added Mekanism Armor Layer to entity of type: minecraft:zombie
[267月2026 23:42:29.454] [Render thread/DEBUG] [mekanism.common.Mekanism/]: Added Mekanism Elytra Layer to entity of type: minecraft:piglin
[267月2026 23:42:29.454] [Render thread/DEBUG] [mekanism.common.Mekanism/]: Added Mekanism Armor Layer to entity of type: minecraft:piglin
[267月2026 23:42:29.454] [Render thread/DEBUG] [mekanism.common.Mekanism/]: Added Mekanism Elytra Layer to entity of type: minecraft:wither_skeleton
[267月2026 23:42:29.454] [Render thread/DEBUG] [mekanism.common.Mekanism/]: Added Mekanism Armor Layer to entity of type: minecraft:wither_skeleton
[267月2026 23:42:29.454] [Render thread/DEBUG] [mekanism.common.Mekanism/]: Added Mekanism Elytra Layer to entity of type: minecraft:drowned
[267月2026 23:42:29.454] [Render thread/DEBUG] [mekanism.common.Mekanism/]: Added Mekanism Armor Layer to entity of type: minecraft:drowned
[267月2026 23:42:29.454] [Render thread/DEBUG] [mekanism.common.Mekanism/]: Added Mekanism Armor Layer to entity of type: minecraft:giant
[267月2026 23:42:29.454] [Render thread/DEBUG] [mekanism.common.Mekanism/]: Added Mekanism Elytra Layer to entity of type: minecraft:stray
[267月2026 23:42:29.454] [Render thread/DEBUG] [mekanism.common.Mekanism/]: Added Mekanism Armor Layer to entity of type: minecraft:stray
[267月2026 23:42:29.454] [Render thread/DEBUG] [mekanism.common.Mekanism/]: Added Mekanism Elytra Layer to entity of type: minecraft:zombified_piglin
[267月2026 23:42:29.454] [Render thread/DEBUG] [mekanism.common.Mekanism/]: Added Mekanism Armor Layer to entity of type: minecraft:zombified_piglin
[267月2026 23:42:29.454] [Render thread/DEBUG] [mekanism.common.Mekanism/]: Added Mekanism Elytra Layer to entity of type: minecraft:zombie_villager
[267月2026 23:42:29.454] [Render thread/DEBUG] [mekanism.common.Mekanism/]: Added Mekanism Armor Layer to entity of type: minecraft:zombie_villager
[267月2026 23:42:29.455] [Render thread/INFO] [net.minecraft.client.renderer.texture.TextureAtlas/]: Created: 512x256x0 minecraft:textures/atlas/particles.png-atlas
[267月2026 23:42:29.459] [Render thread/INFO] [net.minecraft.client.renderer.texture.TextureAtlas/]: Created: 512x256x0 minecraft:textures/atlas/paintings.png-atlas
[267月2026 23:42:29.460] [Render thread/INFO] [net.minecraft.client.renderer.texture.TextureAtlas/]: Created: 256x128x0 minecraft:textures/atlas/mob_effects.png-atlas
[267月2026 23:42:29.460] [Render thread/INFO] [net.minecraft.client.renderer.texture.TextureAtlas/]: Created: 64x64x0 minecraft:textures/atlas/map_decorations.png-atlas
[267月2026 23:42:29.460] [Render thread/INFO] [net.minecraft.client.renderer.texture.TextureAtlas/]: Created: 1024x1024x0 minecraft:textures/atlas/gui.png-atlas
[267月2026 23:42:29.461] [Render thread/DEBUG] [guideme.render.GuiAssets/]: Resetting 8 GUI sprites.
[267月2026 23:42:29.491] [Render thread/WARN] [net.minecraft.client.renderer.ShaderInstance/]: Shader rendertype_entity_translucent_emissive could not find sampler named Sampler2 in the specified shader program.
[267月2026 23:42:29.534] [Render thread/WARN] [net.minecraft.client.renderer.ShaderInstance/]: Shader journeymap:sepia_3 could not find uniform named ColorModulator in the specified shader program.
[267月2026 23:42:29.536] [Render thread/WARN] [net.minecraft.client.renderer.ShaderInstance/]: Shader journeymap:sepia_2 could not find uniform named ColorModulator in the specified shader program.
[267月2026 23:42:29.536] [Render thread/WARN] [net.minecraft.client.renderer.ShaderInstance/]: Shader journeymap:sepia_1 could not find uniform named ColorModulator in the specified shader program.
[267月2026 23:42:29.563] [Render thread/INFO] [guideme.internal.GuideReloadListener/]: Data driven guides: []
[267月2026 23:42:29.577] [Render thread/INFO] [net.minecraft.client.renderer.texture.TextureAtlas/]: Created: 256x256x0 jei:textures/atlas/gui.png-atlas
[267月2026 23:42:29.578] [Render thread/INFO] [net.minecraft.client.renderer.texture.TextureAtlas/]: Created: 512x256x0 mekanism:textures/atlas/robit.png-atlas
[267月2026 23:42:29.583] [Render thread/INFO] [net.neoforged.neoforge.client.entity.animation.json.AnimationLoader/]: Loaded 0 entity animations
[267月2026 23:42:33.456] [Render thread/DEBUG] [ModernUI-MC/TextLayout]: Cleanup 10 text layout entries
[267月2026 23:42:33.458] [Render thread/INFO] [ModernUI-MC/TextLayout]: Reloaded text layout engine, res level: 2 to 4, locale: zh_CN, layout RTL: false
[267月2026 23:42:34.036] [Render thread/DEBUG] [mixin/]: Mixing MixinSelectionList from mixins.modernui-neoforge.json into net.minecraft.client.gui.components.AbstractSelectionList
[267月2026 23:42:34.037] [Render thread/DEBUG] [mixin/]: mixins.modernui-neoforge.json:MixinSelectionList from mod modernui: Class version 65 required is higher than the class version supported by the current version of Mixin (JAVA_17 supports class version 61)
[267月2026 23:42:34.039] [Render thread/DEBUG] [mixin/]: Mixing client.AbstractSelectionListMixin from refurbished_furniture.common.mixins.json into net.minecraft.client.gui.components.AbstractSelectionList
[267月2026 23:42:34.042] [Render thread/DEBUG] [mixin/]: mixins.modernui-neoforge.json:MixinSelectionList from mod modernui->@Inject::preRender(Lnet/minecraft/client/gui/GuiGraphics;IIFLorg/spongepowered/asm/mixin/injection/callback/CallbackInfo;)V doesn't use it's CallbackInfo
[267月2026 23:42:34.042] [Render thread/DEBUG] [mixin/]: mixins.modernui-neoforge.json:MixinSelectionList from mod modernui->@Inject::preRender(Lnet/minecraft/client/gui/GuiGraphics;IIFLorg/spongepowered/asm/mixin/injection/callback/CallbackInfo;)V has 0 override(s) in child classes
[267月2026 23:42:34.042] [Render thread/DEBUG] [mixin/]: mixins.modernui-neoforge.json:MixinSelectionList from mod modernui->@Inject::preRender(Lnet/minecraft/client/gui/GuiGraphics;IIFLorg/spongepowered/asm/mixin/injection/callback/CallbackInfo;)V won't be passed a CallbackInfo as a result
[267月2026 23:42:34.042] [Render thread/DEBUG] [mixin/]: mixins.modernui-neoforge.json:MixinSelectionList from mod modernui->@Inject::preRenderHeader(Lnet/minecraft/client/gui/GuiGraphics;IIFLorg/spongepowered/asm/mixin/injection/callback/CallbackInfo;)V doesn't use it's CallbackInfo
[267月2026 23:42:34.042] [Render thread/DEBUG] [mixin/]: mixins.modernui-neoforge.json:MixinSelectionList from mod modernui->@Inject::preRenderHeader(Lnet/minecraft/client/gui/GuiGraphics;IIFLorg/spongepowered/asm/mixin/injection/callback/CallbackInfo;)V has 0 override(s) in child classes
[267月2026 23:42:34.042] [Render thread/DEBUG] [mixin/]: mixins.modernui-neoforge.json:MixinSelectionList from mod modernui->@Inject::preRenderHeader(Lnet/minecraft/client/gui/GuiGraphics;IIFLorg/spongepowered/asm/mixin/injection/callback/CallbackInfo;)V won't be passed a CallbackInfo as a result
[267月2026 23:42:34.042] [Render thread/DEBUG] [mixin/]: mixins.modernui-neoforge.json:MixinSelectionList from mod modernui->@Inject::postRenderHeader(Lnet/minecraft/client/gui/GuiGraphics;IIFLorg/spongepowered/asm/mixin/injection/callback/CallbackInfo;)V doesn't use it's CallbackInfo
[267月2026 23:42:34.042] [Render thread/DEBUG] [mixin/]: mixins.modernui-neoforge.json:MixinSelectionList from mod modernui->@Inject::postRenderHeader(Lnet/minecraft/client/gui/GuiGraphics;IIFLorg/spongepowered/asm/mixin/injection/callback/CallbackInfo;)V has 0 override(s) in child classes
[267月2026 23:42:34.042] [Render thread/DEBUG] [mixin/]: mixins.modernui-neoforge.json:MixinSelectionList from mod modernui->@Inject::postRenderHeader(Lnet/minecraft/client/gui/GuiGraphics;IIFLorg/spongepowered/asm/mixin/injection/callback/CallbackInfo;)V won't be passed a CallbackInfo as a result
[267月2026 23:42:34.042] [Render thread/DEBUG] [mixin/]: mixins.modernui-neoforge.json:MixinSelectionList from mod modernui->@Inject::preRenderList(Lnet/minecraft/client/gui/GuiGraphics;IIFLorg/spongepowered/asm/mixin/injection/callback/CallbackInfo;)V doesn't use it's CallbackInfo
[267月2026 23:42:34.042] [Render thread/DEBUG] [mixin/]: mixins.modernui-neoforge.json:MixinSelectionList from mod modernui->@Inject::preRenderList(Lnet/minecraft/client/gui/GuiGraphics;IIFLorg/spongepowered/asm/mixin/injection/callback/CallbackInfo;)V has 0 override(s) in child classes
[267月2026 23:42:34.042] [Render thread/DEBUG] [mixin/]: mixins.modernui-neoforge.json:MixinSelectionList from mod modernui->@Inject::preRenderList(Lnet/minecraft/client/gui/GuiGraphics;IIFLorg/spongepowered/asm/mixin/injection/callback/CallbackInfo;)V won't be passed a CallbackInfo as a result
[267月2026 23:42:34.042] [Render thread/DEBUG] [mixin/]: mixins.modernui-neoforge.json:MixinSelectionList from mod modernui->@Inject::postRenderList(Lnet/minecraft/client/gui/GuiGraphics;IIFLorg/spongepowered/asm/mixin/injection/callback/CallbackInfo;)V doesn't use it's CallbackInfo
[267月2026 23:42:34.042] [Render thread/DEBUG] [mixin/]: mixins.modernui-neoforge.json:MixinSelectionList from mod modernui->@Inject::postRenderList(Lnet/minecraft/client/gui/GuiGraphics;IIFLorg/spongepowered/asm/mixin/injection/callback/CallbackInfo;)V has 0 override(s) in child classes
[267月2026 23:42:34.042] [Render thread/DEBUG] [mixin/]: mixins.modernui-neoforge.json:MixinSelectionList from mod modernui->@Inject::postRenderList(Lnet/minecraft/client/gui/GuiGraphics;IIFLorg/spongepowered/asm/mixin/injection/callback/CallbackInfo;)V won't be passed a CallbackInfo as a result
[267月2026 23:42:34.042] [Render thread/DEBUG] [mixin/]: refurbished_furniture.common.mixins.json:client.AbstractSelectionListMixin from mod refurbished_furniture->@Inject::refurbishedFurnitureGetEntry(DDLorg/spongepowered/asm/mixin/injection/callback/CallbackInfoReturnable;)V does use it's CallbackInfoReturnable
[267月2026 23:42:34.045] [Render thread/DEBUG] [mixin/]: Mixing client.WorldSelectionListMixin from journeymap.mixins.json into net.minecraft.client.gui.screens.worldselection.WorldSelectionList$WorldListEntry
[267月2026 23:42:34.046] [Render thread/DEBUG] [mixin/]: journeymap.mixins.json:client.WorldSelectionListMixin from mod journeymap: Class version 65 required is higher than the class version supported by the current version of Mixin (JAVA_17 supports class version 61)
[267月2026 23:42:34.046] [Render thread/DEBUG] [mixin/]: Renaming synthetic method lambda$deleteWorld$0(Ljava/lang/Boolean;Ljava/lang/Boolean;)V to md8d9766$journeymap$lambda$deleteWorld$0$0 in journeymap.mixins.json:client.WorldSelectionListMixin from mod journeymap
[267月2026 23:42:34.050] [Render thread/DEBUG] [mixin/]: journeymap.mixins.json:client.WorldSelectionListMixin from mod journeymap->@Inject::deleteWorld(Lorg/spongepowered/asm/mixin/injection/callback/CallbackInfo;)V does use it's CallbackInfo
[267月2026 23:42:35.044] [Worker-Main-29/INFO] [AE2:C/]: Scanning class appeng.server.testplots.AutoCraftingTestPlots for plots
[267月2026 23:42:35.046] [Worker-Main-29/INFO] [AE2:C/]: Scanning class appeng.server.testplots.SpawnExtraGridTestTools for plots
[267月2026 23:42:35.046] [Worker-Main-29/INFO] [AE2:C/]: Scanning class appeng.server.testplots.PatternProviderPlots for plots
[267月2026 23:42:35.046] [Worker-Main-29/INFO] [AE2:C/]: Scanning class appeng.server.testplots.CrystalResonanceGeneratorTestPlots for plots
[267月2026 23:42:35.046] [Worker-Main-29/INFO] [AE2:C/]: Scanning class appeng.server.testplots.InterfaceTestPlots for plots
[267月2026 23:42:35.046] [Worker-Main-29/INFO] [AE2:C/]: Scanning class appeng.server.testplots.PatternProviderLockModePlots for plots
[267月2026 23:42:35.046] [Worker-Main-29/INFO] [AE2:C/]: Scanning class appeng.server.testplots.ItemP2PTestPlots for plots
[267月2026 23:42:35.047] [Worker-Main-29/INFO] [AE2:C/]: Scanning class appeng.server.testplots.InvalidPatternTestPlot for plots
[267月2026 23:42:35.047] [Worker-Main-29/INFO] [AE2:C/]: Scanning class appeng.server.testplots.MemoryCardTestPlots for plots
[267月2026 23:42:35.047] [Worker-Main-29/INFO] [AE2:C/]: Scanning class appeng.server.testplots.AnnihilationPlaneTests for plots
[267月2026 23:42:35.047] [Worker-Main-29/INFO] [AE2:C/]: Scanning class appeng.server.testplots.InscriberTestPlots for plots
[267月2026 23:42:35.052] [Worker-Main-29/INFO] [AE2:C/]: Scanning class appeng.server.testplots.GuidebookPlot for plots
[267月2026 23:42:35.052] [Worker-Main-29/INFO] [AE2:C/]: Scanning class appeng.server.testplots.SubnetPlots for plots
[267月2026 23:42:35.052] [Worker-Main-29/INFO] [AE2:C/]: Scanning class appeng.server.testplots.P2PTestPlots for plots
[267月2026 23:42:35.052] [Worker-Main-29/INFO] [AE2:C/]: Scanning class appeng.server.testplots.QnbTestPlots for plots
[267月2026 23:42:35.052] [Worker-Main-29/INFO] [AE2:C/]: Scanning class appeng.server.testplots.ExternalEnergyTestPlots for plots
[267月2026 23:42:35.052] [Worker-Main-29/INFO] [AE2:C/]: Scanning class appeng.server.testplots.ChannelTests for plots
[267月2026 23:42:35.052] [Worker-Main-29/INFO] [AE2:C/]: Scanning class appeng.server.testplots.TestPlots for plots
[267月2026 23:42:35.053] [Worker-Main-29/INFO] [AE2:C/]: Scanning class appeng.server.testplots.SpatialTestPlots for plots
[267月2026 23:42:35.449] [Render thread/INFO] [net.minecraft.world.item.crafting.RecipeManager/]: Loaded 5512 recipes
[267月2026 23:42:35.663] [Render thread/INFO] [net.minecraft.advancements.AdvancementTree/]: Loaded 3602 advancements
[267月2026 23:42:35.673] [Render thread/INFO] [com.enderio.enderio.foundation.souldata.SoulDataReloadListener/]: Data loader for eio_soul/engine loaded 6 jsons
[267月2026 23:42:35.673] [Render thread/INFO] [com.enderio.enderio.foundation.souldata.SoulDataReloadListener/]: Data loader for eio_soul/spawner loaded 81 jsons
[267月2026 23:42:35.673] [Render thread/INFO] [com.enderio.enderio.foundation.souldata.SoulDataReloadListener/]: Data loader for eio_soul/solar loaded 1 jsons
[267月2026 23:42:35.674] [Render thread/INFO] [com.enderio.enderio.foundation.souldata.SoulDataReloadListener/]: Data loader for eio_soul/farm loaded 3 jsons
[267月2026 23:42:36.186] [Render thread/DEBUG] [mezz.jei.neoforge.startup.StartEventObserver/]: JEI StartEventObserver received class net.neoforged.neoforge.event.TagsUpdatedEvent too early, ignoring
[267月2026 23:42:36.206] [Render thread/DEBUG] [net.neoforged.neoforge.common.CommonHooks/WP]: Gathered mod list to write to world save 新的世界
[267月2026 23:42:36.236] [Server thread/INFO] [net.minecraft.client.server.IntegratedServer/]: Starting integrated minecraft server version 1.21.1
[267月2026 23:42:36.236] [Server thread/INFO] [net.minecraft.server.MinecraftServer/]: Generating keypair
[267月2026 23:42:36.292] [Server thread/DEBUG] [net.neoforged.fml.config.ConfigTracker/CONFIG]: Loading configs type SERVER
[267月2026 23:42:36.292] [Server thread/DEBUG] [net.neoforged.fml.config.ConfigTracker/CONFIG]: Loaded TOML config file E:\Minecraft\Minecraft Modding\RTSbuilding\run\config\jei-server.toml
[267月2026 23:42:36.293] [Server thread/DEBUG] [net.neoforged.fml.config.ConfigTracker/CONFIG]: Watching TOML config file E:\Minecraft\Minecraft Modding\RTSbuilding\run\config\jei-server.toml for changes
[267月2026 23:42:36.293] [Server thread/DEBUG] [net.neoforged.neoforge.common.NeoForgeConfig/FORGEMOD]: Loaded NeoForge config file neoforge-server.toml
[267月2026 23:42:36.293] [Server thread/DEBUG] [net.neoforged.fml.config.ConfigTracker/CONFIG]: Loaded TOML config file E:\Minecraft\Minecraft Modding\RTSbuilding\run\config\neoforge-server.toml
[267月2026 23:42:36.293] [Server thread/DEBUG] [net.neoforged.fml.config.ConfigTracker/CONFIG]: Watching TOML config file E:\Minecraft\Minecraft Modding\RTSbuilding\run\config\neoforge-server.toml for changes
[267月2026 23:42:36.295] [Server thread/DEBUG] [net.neoforged.fml.config.ConfigTracker/CONFIG]: Loaded TOML config file E:\Minecraft\Minecraft Modding\RTSbuilding\run\config\journeymap-server.toml
[267月2026 23:42:36.295] [Server thread/DEBUG] [net.neoforged.fml.config.ConfigTracker/CONFIG]: Watching TOML config file E:\Minecraft\Minecraft Modding\RTSbuilding\run\config\journeymap-server.toml for changes
[267月2026 23:42:36.296] [Server thread/DEBUG] [net.neoforged.fml.config.ConfigTracker/CONFIG]: Loaded TOML config file E:\Minecraft\Minecraft Modding\RTSbuilding\run\config\Mekanism\general.toml
[267月2026 23:42:36.296] [Server thread/DEBUG] [net.neoforged.fml.config.ConfigTracker/CONFIG]: Watching TOML config file E:\Minecraft\Minecraft Modding\RTSbuilding\run\config\Mekanism\general.toml for changes
[267月2026 23:42:36.298] [Server thread/DEBUG] [net.neoforged.fml.config.ConfigTracker/CONFIG]: Loaded TOML config file E:\Minecraft\Minecraft Modding\RTSbuilding\run\config\Mekanism\gear.toml
[267月2026 23:42:36.298] [Server thread/DEBUG] [net.neoforged.fml.config.ConfigTracker/CONFIG]: Watching TOML config file E:\Minecraft\Minecraft Modding\RTSbuilding\run\config\Mekanism\gear.toml for changes
[267月2026 23:42:36.299] [Server thread/DEBUG] [net.neoforged.fml.config.ConfigTracker/CONFIG]: Loaded TOML config file E:\Minecraft\Minecraft Modding\RTSbuilding\run\config\Mekanism\machine-storage.toml
[267月2026 23:42:36.299] [Server thread/DEBUG] [net.neoforged.fml.config.ConfigTracker/CONFIG]: Watching TOML config file E:\Minecraft\Minecraft Modding\RTSbuilding\run\config\Mekanism\machine-storage.toml for changes
[267月2026 23:42:36.300] [Server thread/DEBUG] [net.neoforged.fml.config.ConfigTracker/CONFIG]: Loaded TOML config file E:\Minecraft\Minecraft Modding\RTSbuilding\run\config\Mekanism\tiers.toml
[267月2026 23:42:36.300] [Server thread/DEBUG] [net.neoforged.fml.config.ConfigTracker/CONFIG]: Watching TOML config file E:\Minecraft\Minecraft Modding\RTSbuilding\run\config\Mekanism\tiers.toml for changes
[267月2026 23:42:36.301] [Server thread/DEBUG] [net.neoforged.fml.config.ConfigTracker/CONFIG]: Loaded TOML config file E:\Minecraft\Minecraft Modding\RTSbuilding\run\config\Mekanism\machine-usage.toml
[267月2026 23:42:36.301] [Server thread/DEBUG] [net.neoforged.fml.config.ConfigTracker/CONFIG]: Watching TOML config file E:\Minecraft\Minecraft Modding\RTSbuilding\run\config\Mekanism\machine-usage.toml for changes
[267月2026 23:42:36.302] [Server thread/DEBUG] [net.neoforged.fml.config.ConfigTracker/CONFIG]: Loaded TOML config file E:\Minecraft\Minecraft Modding\RTSbuilding\run\config\Mekanism\world.toml
[267月2026 23:42:36.304] [Server thread/DEBUG] [net.neoforged.fml.config.ConfigTracker/CONFIG]: Watching TOML config file E:\Minecraft\Minecraft Modding\RTSbuilding\run\config\Mekanism\world.toml for changes
[267月2026 23:42:36.305] [Server thread/DEBUG] [net.neoforged.fml.config.ConfigTracker/CONFIG]: Loaded TOML config file E:\Minecraft\Minecraft Modding\RTSbuilding\run\config\Mekanism\generators.toml
[267月2026 23:42:36.305] [Server thread/DEBUG] [net.neoforged.fml.config.ConfigTracker/CONFIG]: Watching TOML config file E:\Minecraft\Minecraft Modding\RTSbuilding\run\config\Mekanism\generators.toml for changes
[267月2026 23:42:36.306] [Server thread/DEBUG] [net.neoforged.fml.config.ConfigTracker/CONFIG]: Loaded TOML config file E:\Minecraft\Minecraft Modding\RTSbuilding\run\config\Mekanism\generators-gear.toml
[267月2026 23:42:36.306] [Server thread/DEBUG] [net.neoforged.fml.config.ConfigTracker/CONFIG]: Watching TOML config file E:\Minecraft\Minecraft Modding\RTSbuilding\run\config\Mekanism\generators-gear.toml for changes
[267月2026 23:42:36.306] [Server thread/DEBUG] [net.neoforged.fml.config.ConfigTracker/CONFIG]: Loaded TOML config file E:\Minecraft\Minecraft Modding\RTSbuilding\run\config\Mekanism\generator-storage.toml
[267月2026 23:42:36.306] [Server thread/DEBUG] [net.neoforged.fml.config.ConfigTracker/CONFIG]: Watching TOML config file E:\Minecraft\Minecraft Modding\RTSbuilding\run\config\Mekanism\generator-storage.toml for changes
[267月2026 23:42:36.342] [Server thread/INFO] [Framework/]: Loading server configs...
[267月2026 23:42:36.345] [Server thread/DEBUG] [Framework/]: Started watching config: E:\Minecraft\Minecraft Modding\RTSbuilding\run\config\refurbished_furniture.server.toml
[267月2026 23:42:36.386] [Server thread/DEBUG] [mixin/]: Mixing chunkloading.ChunkMapMixin from ae2.mixins.json into net.minecraft.server.level.ChunkMap
[267月2026 23:42:36.386] [Server thread/DEBUG] [mixin/]: ae2.mixins.json:chunkloading.ChunkMapMixin from mod ae2: Class version 65 required is higher than the class version supported by the current version of Mixin (JAVA_11 supports class version 55)
[267月2026 23:42:36.387] [Server thread/DEBUG] [mixin/]: Mixing server.ChunkMapAccessor from journeymap.mixins.json into net.minecraft.server.level.ChunkMap
[267月2026 23:42:36.387] [Server thread/DEBUG] [mixin/]: journeymap.mixins.json:server.ChunkMapAccessor from mod journeymap: Class version 65 required is higher than the class version supported by the current version of Mixin (JAVA_17 supports class version 61)
[267月2026 23:42:36.387] [Server thread/DEBUG] [mixin/]: ae2.mixins.json:chunkloading.ChunkMapMixin from mod ae2->@Inject::spatialAnchorEnableRandomTicks(Lnet/minecraft/world/level/ChunkPos;Lorg/spongepowered/asm/mixin/injection/callback/CallbackInfoReturnable;)V does use it's CallbackInfoReturnable
[267月2026 23:42:36.388] [Server thread/DEBUG] [mixin/]: ae2.mixins.json:chunkloading.ChunkMapMixin from mod ae2->@Inject::spatialAnchorEnableRandomTicks(Lnet/minecraft/world/level/ChunkPos;Lorg/spongepowered/asm/mixin/injection/callback/CallbackInfoReturnable;)V does use it's CallbackInfoReturnable
[267月2026 23:42:36.388] [Server thread/DEBUG] [mixin/]: ae2.mixins.json:chunkloading.ChunkMapMixin from mod ae2->@Inject::spatialAnchorEnableRandomTicks(Lnet/minecraft/world/level/ChunkPos;Lorg/spongepowered/asm/mixin/injection/callback/CallbackInfoReturnable;)V does use it's CallbackInfoReturnable
[267月2026 23:42:36.460] [Server thread/INFO] [net.minecraft.server.MinecraftServer/]: Preparing start region for dimension minecraft:overworld
[267月2026 23:42:36.514] [Server thread/DEBUG] [mixin/]: Mixing neoforge.MixinChunkSerializer from architectury.mixins.json into net.minecraft.world.level.chunk.storage.ChunkSerializer
[267月2026 23:42:36.515] [Server thread/DEBUG] [mixin/]: architectury.mixins.json:neoforge.MixinChunkSerializer from mod architectury: Class version 65 required is higher than the class version supported by the current version of Mixin (JAVA_16 supports class version 60)
[267月2026 23:42:36.517] [Server thread/DEBUG] [mixin/]: architectury.mixins.json:neoforge.MixinChunkSerializer from mod architectury->@Inject::read(Lnet/minecraft/server/level/ServerLevel;Lnet/minecraft/world/entity/ai/village/poi/PoiManager;Lnet/minecraft/world/level/chunk/storage/RegionStorageInfo;Lnet/minecraft/world/level/ChunkPos;Lnet/minecraft/nbt/CompoundTag;Lorg/spongepowered/asm/mixin/injection/callback/CallbackInfoReturnable;)V doesn't use it's CallbackInfoReturnable
[267月2026 23:42:36.668] [progressListener/INFO] [net.minecraft.server.level.progress.LoggerChunkProgressListener/]: 准备生成区域中：0%
[267月2026 23:42:36.771] [Server thread/INFO] [net.neoforged.neoforge.server.permission.PermissionAPI/]: Successfully initialized permission handler neoforge:default_handler
[267月2026 23:42:36.771] [Server thread/INFO] [com.rtsbuilding.rtsbuilding.RtsbuildingMod/]: 服务器正在启动……
[267月2026 23:42:36.784] [progressListener/INFO] [net.minecraft.server.level.progress.LoggerChunkProgressListener/]: Time elapsed: 315 ms
[267月2026 23:42:36.919] [Server thread/DEBUG] [mixin/]: Mixing EnchantmentHelperMixin from ae2.mixins.json into net.minecraft.world.item.enchantment.EnchantmentHelper
[267月2026 23:42:36.920] [Server thread/DEBUG] [mixin/]: ae2.mixins.json:EnchantmentHelperMixin from mod ae2: Class version 65 required is higher than the class version supported by the current version of Mixin (JAVA_11 supports class version 55)
[267月2026 23:42:36.921] [Server thread/DEBUG] [mixin/]: ae2.mixins.json:EnchantmentHelperMixin from mod ae2->@Inject::hookGetItemEnchantmentLevel(Lnet/minecraft/core/Holder;Lnet/minecraft/world/item/ItemStack;Lorg/spongepowered/asm/mixin/injection/callback/CallbackInfoReturnable;)V does use it's CallbackInfoReturnable
[267月2026 23:42:37.167] [Server thread/INFO] [net.minecraft.client.server.IntegratedServer/]: Changing view distance to 12, from 10
[267月2026 23:42:37.167] [Server thread/INFO] [net.minecraft.client.server.IntegratedServer/]: Changing simulation distance to 12, from 0
[267月2026 23:42:37.183] [Render thread/DEBUG] [io.netty.channel.MultithreadEventLoopGroup/]: -Dio.netty.eventLoopThreads: 64
[267月2026 23:42:37.223] [Render thread/DEBUG] [io.netty.util.concurrent.GlobalEventExecutor/]: -Dio.netty.globalEventExecutor.quietPeriodSeconds: 1
[267月2026 23:42:37.249] [Render thread/DEBUG] [io.netty.channel.nio.NioEventLoop/]: -Dio.netty.noKeySetOptimization: false
[267月2026 23:42:37.249] [Render thread/DEBUG] [io.netty.channel.nio.NioEventLoop/]: -Dio.netty.selectorAutoRebuildThreshold: 512
[267月2026 23:42:37.252] [Render thread/DEBUG] [io.netty.util.internal.PlatformDependent/]: org.jctools-core.MpscChunkedArrayQueue: available
[267月2026 23:42:37.303] [Render thread/DEBUG] [io.netty.channel.DefaultChannelId/]: -Dio.netty.processId: 39492 (auto-detected)
[267月2026 23:42:37.304] [Render thread/DEBUG] [io.netty.util.NetUtil/]: -Djava.net.preferIPv4Stack: false
[267月2026 23:42:37.304] [Render thread/DEBUG] [io.netty.util.NetUtil/]: -Djava.net.preferIPv6Addresses: system
[267月2026 23:42:37.306] [Render thread/DEBUG] [io.netty.util.NetUtilInitializations/]: Loopback interface: loopback_0 (Software Loopback Interface 1, 0:0:0:0:0:0:0:1)
[267月2026 23:42:37.309] [Render thread/DEBUG] [io.netty.util.NetUtil/]: Failed to get SOMAXCONN from sysctl and file \proc\sys\net\core\somaxconn. Default: 200
[267月2026 23:42:37.310] [Render thread/DEBUG] [io.netty.channel.DefaultChannelId/]: -Dio.netty.machineId: d4:d8:53:ff:fe:3a:e4:ae (auto-detected)
[267月2026 23:42:37.351] [Render thread/DEBUG] [io.netty.util.Recycler/]: -Dio.netty.recycler.maxCapacityPerThread: 4096
[267月2026 23:42:37.351] [Render thread/DEBUG] [io.netty.util.Recycler/]: -Dio.netty.recycler.ratio: 8
[267月2026 23:42:37.351] [Render thread/DEBUG] [io.netty.util.Recycler/]: -Dio.netty.recycler.chunkSize: 32
[267月2026 23:42:37.351] [Render thread/DEBUG] [io.netty.util.Recycler/]: -Dio.netty.recycler.blocking: false
[267月2026 23:42:37.351] [Render thread/DEBUG] [io.netty.util.Recycler/]: -Dio.netty.recycler.batchFastThreadLocalOnly: true
[267月2026 23:42:37.363] [Netty Server IO #1/DEBUG] [mixin/]: Mixing client.ClientPacketListenerMixin from journeymap.mixins.json into net.minecraft.client.multiplayer.ClientPacketListener
[267月2026 23:42:37.363] [Netty Server IO #1/DEBUG] [mixin/]: journeymap.mixins.json:client.ClientPacketListenerMixin from mod journeymap: Class version 65 required is higher than the class version supported by the current version of Mixin (JAVA_17 supports class version 61)
[267月2026 23:42:37.366] [Netty Server IO #1/DEBUG] [mixin/]: Mixing client.NeoClientPacketListenerMixin from journeymap.neoforge.mixins.json into net.minecraft.client.multiplayer.ClientPacketListener
[267月2026 23:42:37.366] [Netty Server IO #1/DEBUG] [mixin/]: journeymap.neoforge.mixins.json:client.NeoClientPacketListenerMixin from mod journeymap: Class version 65 required is higher than the class version supported by the current version of Mixin (JAVA_17 supports class version 61)
[267月2026 23:42:37.370] [Netty Server IO #1/DEBUG] [mixin/]: journeymap.mixins.json:client.ClientPacketListenerMixin from mod journeymap->@Inject::journeymap_handleLogin(Lnet/minecraft/network/protocol/game/ClientboundLoginPacket;Lorg/spongepowered/asm/mixin/injection/callback/CallbackInfo;)V doesn't use it's CallbackInfo
[267月2026 23:42:37.370] [Netty Server IO #1/DEBUG] [mixin/]: journeymap.mixins.json:client.ClientPacketListenerMixin from mod journeymap->@Inject::journeymap_handleLogin(Lnet/minecraft/network/protocol/game/ClientboundLoginPacket;Lorg/spongepowered/asm/mixin/injection/callback/CallbackInfo;)V has 0 override(s) in child classes
[267月2026 23:42:37.370] [Netty Server IO #1/DEBUG] [mixin/]: journeymap.mixins.json:client.ClientPacketListenerMixin from mod journeymap->@Inject::journeymap_handleLogin(Lnet/minecraft/network/protocol/game/ClientboundLoginPacket;Lorg/spongepowered/asm/mixin/injection/callback/CallbackInfo;)V won't be passed a CallbackInfo as a result
[267月2026 23:42:37.370] [Netty Server IO #1/DEBUG] [mixin/]: journeymap.mixins.json:client.ClientPacketListenerMixin from mod journeymap->@Inject::journeymap_handleRespawn(Lnet/minecraft/network/protocol/game/ClientboundRespawnPacket;Lorg/spongepowered/asm/mixin/injection/callback/CallbackInfo;)V doesn't use it's CallbackInfo
[267月2026 23:42:37.370] [Netty Server IO #1/DEBUG] [mixin/]: journeymap.mixins.json:client.ClientPacketListenerMixin from mod journeymap->@Inject::journeymap_handleRespawn(Lnet/minecraft/network/protocol/game/ClientboundRespawnPacket;Lorg/spongepowered/asm/mixin/injection/callback/CallbackInfo;)V has 0 override(s) in child classes
[267月2026 23:42:37.370] [Netty Server IO #1/DEBUG] [mixin/]: journeymap.mixins.json:client.ClientPacketListenerMixin from mod journeymap->@Inject::journeymap_handleRespawn(Lnet/minecraft/network/protocol/game/ClientboundRespawnPacket;Lorg/spongepowered/asm/mixin/injection/callback/CallbackInfo;)V won't be passed a CallbackInfo as a result
[267月2026 23:42:37.370] [Netty Server IO #1/DEBUG] [mixin/]: journeymap.mixins.json:client.ClientPacketListenerMixin from mod journeymap->@Inject::journeymap_handleDisguisedChat_onClientChatEventReceived(Lnet/minecraft/network/protocol/game/ClientboundDisguisedChatPacket;Lorg/spongepowered/asm/mixin/injection/callback/CallbackInfo;)V does use it's CallbackInfo
[267月2026 23:42:37.370] [Netty Server IO #1/DEBUG] [mixin/]: journeymap.neoforge.mixins.json:client.NeoClientPacketListenerMixin from mod journeymap->@Inject::jm$SendUnsignedCommandMixin(Ljava/lang/String;Lorg/spongepowered/asm/mixin/injection/callback/CallbackInfoReturnable;)V does use it's CallbackInfoReturnable
[267月2026 23:42:37.376] [Netty Server IO #1/DEBUG] [mixin/]: Mixing client.ClientCommonPacketListenerMixin from journeymap.mixins.json into net.minecraft.client.multiplayer.ClientCommonPacketListenerImpl
[267月2026 23:42:37.376] [Netty Server IO #1/DEBUG] [mixin/]: journeymap.mixins.json:client.ClientCommonPacketListenerMixin from mod journeymap: Class version 65 required is higher than the class version supported by the current version of Mixin (JAVA_17 supports class version 61)
[267月2026 23:42:37.376] [Netty Server IO #1/DEBUG] [mixin/]: journeymap.mixins.json:client.ClientCommonPacketListenerMixin from mod journeymap->@Inject::journeymap_handleTransfer(Lnet/minecraft/network/protocol/common/ClientboundTransferPacket;Lorg/spongepowered/asm/mixin/injection/callback/CallbackInfo;)V doesn't use it's CallbackInfo
[267月2026 23:42:37.376] [Netty Server IO #1/DEBUG] [mixin/]: journeymap.mixins.json:client.ClientCommonPacketListenerMixin from mod journeymap->@Inject::journeymap_handleTransfer(Lnet/minecraft/network/protocol/common/ClientboundTransferPacket;Lorg/spongepowered/asm/mixin/injection/callback/CallbackInfo;)V has 0 override(s) in child classes
[267月2026 23:42:37.376] [Netty Server IO #1/DEBUG] [mixin/]: journeymap.mixins.json:client.ClientCommonPacketListenerMixin from mod journeymap->@Inject::journeymap_handleTransfer(Lnet/minecraft/network/protocol/common/ClientboundTransferPacket;Lorg/spongepowered/asm/mixin/injection/callback/CallbackInfo;)V won't be passed a CallbackInfo as a result
[267月2026 23:42:37.476] [Netty Server IO #1/DEBUG] [net.neoforged.neoforge.network.filters.NetworkFilters/]: Injected net.neoforged.neoforge.network.filters.GenericPacketSplitter@51fb2fc5 into net.minecraft.network.Connection@10a89b5
[267月2026 23:42:37.485] [Netty Local Client IO #0/DEBUG] [net.neoforged.neoforge.network.filters.NetworkFilters/]: Injected net.neoforged.neoforge.network.filters.GenericPacketSplitter@79775f53 into net.minecraft.network.Connection@7342a9a7
[267月2026 23:42:37.507] [Server thread/DEBUG] [Framework/FRAMEWORK_CONFIGURATION]: Sending configuration task 'framework:configuration/config_data'
[267月2026 23:42:37.508] [Server thread/DEBUG] [Framework/FRAMEWORK_CONFIGURATION]: Sending configuration task 'framework:configuration/synced_entity_data'
[267月2026 23:42:37.532] [Render thread/DEBUG] [Framework/]: Received config data from server
[267月2026 23:42:37.534] [Render thread/DEBUG] [Framework/FRAMEWORK_CONFIGURATION]: Received synced key mappings from server
[267月2026 23:42:37.567] [Render thread/DEBUG] [mezz.jei.neoforge.startup.StartEventObserver/]: JEI StartEventObserver received event: class net.neoforged.neoforge.event.TagsUpdatedEvent
[267月2026 23:42:37.645] [Render thread/DEBUG] [mixin/]: Mixing client.ClientRecipeBookMixin from refurbished_furniture.common.mixins.json into net.minecraft.client.ClientRecipeBook
[267月2026 23:42:37.646] [Render thread/DEBUG] [mixin/]: refurbished_furniture.common.mixins.json:client.ClientRecipeBookMixin from mod refurbished_furniture->@Inject::refurbishedFurniture$GetCategoryHead(Lnet/minecraft/world/item/crafting/RecipeHolder;Lorg/spongepowered/asm/mixin/injection/callback/CallbackInfoReturnable;)V does use it's CallbackInfoReturnable
[267月2026 23:42:37.656] [Netty Server IO #1/DEBUG] [net.neoforged.neoforge.network.filters.NetworkFilters/]: Injected net.neoforged.neoforge.network.filters.GenericPacketSplitter@3a04b74f into net.minecraft.network.Connection@10a89b5
[267月2026 23:42:37.711] [Server thread/INFO] [net.minecraft.server.players.PlayerList/]: Dev[local:E:5fe2acf1] logged in with entity id 29 at (19.02573384102386, -60.0, 67.06722603977332)
[267月2026 23:42:37.791] [Server thread/INFO] [net.minecraft.server.MinecraftServer/]: Dev加入了游戏
[267月2026 23:42:38.091] [Render thread/DEBUG] [mixin/]: Mixing MixinSignEditScreen from mixins.modernui-textmc.json into net.minecraft.client.gui.screens.inventory.AbstractSignEditScreen
[267月2026 23:42:38.091] [Render thread/DEBUG] [mixin/]: mixins.modernui-textmc.json:MixinSignEditScreen from mod modernui: Class version 65 required is higher than the class version supported by the current version of Mixin (JAVA_17 supports class version 61)
[267月2026 23:42:38.091] [Render thread/DEBUG] [mixin/]: mixins.modernui-textmc.json:MixinSignEditScreen from mod modernui->@Inject::onRenderSignText(Lnet/minecraft/client/gui/GuiGraphics;Lorg/spongepowered/asm/mixin/injection/callback/CallbackInfo;)V doesn't use it's CallbackInfo
[267月2026 23:42:38.091] [Render thread/DEBUG] [mixin/]: mixins.modernui-textmc.json:MixinSignEditScreen from mod modernui->@Inject::onRenderSignText(Lnet/minecraft/client/gui/GuiGraphics;Lorg/spongepowered/asm/mixin/injection/callback/CallbackInfo;)V has 0 override(s) in child classes
[267月2026 23:42:38.091] [Render thread/DEBUG] [mixin/]: mixins.modernui-textmc.json:MixinSignEditScreen from mod modernui->@Inject::onRenderSignText(Lnet/minecraft/client/gui/GuiGraphics;Lorg/spongepowered/asm/mixin/injection/callback/CallbackInfo;)V won't be passed a CallbackInfo as a result
[267月2026 23:42:38.115] [Server thread/DEBUG] [mixin/]: Mixing MixinItemExtension from architectury.mixins.json into dev.architectury.extensions.ItemExtension
[267月2026 23:42:38.115] [Server thread/DEBUG] [mixin/]: architectury.mixins.json:MixinItemExtension from mod architectury: Class version 65 required is higher than the class version supported by the current version of Mixin (JAVA_16 supports class version 60)
[267月2026 23:42:38.242] [Render thread/DEBUG] [mezz.jei.neoforge.startup.StartEventObserver/]: JEI StartEventObserver received event: class net.neoforged.neoforge.client.event.RecipesUpdatedEvent
[267月2026 23:42:38.242] [Render thread/DEBUG] [mezz.jei.neoforge.startup.StartEventObserver/]: JEI StartEventObserver transitioning state from LISTENING to JEI_STARTED
[267月2026 23:42:38.246] [Render thread/INFO] [mezz.jei.core.util.LoggedTimer/]: Starting JEI...
[267月2026 23:42:38.267] [Render thread/INFO] [mezz.jei.library.load.PluginCaller/]: Registering item subtypes...
[267月2026 23:42:38.267] [Render thread/DEBUG] [mezz.jei.library.load.PluginCallerTimerRunnable/]: Registering item subtypes: jei:minecraft...
[267月2026 23:42:38.287] [Render thread/INFO] [mezz.jei.library.load.PluginCallerTimerRunnable/]: Registering item subtypes: jei:minecraft took 18.47 milliseconds
[267月2026 23:42:38.287] [Render thread/DEBUG] [mezz.jei.library.load.PluginCallerTimerRunnable/]: Registering item subtypes: refurbished_furniture:plugin...
[267月2026 23:42:38.287] [Render thread/DEBUG] [mezz.jei.library.load.PluginCallerTimerRunnable/]: Registering item subtypes: jei:neoforge_gui...
[267月2026 23:42:38.287] [Render thread/DEBUG] [mezz.jei.library.load.PluginCallerTimerRunnable/]: Registering item subtypes: jei:debug...
[267月2026 23:42:38.287] [Render thread/DEBUG] [mezz.jei.library.load.PluginCallerTimerRunnable/]: Registering item subtypes: jei:gui...
[267月2026 23:42:38.287] [Render thread/DEBUG] [mezz.jei.library.load.PluginCallerTimerRunnable/]: Registering item subtypes: rtsbuilding:jei_plugin...
[267月2026 23:42:38.287] [Render thread/DEBUG] [mezz.jei.library.load.PluginCallerTimerRunnable/]: Registering item subtypes: mekanism:jei_plugin...
[267月2026 23:42:38.287] [Render thread/DEBUG] [mezz.jei.library.load.PluginCallerTimerRunnable/]: Registering item subtypes: mekanismgenerators:jei_plugin...
[267月2026 23:42:38.287] [Render thread/DEBUG] [mezz.jei.library.load.PluginCallerTimerRunnable/]: Registering item subtypes: enderio:base...
[267月2026 23:42:38.291] [Render thread/DEBUG] [mezz.jei.library.load.PluginCallerTimerRunnable/]: Registering item subtypes: enderio:machines...
[267月2026 23:42:38.291] [Render thread/DEBUG] [mezz.jei.library.load.PluginCallerTimerRunnable/]: Registering item subtypes: jei:internal...
[267月2026 23:42:38.291] [Render thread/INFO] [mezz.jei.library.load.PluginCaller/]: Registering item subtypes took 23.57 milliseconds
[267月2026 23:42:38.292] [Render thread/INFO] [mezz.jei.library.load.PluginCaller/]: Registering fluid subtypes...
[267月2026 23:42:38.292] [Render thread/DEBUG] [mezz.jei.library.load.PluginCallerTimerRunnable/]: Registering fluid subtypes: jei:minecraft...
[267月2026 23:42:38.293] [Render thread/DEBUG] [mezz.jei.library.load.PluginCallerTimerRunnable/]: Registering fluid subtypes: refurbished_furniture:plugin...
[267月2026 23:42:38.293] [Render thread/DEBUG] [mezz.jei.library.load.PluginCallerTimerRunnable/]: Registering fluid subtypes: jei:neoforge_gui...
[267月2026 23:42:38.293] [Render thread/DEBUG] [mezz.jei.library.load.PluginCallerTimerRunnable/]: Registering fluid subtypes: jei:debug...
[267月2026 23:42:38.297] [Render thread/DEBUG] [mezz.jei.library.load.PluginCallerTimerRunnable/]: Registering fluid subtypes: jei:gui...
[267月2026 23:42:38.297] [Render thread/DEBUG] [mezz.jei.library.load.PluginCallerTimerRunnable/]: Registering fluid subtypes: rtsbuilding:jei_plugin...
[267月2026 23:42:38.297] [Render thread/DEBUG] [mezz.jei.library.load.PluginCallerTimerRunnable/]: Registering fluid subtypes: mekanism:jei_plugin...
[267月2026 23:42:38.297] [Render thread/DEBUG] [mezz.jei.library.load.PluginCallerTimerRunnable/]: Registering fluid subtypes: mekanismgenerators:jei_plugin...
[267月2026 23:42:38.297] [Render thread/DEBUG] [mezz.jei.library.load.PluginCallerTimerRunnable/]: Registering fluid subtypes: enderio:base...
[267月2026 23:42:38.297] [Render thread/DEBUG] [mezz.jei.library.load.PluginCallerTimerRunnable/]: Registering fluid subtypes: enderio:machines...
[267月2026 23:42:38.297] [Render thread/DEBUG] [mezz.jei.library.load.PluginCallerTimerRunnable/]: Registering fluid subtypes: jei:internal...
[267月2026 23:42:38.297] [Render thread/INFO] [mezz.jei.library.load.PluginCaller/]: Registering fluid subtypes took 5.358 milliseconds
[267月2026 23:42:38.306] [Render thread/INFO] [mezz.jei.library.load.PluginCaller/]: Registering ingredients...
[267月2026 23:42:38.306] [Render thread/DEBUG] [mezz.jei.library.load.PluginCallerTimerRunnable/]: Registering ingredients: jei:minecraft...
[267月2026 23:42:38.330] [Render thread/DEBUG] [mezz.jei.library.plugins.vanilla.ingredients.ItemStackListFactory/]: Added  412/ 412 new items from '建筑方块' creative tab's displayItems
[267月2026 23:42:38.331] [Render thread/DEBUG] [mezz.jei.library.plugins.vanilla.ingredients.ItemStackListFactory/]: Added    0/ 402 new items from '建筑方块' creative tab's searchTabDisplayItems
[267月2026 23:42:38.333] [Render thread/DEBUG] [mezz.jei.library.plugins.vanilla.ingredients.ItemStackListFactory/]: Added  912/ 912 new items from '染色方块' creative tab's displayItems
[267月2026 23:42:38.333] [Render thread/DEBUG] [mezz.jei.library.plugins.vanilla.ingredients.ItemStackListFactory/]: Added    0/ 198 new items from '染色方块' creative tab's searchTabDisplayItems
[267月2026 23:42:38.334] [Render thread/DEBUG] [mezz.jei.library.plugins.vanilla.ingredients.ItemStackListFactory/]: Added  211/ 237 new items from '自然方块' creative tab's displayItems
[267月2026 23:42:38.334] [Render thread/DEBUG] [mezz.jei.library.plugins.vanilla.ingredients.ItemStackListFactory/]: Added    0/ 226 new items from '自然方块' creative tab's searchTabDisplayItems
[267月2026 23:42:38.338] [Render thread/DEBUG] [mezz.jei.library.plugins.vanilla.ingredients.ItemStackListFactory/]: Added  277/ 364 new items from '功能方块' creative tab's displayItems
[267月2026 23:42:38.339] [Render thread/DEBUG] [mezz.jei.library.plugins.vanilla.ingredients.ItemStackListFactory/]: Added    0/ 225 new items from '功能方块' creative tab's searchTabDisplayItems
[267月2026 23:42:38.341] [Render thread/DEBUG] [mezz.jei.library.plugins.vanilla.ingredients.ItemStackListFactory/]: Added   37/ 194 new items from '红石方块' creative tab's displayItems
[267月2026 23:42:38.341] [Render thread/DEBUG] [mezz.jei.library.plugins.vanilla.ingredients.ItemStackListFactory/]: Added    0/  68 new items from '红石方块' creative tab's searchTabDisplayItems
[267月2026 23:42:38.341] [Render thread/DEBUG] [mezz.jei.library.plugins.vanilla.ingredients.ItemStackListFactory/]: Skipping creative tab: '已保存的快捷栏' because it is type: HOTBAR
[267月2026 23:42:38.341] [Render thread/DEBUG] [mezz.jei.library.plugins.vanilla.ingredients.ItemStackListFactory/]: Skipping creative tab: '搜索物品' because it is type: SEARCH
[267月2026 23:42:38.342] [Render thread/DEBUG] [mezz.jei.library.plugins.vanilla.ingredients.ItemStackListFactory/]: Added  217/ 234 new items from '工具与实用物品' creative tab's displayItems
[267月2026 23:42:38.343] [Render thread/DEBUG] [mezz.jei.library.plugins.vanilla.ingredients.ItemStackListFactory/]: Added    0/ 165 new items from '工具与实用物品' creative tab's searchTabDisplayItems
[267月2026 23:42:38.343] [Render thread/DEBUG] [mezz.jei.library.plugins.vanilla.ingredients.ItemStackListFactory/]: Added  107/ 127 new items from '战斗用品' creative tab's displayItems
[267月2026 23:42:38.344] [Render thread/DEBUG] [mezz.jei.library.plugins.vanilla.ingredients.ItemStackListFactory/]: Added    0/ 107 new items from '战斗用品' creative tab's searchTabDisplayItems
[267月2026 23:42:38.345] [Render thread/DEBUG] [mezz.jei.library.plugins.vanilla.ingredients.ItemStackListFactory/]: Added  191/ 194 new items from '食物与饮品' creative tab's displayItems
[267月2026 23:42:38.345] [Render thread/DEBUG] [mezz.jei.library.plugins.vanilla.ingredients.ItemStackListFactory/]: Added    0/ 193 new items from '食物与饮品' creative tab's searchTabDisplayItems
[267月2026 23:42:38.347] [Render thread/DEBUG] [mezz.jei.library.plugins.vanilla.ingredients.ItemStackListFactory/]: Added  285/ 299 new items from '原材料' creative tab's displayItems
[267月2026 23:42:38.347] [Render thread/DEBUG] [mezz.jei.library.plugins.vanilla.ingredients.ItemStackListFactory/]: Added   83/ 278 new items from '原材料' creative tab's searchTabDisplayItems
[267月2026 23:42:38.347] [Render thread/DEBUG] [mezz.jei.library.plugins.vanilla.ingredients.ItemStackListFactory/]: Added   80/  80 new items from '刷怪蛋' creative tab's displayItems
[267月2026 23:42:38.347] [Render thread/DEBUG] [mezz.jei.library.plugins.vanilla.ingredients.ItemStackListFactory/]: Item Group has no display items and no search tab display items. Items from this group will be missing from the JEI ingredient list. 管理员用品
[267月2026 23:42:38.347] [Render thread/DEBUG] [mezz.jei.library.plugins.vanilla.ingredients.ItemStackListFactory/]: Skipping creative tab: '生存模式物品栏' because it is type: INVENTORY
[267月2026 23:42:38.348] [Render thread/DEBUG] [mezz.jei.library.plugins.vanilla.ingredients.ItemStackListFactory/]: Added  334/ 374 new items from '应用能源2' creative tab's displayItems
[267月2026 23:42:38.349] [Render thread/WARN] [mezz.jei.library.plugins.vanilla.ingredients.ItemStackListFactory/]: 20 duplicate items were found in '应用能源2' creative tab's: displayItems
This may indicate that these types of item need a subtype interpreter added to JEI:
[ChargedStaffItem[charged_staff], PortableCellItem[portable_item_cell_16k], PortableCellItem[portable_item_cell_4k], PortableCellItem[portable_fluid_cell_4k], PortableCellItem[portable_fluid_cell_16k], ae2:energy_cell, ColorApplicatorItem[color_applicator], PortableCellItem[portable_item_cell_256k], PortableCellItem[portable_fluid_cell_64k], PortableCellItem[portable_fluid_cell_256k], PortableCellItem[portable_item_cell_1k], ae2:dense_energy_cell, MatterCannonItem[matter_cannon], PortableCellItem[portable_fluid_cell_1k], PortableCellItem[portable_item_cell_64k], AnnihilationPlanePartItem[annihilation_plane], WirelessTerminalItem[wireless_terminal], WirelessCraftingTerminalItem[wireless_crafting_terminal], EntropyManipulatorItem[entropy_manipulator]]
[267月2026 23:42:38.355] [Render thread/DEBUG] [mezz.jei.library.plugins.vanilla.ingredients.ItemStackListFactory/]: Added    1/1177 new items from '应用能源2 - 伪装板' creative tab's displayItems
[267月2026 23:42:38.355] [Render thread/WARN] [mezz.jei.library.plugins.vanilla.ingredients.ItemStackListFactory/]: 1176 duplicate items were found in '应用能源2 - 伪装板' creative tab's: displayItems
This may indicate that these types of item need a subtype interpreter added to JEI:
[FacadeItem[facade]]
[267月2026 23:42:38.356] [Render thread/DEBUG] [mezz.jei.library.plugins.vanilla.ingredients.ItemStackListFactory/]: Added  469/ 469 new items from 'MrCrayfish's Furniture Mod' creative tab's displayItems
[267月2026 23:42:38.356] [Render thread/DEBUG] [mezz.jei.library.plugins.vanilla.ingredients.ItemStackListFactory/]: Added   12/  12 new items from 'itemGroup.rtsbuilding' creative tab's displayItems
[267月2026 23:42:38.360] [Render thread/DEBUG] [mezz.jei.library.plugins.vanilla.ingredients.ItemStackListFactory/]: Added  137/ 507 new items from '通用机械' creative tab's displayItems
[267月2026 23:42:38.361] [Render thread/DEBUG] [mezz.jei.library.plugins.vanilla.ingredients.ItemStackListFactory/]: Added   20/  34 new items from '通用机械：发电机' creative tab's displayItems
[267月2026 23:42:38.364] [Render thread/DEBUG] [mezz.jei.library.plugins.vanilla.ingredients.ItemStackListFactory/]: Added  381/1108 new items from '末影接口' creative tab's displayItems
[267月2026 23:42:38.365] [Render thread/WARN] [mezz.jei.library.plugins.vanilla.ingredients.ItemStackListFactory/]: 5 duplicate items were found in '末影接口' creative tab's: displayItems
This may indicate that these types of item need a subtype interpreter added to JEI:
[enderio:electromagnet, enderio:staff_of_travelling, enderio:void_vial, enderio:cold_fire_igniter, enderio:staff_of_levity]
[267月2026 23:42:38.402] [Render thread/INFO] [mezz.jei.library.load.PluginCallerTimerRunnable/]: Registering ingredients: jei:minecraft took 95.31 milliseconds
[267月2026 23:42:38.402] [Render thread/DEBUG] [mezz.jei.library.load.PluginCallerTimerRunnable/]: Registering ingredients: refurbished_furniture:plugin...
[267月2026 23:42:38.402] [Render thread/DEBUG] [mezz.jei.library.load.PluginCallerTimerRunnable/]: Registering ingredients: jei:neoforge_gui...
[267月2026 23:42:38.402] [Render thread/DEBUG] [mezz.jei.library.load.PluginCallerTimerRunnable/]: Registering ingredients: jei:debug...
[267月2026 23:42:38.402] [Render thread/DEBUG] [mezz.jei.library.load.PluginCallerTimerRunnable/]: Registering ingredients: jei:gui...
[267月2026 23:42:38.402] [Render thread/DEBUG] [mezz.jei.library.load.PluginCallerTimerRunnable/]: Registering ingredients: rtsbuilding:jei_plugin...
[267月2026 23:42:38.402] [Render thread/DEBUG] [mezz.jei.library.load.PluginCallerTimerRunnable/]: Registering ingredients: mekanism:jei_plugin...
[267月2026 23:42:38.410] [Render thread/DEBUG] [mezz.jei.library.load.PluginCallerTimerRunnable/]: Registering ingredients: mekanismgenerators:jei_plugin...
[267月2026 23:42:38.410] [Render thread/DEBUG] [mezz.jei.library.load.PluginCallerTimerRunnable/]: Registering ingredients: enderio:base...
[267月2026 23:42:38.410] [Render thread/DEBUG] [mezz.jei.library.load.PluginCallerTimerRunnable/]: Registering ingredients: enderio:machines...
[267月2026 23:42:38.410] [Render thread/DEBUG] [mezz.jei.library.load.PluginCallerTimerRunnable/]: Registering ingredients: jei:internal...
[267月2026 23:42:38.410] [Render thread/INFO] [mezz.jei.library.load.PluginCaller/]: Registering ingredients took 103.9 milliseconds
[267月2026 23:42:38.411] [Render thread/INFO] [mezz.jei.library.load.PluginCaller/]: Registering extra ingredients...
[267月2026 23:42:38.411] [Render thread/DEBUG] [mezz.jei.library.load.PluginCallerTimerRunnable/]: Registering extra ingredients: jei:minecraft...
[267月2026 23:42:38.411] [Render thread/DEBUG] [mezz.jei.library.load.PluginCallerTimerRunnable/]: Registering extra ingredients: refurbished_furniture:plugin...
[267月2026 23:42:38.411] [Render thread/DEBUG] [mezz.jei.library.load.PluginCallerTimerRunnable/]: Registering extra ingredients: jei:neoforge_gui...
[267月2026 23:42:38.411] [Render thread/DEBUG] [mezz.jei.library.load.PluginCallerTimerRunnable/]: Registering extra ingredients: jei:debug...
[267月2026 23:42:38.411] [Render thread/DEBUG] [mezz.jei.library.load.PluginCallerTimerRunnable/]: Registering extra ingredients: jei:gui...
[267月2026 23:42:38.411] [Render thread/DEBUG] [mezz.jei.library.load.PluginCallerTimerRunnable/]: Registering extra ingredients: rtsbuilding:jei_plugin...
[267月2026 23:42:38.411] [Render thread/DEBUG] [mezz.jei.library.load.PluginCallerTimerRunnable/]: Registering extra ingredients: mekanism:jei_plugin...
[267月2026 23:42:38.411] [Render thread/DEBUG] [mezz.jei.library.load.PluginCallerTimerRunnable/]: Registering extra ingredients: mekanismgenerators:jei_plugin...
[267月2026 23:42:38.411] [Render thread/DEBUG] [mezz.jei.library.load.PluginCallerTimerRunnable/]: Registering extra ingredients: enderio:base...
[267月2026 23:42:38.411] [Render thread/DEBUG] [mezz.jei.library.load.PluginCallerTimerRunnable/]: Registering extra ingredients: enderio:machines...
[267月2026 23:42:38.411] [Render thread/DEBUG] [mezz.jei.library.load.PluginCallerTimerRunnable/]: Registering extra ingredients: jei:internal...
[267月2026 23:42:38.411] [Render thread/INFO] [mezz.jei.library.load.PluginCaller/]: Registering extra ingredients took 654.4 microseconds
[267月2026 23:42:38.412] [Render thread/INFO] [mezz.jei.library.load.PluginCaller/]: Registering search ingredient aliases...
[267月2026 23:42:38.413] [Render thread/DEBUG] [mezz.jei.library.load.PluginCallerTimerRunnable/]: Registering search ingredient aliases: jei:minecraft...
[267月2026 23:42:38.413] [Render thread/DEBUG] [mezz.jei.library.load.PluginCallerTimerRunnable/]: Registering search ingredient aliases: refurbished_furniture:plugin...
[267月2026 23:42:38.413] [Render thread/DEBUG] [mezz.jei.library.load.PluginCallerTimerRunnable/]: Registering search ingredient aliases: jei:neoforge_gui...
[267月2026 23:42:38.413] [Render thread/DEBUG] [mezz.jei.library.load.PluginCallerTimerRunnable/]: Registering search ingredient aliases: jei:debug...
[267月2026 23:42:38.413] [Render thread/DEBUG] [mezz.jei.library.load.PluginCallerTimerRunnable/]: Registering search ingredient aliases: jei:gui...
[267月2026 23:42:38.413] [Render thread/DEBUG] [mezz.jei.library.load.PluginCallerTimerRunnable/]: Registering search ingredient aliases: rtsbuilding:jei_plugin...
[267月2026 23:42:38.413] [Render thread/DEBUG] [mezz.jei.library.load.PluginCallerTimerRunnable/]: Registering search ingredient aliases: mekanism:jei_plugin...
[267月2026 23:42:38.444] [Render thread/INFO] [mezz.jei.library.load.PluginCallerTimerRunnable/]: Registering search ingredient aliases: mekanism:jei_plugin took 31.12 milliseconds
[267月2026 23:42:38.445] [Render thread/DEBUG] [mezz.jei.library.load.PluginCallerTimerRunnable/]: Registering search ingredient aliases: mekanismgenerators:jei_plugin...
[267月2026 23:42:38.448] [Render thread/DEBUG] [mezz.jei.library.load.PluginCallerTimerRunnable/]: Registering search ingredient aliases: enderio:base...
[267月2026 23:42:38.448] [Render thread/DEBUG] [mezz.jei.library.load.PluginCallerTimerRunnable/]: Registering search ingredient aliases: enderio:machines...
[267月2026 23:42:38.448] [Render thread/DEBUG] [mezz.jei.library.load.PluginCallerTimerRunnable/]: Registering search ingredient aliases: jei:internal...
[267月2026 23:42:38.448] [Render thread/INFO] [mezz.jei.library.load.PluginCaller/]: Registering search ingredient aliases took 36.38 milliseconds
[267月2026 23:42:38.506] [Render thread/INFO] [mezz.jei.library.load.PluginCaller/]: Registering Mod Info...
[267月2026 23:42:38.506] [Render thread/DEBUG] [mezz.jei.library.load.PluginCallerTimerRunnable/]: Registering Mod Info: jei:minecraft...
[267月2026 23:42:38.506] [Render thread/DEBUG] [mezz.jei.library.load.PluginCallerTimerRunnable/]: Registering Mod Info: refurbished_furniture:plugin...
[267月2026 23:42:38.506] [Render thread/DEBUG] [mezz.jei.library.load.PluginCallerTimerRunnable/]: Registering Mod Info: jei:neoforge_gui...
[267月2026 23:42:38.506] [Render thread/DEBUG] [mezz.jei.library.load.PluginCallerTimerRunnable/]: Registering Mod Info: jei:debug...
[267月2026 23:42:38.506] [Render thread/DEBUG] [mezz.jei.library.load.PluginCallerTimerRunnable/]: Registering Mod Info: jei:gui...
[267月2026 23:42:38.506] [Render thread/DEBUG] [mezz.jei.library.load.PluginCallerTimerRunnable/]: Registering Mod Info: rtsbuilding:jei_plugin...
[267月2026 23:42:38.506] [Render thread/DEBUG] [mezz.jei.library.load.PluginCallerTimerRunnable/]: Registering Mod Info: mekanism:jei_plugin...
[267月2026 23:42:38.507] [Render thread/DEBUG] [mezz.jei.library.load.PluginCallerTimerRunnable/]: Registering Mod Info: mekanismgenerators:jei_plugin...
[267月2026 23:42:38.507] [Render thread/DEBUG] [mezz.jei.library.load.PluginCallerTimerRunnable/]: Registering Mod Info: enderio:base...
[267月2026 23:42:38.507] [Render thread/DEBUG] [mezz.jei.library.load.PluginCallerTimerRunnable/]: Registering Mod Info: enderio:machines...
[267月2026 23:42:38.507] [Render thread/DEBUG] [mezz.jei.library.load.PluginCallerTimerRunnable/]: Registering Mod Info: jei:internal...
[267月2026 23:42:38.507] [Render thread/INFO] [mezz.jei.library.load.PluginCaller/]: Registering Mod Info took 674.4 microseconds
[267月2026 23:42:38.563] [Render thread/INFO] [mezz.jei.library.load.PluginCaller/]: Registering categories...
[267月2026 23:42:38.564] [Render thread/DEBUG] [mezz.jei.library.load.PluginCallerTimerRunnable/]: Registering categories: jei:minecraft...
[267月2026 23:42:38.631] [Render thread/INFO] [mezz.jei.library.load.PluginCallerTimerRunnable/]: Registering categories: jei:minecraft took 67.01 milliseconds
[267月2026 23:42:38.631] [Render thread/DEBUG] [mezz.jei.library.load.PluginCallerTimerRunnable/]: Registering categories: refurbished_furniture:plugin...
[267月2026 23:42:38.666] [Render thread/INFO] [mezz.jei.library.load.PluginCallerTimerRunnable/]: Registering categories: refurbished_furniture:plugin took 35.77 milliseconds
[267月2026 23:42:38.666] [Render thread/DEBUG] [mezz.jei.library.load.PluginCallerTimerRunnable/]: Registering categories: jei:neoforge_gui...
[267月2026 23:42:38.666] [Render thread/DEBUG] [mezz.jei.library.load.PluginCallerTimerRunnable/]: Registering categories: jei:debug...
[267月2026 23:42:38.666] [Render thread/DEBUG] [mezz.jei.library.load.PluginCallerTimerRunnable/]: Registering categories: jei:gui...
[267月2026 23:42:38.666] [Render thread/DEBUG] [mezz.jei.library.load.PluginCallerTimerRunnable/]: Registering categories: rtsbuilding:jei_plugin...
[267月2026 23:42:38.666] [Render thread/DEBUG] [mezz.jei.library.load.PluginCallerTimerRunnable/]: Registering categories: mekanism:jei_plugin...
[267月2026 23:42:38.878] [Render thread/INFO] [mezz.jei.library.load.PluginCallerTimerRunnable/]: Registering categories: mekanism:jei_plugin took 210.4 milliseconds
[267月2026 23:42:38.878] [Render thread/DEBUG] [mezz.jei.library.load.PluginCallerTimerRunnable/]: Registering categories: mekanismgenerators:jei_plugin...
[267月2026 23:42:38.887] [Render thread/DEBUG] [mezz.jei.library.load.PluginCallerTimerRunnable/]: Registering categories: enderio:base...
[267月2026 23:42:38.893] [Render thread/DEBUG] [mezz.jei.library.load.PluginCallerTimerRunnable/]: Registering categories: enderio:machines...
[267月2026 23:42:38.937] [Render thread/INFO] [mezz.jei.library.load.PluginCallerTimerRunnable/]: Registering categories: enderio:machines took 43.90 milliseconds
[267月2026 23:42:38.937] [Render thread/DEBUG] [mezz.jei.library.load.PluginCallerTimerRunnable/]: Registering categories: jei:internal...
[267月2026 23:42:38.957] [Render thread/INFO] [mezz.jei.library.load.PluginCallerTimerRunnable/]: Registering categories: jei:internal took 20.67 milliseconds
[267月2026 23:42:38.958] [Render thread/INFO] [mezz.jei.library.load.PluginCaller/]: Registering categories took 395.0 milliseconds
[267月2026 23:42:38.979] [Render thread/INFO] [mezz.jei.library.load.PluginCaller/]: Registering vanilla category extensions...
[267月2026 23:42:38.979] [Render thread/DEBUG] [mezz.jei.library.load.PluginCallerTimerRunnable/]: Registering vanilla category extensions: jei:minecraft...
[267月2026 23:42:38.992] [Render thread/INFO] [mezz.jei.library.load.PluginCallerTimerRunnable/]: Registering vanilla category extensions: jei:minecraft took 11.95 milliseconds
[267月2026 23:42:38.992] [Render thread/DEBUG] [mezz.jei.library.load.PluginCallerTimerRunnable/]: Registering vanilla category extensions: refurbished_furniture:plugin...
[267月2026 23:42:38.992] [Render thread/DEBUG] [mezz.jei.library.load.PluginCallerTimerRunnable/]: Registering vanilla category extensions: jei:neoforge_gui...
[267月2026 23:42:38.992] [Render thread/DEBUG] [mezz.jei.library.load.PluginCallerTimerRunnable/]: Registering vanilla category extensions: jei:debug...
[267月2026 23:42:38.992] [Render thread/DEBUG] [mezz.jei.library.load.PluginCallerTimerRunnable/]: Registering vanilla category extensions: jei:gui...
[267月2026 23:42:38.992] [Render thread/DEBUG] [mezz.jei.library.load.PluginCallerTimerRunnable/]: Registering vanilla category extensions: rtsbuilding:jei_plugin...
[267月2026 23:42:38.992] [Render thread/DEBUG] [mezz.jei.library.load.PluginCallerTimerRunnable/]: Registering vanilla category extensions: mekanism:jei_plugin...
[267月2026 23:42:38.992] [Render thread/DEBUG] [mezz.jei.library.load.PluginCallerTimerRunnable/]: Registering vanilla category extensions: mekanismgenerators:jei_plugin...
[267月2026 23:42:38.992] [Render thread/DEBUG] [mezz.jei.library.load.PluginCallerTimerRunnable/]: Registering vanilla category extensions: enderio:base...
[267月2026 23:42:38.995] [Render thread/DEBUG] [mezz.jei.library.load.PluginCallerTimerRunnable/]: Registering vanilla category extensions: enderio:machines...
[267月2026 23:42:38.995] [Render thread/DEBUG] [mezz.jei.library.load.PluginCallerTimerRunnable/]: Registering vanilla category extensions: jei:internal...
[267月2026 23:42:38.995] [Render thread/INFO] [mezz.jei.library.load.PluginCaller/]: Registering vanilla category extensions took 16.43 milliseconds
[267月2026 23:42:39.001] [Render thread/INFO] [mezz.jei.library.load.PluginCaller/]: Registering recipe catalysts...
[267月2026 23:42:39.001] [Render thread/DEBUG] [mezz.jei.library.load.PluginCallerTimerRunnable/]: Registering recipe catalysts: jei:minecraft...
[267月2026 23:42:39.002] [Render thread/DEBUG] [mezz.jei.library.load.PluginCallerTimerRunnable/]: Registering recipe catalysts: refurbished_furniture:plugin...
[267月2026 23:42:39.002] [Render thread/DEBUG] [mezz.jei.library.load.PluginCallerTimerRunnable/]: Registering recipe catalysts: jei:neoforge_gui...
[267月2026 23:42:39.002] [Render thread/DEBUG] [mezz.jei.library.load.PluginCallerTimerRunnable/]: Registering recipe catalysts: jei:debug...
[267月2026 23:42:39.002] [Render thread/DEBUG] [mezz.jei.library.load.PluginCallerTimerRunnable/]: Registering recipe catalysts: jei:gui...
[267月2026 23:42:39.002] [Render thread/DEBUG] [mezz.jei.library.load.PluginCallerTimerRunnable/]: Registering recipe catalysts: rtsbuilding:jei_plugin...
[267月2026 23:42:39.002] [Render thread/DEBUG] [mezz.jei.library.load.PluginCallerTimerRunnable/]: Registering recipe catalysts: mekanism:jei_plugin...
[267月2026 23:42:39.004] [Render thread/DEBUG] [mezz.jei.library.load.PluginCallerTimerRunnable/]: Registering recipe catalysts: mekanismgenerators:jei_plugin...
[267月2026 23:42:39.004] [Render thread/DEBUG] [mezz.jei.library.load.PluginCallerTimerRunnable/]: Registering recipe catalysts: enderio:base...
[267月2026 23:42:39.004] [Render thread/DEBUG] [mezz.jei.library.load.PluginCallerTimerRunnable/]: Registering recipe catalysts: enderio:machines...
[267月2026 23:42:39.004] [Render thread/DEBUG] [mezz.jei.library.load.PluginCallerTimerRunnable/]: Registering recipe catalysts: jei:internal...
[267月2026 23:42:39.004] [Render thread/INFO] [mezz.jei.library.load.PluginCaller/]: Registering recipe catalysts took 3.843 milliseconds
[267月2026 23:42:39.007] [Render thread/INFO] [mezz.jei.core.util.LoggedTimer/]: Building recipe registry...
[267月2026 23:42:39.094] [Render thread/INFO] [mezz.jei.core.util.LoggedTimer/]: Building recipe registry took 87.75 milliseconds
[267月2026 23:42:39.101] [Render thread/INFO] [mezz.jei.library.load.PluginCaller/]: Registering advanced plugins...
[267月2026 23:42:39.102] [Render thread/DEBUG] [mezz.jei.library.load.PluginCallerTimerRunnable/]: Registering advanced plugins: jei:minecraft...
[267月2026 23:42:39.102] [Render thread/DEBUG] [mezz.jei.library.load.PluginCallerTimerRunnable/]: Registering advanced plugins: refurbished_furniture:plugin...
[267月2026 23:42:39.102] [Render thread/DEBUG] [mezz.jei.library.load.PluginCallerTimerRunnable/]: Registering advanced plugins: jei:neoforge_gui...
[267月2026 23:42:39.102] [Render thread/DEBUG] [mezz.jei.library.load.PluginCallerTimerRunnable/]: Registering advanced plugins: jei:debug...
[267月2026 23:42:39.102] [Render thread/DEBUG] [mezz.jei.library.load.PluginCallerTimerRunnable/]: Registering advanced plugins: jei:gui...
[267月2026 23:42:39.102] [Render thread/DEBUG] [mezz.jei.library.load.PluginCallerTimerRunnable/]: Registering advanced plugins: rtsbuilding:jei_plugin...
[267月2026 23:42:39.102] [Render thread/DEBUG] [mezz.jei.library.load.PluginCallerTimerRunnable/]: Registering advanced plugins: mekanism:jei_plugin...
[267月2026 23:42:39.102] [Render thread/DEBUG] [mezz.jei.library.load.PluginCallerTimerRunnable/]: Registering advanced plugins: mekanismgenerators:jei_plugin...
[267月2026 23:42:39.102] [Render thread/DEBUG] [mezz.jei.library.load.PluginCallerTimerRunnable/]: Registering advanced plugins: enderio:base...
[267月2026 23:42:39.102] [Render thread/DEBUG] [mezz.jei.library.load.PluginCallerTimerRunnable/]: Registering advanced plugins: enderio:machines...
[267月2026 23:42:39.102] [Render thread/DEBUG] [mezz.jei.library.load.PluginCallerTimerRunnable/]: Registering advanced plugins: jei:internal...
[267月2026 23:42:39.102] [Render thread/INFO] [mezz.jei.library.load.PluginCaller/]: Registering advanced plugins took 769.4 microseconds
[267月2026 23:42:39.106] [Render thread/INFO] [mezz.jei.library.load.PluginCaller/]: Registering recipes...
[267月2026 23:42:39.107] [Render thread/DEBUG] [mezz.jei.library.load.PluginCallerTimerRunnable/]: Registering recipes: jei:minecraft...
[267月2026 23:42:39.165] [Render thread/DEBUG] [mezz.jei.library.recipes.RecipeManagerInternal/]: Adding recipes: RecipeType[uid=minecraft:crafting, recipeClass=class net.minecraft.world.item.crafting.RecipeHolder]
[267月2026 23:42:39.264] [Render thread/DEBUG] [mezz.jei.library.recipes.RecipeManagerInternal/]: Adding recipes: RecipeType[uid=minecraft:crafting, recipeClass=class net.minecraft.world.item.crafting.RecipeHolder]
[267月2026 23:42:39.267] [Render thread/DEBUG] [mezz.jei.library.recipes.RecipeManagerInternal/]: Adding recipes: RecipeType[uid=minecraft:stonecutting, recipeClass=class net.minecraft.world.item.crafting.RecipeHolder]
[267月2026 23:42:39.268] [Render thread/DEBUG] [mezz.jei.library.recipes.RecipeManagerInternal/]: Adding recipes: RecipeType[uid=minecraft:smelting, recipeClass=class net.minecraft.world.item.crafting.RecipeHolder]
[267月2026 23:42:39.268] [Render thread/DEBUG] [mezz.jei.library.recipes.RecipeManagerInternal/]: Adding recipes: RecipeType[uid=minecraft:smoking, recipeClass=class net.minecraft.world.item.crafting.RecipeHolder]
[267月2026 23:42:39.268] [Render thread/DEBUG] [mezz.jei.library.recipes.RecipeManagerInternal/]: Adding recipes: RecipeType[uid=minecraft:blasting, recipeClass=class net.minecraft.world.item.crafting.RecipeHolder]
[267月2026 23:42:39.269] [Render thread/DEBUG] [mezz.jei.library.recipes.RecipeManagerInternal/]: Adding recipes: RecipeType[uid=minecraft:campfire_cooking, recipeClass=class net.minecraft.world.item.crafting.RecipeHolder]
[267月2026 23:42:39.279] [Render thread/DEBUG] [mezz.jei.library.recipes.RecipeManagerInternal/]: Adding recipes: RecipeType[uid=minecraft:fuel, recipeClass=interface mezz.jei.api.recipe.vanilla.IJeiFuelingRecipe]
[267月2026 23:42:39.308] [Render thread/DEBUG] [mezz.jei.library.recipes.RecipeManagerInternal/]: Adding recipes: RecipeType[uid=minecraft:anvil, recipeClass=interface mezz.jei.api.recipe.vanilla.IJeiAnvilRecipe]
[267月2026 23:42:39.316] [Render thread/DEBUG] [mezz.jei.library.recipes.RecipeManagerInternal/]: Adding recipes: RecipeType[uid=minecraft:smithing, recipeClass=class net.minecraft.world.item.crafting.RecipeHolder]
[267月2026 23:42:39.334] [Render thread/DEBUG] [mezz.jei.library.recipes.RecipeManagerInternal/]: Adding recipes: RecipeType[uid=minecraft:compostable, recipeClass=interface mezz.jei.api.recipe.vanilla.IJeiCompostingRecipe]
[267月2026 23:42:39.365] [Render thread/DEBUG] [mezz.jei.library.recipes.RecipeManagerInternal/]: Adding recipes: RecipeType[uid=minecraft:brewing, recipeClass=interface mezz.jei.api.recipe.vanilla.IJeiBrewingRecipe]
[267月2026 23:42:39.528] [Render thread/DEBUG] [mezz.jei.library.recipes.RecipeManagerInternal/]: Adding recipes: RecipeType[uid=minecraft:grindstone, recipeClass=interface mezz.jei.api.recipe.vanilla.IJeiGrindstoneRecipe]
[267月2026 23:42:39.536] [Render thread/INFO] [mezz.jei.library.load.PluginCallerTimerRunnable/]: Registering recipes: jei:minecraft took 428.9 milliseconds
[267月2026 23:42:39.536] [Render thread/DEBUG] [mezz.jei.library.load.PluginCallerTimerRunnable/]: Registering recipes: refurbished_furniture:plugin...
[267月2026 23:42:39.538] [Render thread/DEBUG] [mezz.jei.library.recipes.RecipeManagerInternal/]: Adding recipes: RecipeType[uid=refurbished_furniture:freezer_solidifying, recipeClass=class com.mrcrayfish.furniture.refurbished.crafting.FreezerSolidifyingRecipe]
[267月2026 23:42:39.538] [Render thread/DEBUG] [mezz.jei.library.recipes.RecipeManagerInternal/]: Adding recipes: RecipeType[uid=refurbished_furniture:cutting_board_slicing, recipeClass=class com.mrcrayfish.furniture.refurbished.crafting.CuttingBoardSlicingRecipe]
[267月2026 23:42:39.539] [Render thread/DEBUG] [mezz.jei.library.recipes.RecipeManagerInternal/]: Adding recipes: RecipeType[uid=refurbished_furniture:frying_pan_cooking, recipeClass=class com.mrcrayfish.furniture.refurbished.crafting.ProcessingRecipe]
[267月2026 23:42:39.539] [Render thread/DEBUG] [mezz.jei.library.recipes.RecipeManagerInternal/]: Adding recipes: RecipeType[uid=refurbished_furniture:microwave_heating, recipeClass=class com.mrcrayfish.furniture.refurbished.crafting.MicrowaveHeatingRecipe]
[267月2026 23:42:39.539] [Render thread/DEBUG] [mezz.jei.library.recipes.RecipeManagerInternal/]: Adding recipes: RecipeType[uid=refurbished_furniture:toaster_heating, recipeClass=class com.mrcrayfish.furniture.refurbished.crafting.ToasterHeatingRecipe]
[267月2026 23:42:39.540] [Render thread/DEBUG] [mezz.jei.library.recipes.RecipeManagerInternal/]: Adding recipes: RecipeType[uid=refurbished_furniture:grill_cooking, recipeClass=class com.mrcrayfish.furniture.refurbished.crafting.ProcessingRecipe]
[267月2026 23:42:39.540] [Render thread/DEBUG] [mezz.jei.library.recipes.RecipeManagerInternal/]: Adding recipes: RecipeType[uid=refurbished_furniture:cutting_board_combining, recipeClass=class com.mrcrayfish.furniture.refurbished.crafting.CuttingBoardCombiningRecipe]
[267月2026 23:42:39.540] [Render thread/DEBUG] [mezz.jei.library.recipes.RecipeManagerInternal/]: Adding recipes: RecipeType[uid=refurbished_furniture:workbench_constructing, recipeClass=class com.mrcrayfish.furniture.refurbished.crafting.WorkbenchContructingRecipe]
[267月2026 23:42:39.549] [Render thread/DEBUG] [mezz.jei.library.recipes.RecipeManagerInternal/]: Adding recipes: RecipeType[uid=refurbished_furniture:oven_baking, recipeClass=class com.mrcrayfish.furniture.refurbished.crafting.OvenBakingRecipe]
[267月2026 23:42:39.550] [Render thread/INFO] [mezz.jei.library.load.PluginCallerTimerRunnable/]: Registering recipes: refurbished_furniture:plugin took 13.17 milliseconds
[267月2026 23:42:39.550] [Render thread/DEBUG] [mezz.jei.library.load.PluginCallerTimerRunnable/]: Registering recipes: jei:neoforge_gui...
[267月2026 23:42:39.550] [Render thread/DEBUG] [mezz.jei.library.load.PluginCallerTimerRunnable/]: Registering recipes: jei:debug...
[267月2026 23:42:39.550] [Render thread/DEBUG] [mezz.jei.library.load.PluginCallerTimerRunnable/]: Registering recipes: jei:gui...
[267月2026 23:42:39.550] [Render thread/DEBUG] [mezz.jei.library.load.PluginCallerTimerRunnable/]: Registering recipes: rtsbuilding:jei_plugin...
[267月2026 23:42:39.550] [Render thread/DEBUG] [mezz.jei.library.load.PluginCallerTimerRunnable/]: Registering recipes: mekanism:jei_plugin...
[267月2026 23:42:39.552] [Render thread/DEBUG] [mezz.jei.library.recipes.RecipeManagerInternal/]: Adding recipes: RecipeType[uid=mekanism:smelting, recipeClass=class net.minecraft.world.item.crafting.RecipeHolder]
[267月2026 23:42:39.554] [Render thread/DEBUG] [mezz.jei.library.recipes.RecipeManagerInternal/]: Adding recipes: RecipeType[uid=mekanism:enriching, recipeClass=class net.minecraft.world.item.crafting.RecipeHolder]
[267月2026 23:42:39.555] [Render thread/DEBUG] [mezz.jei.library.recipes.RecipeManagerInternal/]: Adding recipes: RecipeType[uid=mekanism:crushing, recipeClass=class net.minecraft.world.item.crafting.RecipeHolder]
[267月2026 23:42:39.556] [Render thread/DEBUG] [mezz.jei.library.recipes.RecipeManagerInternal/]: Adding recipes: RecipeType[uid=mekanism:combining, recipeClass=class net.minecraft.world.item.crafting.RecipeHolder]
[267月2026 23:42:39.556] [Render thread/DEBUG] [mezz.jei.library.recipes.RecipeManagerInternal/]: Adding recipes: RecipeType[uid=mekanism:purifying, recipeClass=class net.minecraft.world.item.crafting.RecipeHolder]
[267月2026 23:42:39.563] [Render thread/DEBUG] [mezz.jei.library.recipes.RecipeManagerInternal/]: Adding recipes: RecipeType[uid=mekanism:compressing, recipeClass=class net.minecraft.world.item.crafting.RecipeHolder]
[267月2026 23:42:39.564] [Render thread/DEBUG] [mezz.jei.library.recipes.RecipeManagerInternal/]: Adding recipes: RecipeType[uid=mekanism:injecting, recipeClass=class net.minecraft.world.item.crafting.RecipeHolder]
[267月2026 23:42:39.566] [Render thread/DEBUG] [mezz.jei.library.recipes.RecipeManagerInternal/]: Adding recipes: RecipeType[uid=mekanism:sawing, recipeClass=class net.minecraft.world.item.crafting.RecipeHolder]
[267月2026 23:42:39.567] [Render thread/DEBUG] [mezz.jei.library.recipes.RecipeManagerInternal/]: Adding recipes: RecipeType[uid=mekanism:metallurgic_infusing, recipeClass=class net.minecraft.world.item.crafting.RecipeHolder]
[267月2026 23:42:39.568] [Render thread/DEBUG] [mezz.jei.library.recipes.RecipeManagerInternal/]: Adding recipes: RecipeType[uid=mekanism:crystallizing, recipeClass=class net.minecraft.world.item.crafting.RecipeHolder]
[267月2026 23:42:39.570] [Render thread/DEBUG] [mezz.jei.library.recipes.RecipeManagerInternal/]: Adding recipes: RecipeType[uid=mekanism:dissolution, recipeClass=class net.minecraft.world.item.crafting.RecipeHolder]
[267月2026 23:42:39.571] [Render thread/DEBUG] [mezz.jei.library.recipes.RecipeManagerInternal/]: Adding recipes: RecipeType[uid=mekanism:chemical_infusing, recipeClass=class net.minecraft.world.item.crafting.RecipeHolder]
[267月2026 23:42:39.571] [Render thread/DEBUG] [mezz.jei.library.recipes.RecipeManagerInternal/]: Adding recipes: RecipeType[uid=mekanism:oxidizing, recipeClass=class net.minecraft.world.item.crafting.RecipeHolder]
[267月2026 23:42:39.572] [Render thread/DEBUG] [mezz.jei.library.recipes.RecipeManagerInternal/]: Adding recipes: RecipeType[uid=mekanism:washing, recipeClass=class net.minecraft.world.item.crafting.RecipeHolder]
[267月2026 23:42:39.576] [Render thread/DEBUG] [mezz.jei.library.recipes.RecipeManagerInternal/]: Adding recipes: RecipeType[uid=mekanism:activating, recipeClass=class net.minecraft.world.item.crafting.RecipeHolder]
[267月2026 23:42:39.576] [Render thread/DEBUG] [mezz.jei.library.recipes.RecipeManagerInternal/]: Adding recipes: RecipeType[uid=mekanism:centrifuging, recipeClass=class net.minecraft.world.item.crafting.RecipeHolder]
[267月2026 23:42:39.576] [Render thread/DEBUG] [mezz.jei.library.recipes.RecipeManagerInternal/]: Adding recipes: RecipeType[uid=mekanism:separating, recipeClass=class net.minecraft.world.item.crafting.RecipeHolder]
[267月2026 23:42:39.579] [Render thread/DEBUG] [mezz.jei.library.recipes.RecipeManagerInternal/]: Adding recipes: RecipeType[uid=mekanism:evaporating, recipeClass=class net.minecraft.world.item.crafting.RecipeHolder]
[267月2026 23:42:39.580] [Render thread/DEBUG] [mezz.jei.library.recipes.RecipeManagerInternal/]: Adding recipes: RecipeType[uid=mekanism:reaction, recipeClass=class net.minecraft.world.item.crafting.RecipeHolder]
[267月2026 23:42:39.582] [Render thread/DEBUG] [mezz.jei.library.recipes.RecipeManagerInternal/]: Adding recipes: RecipeType[uid=mekanism:nucleosynthesizing, recipeClass=class net.minecraft.world.item.crafting.RecipeHolder]
[267月2026 23:42:39.583] [Render thread/DEBUG] [mezz.jei.library.recipes.RecipeManagerInternal/]: Adding recipes: RecipeType[uid=mekanism:pigment_extracting, recipeClass=class net.minecraft.world.item.crafting.RecipeHolder]
[267月2026 23:42:39.584] [Render thread/DEBUG] [mezz.jei.library.recipes.RecipeManagerInternal/]: Adding recipes: RecipeType[uid=mekanism:pigment_mixing, recipeClass=class net.minecraft.world.item.crafting.RecipeHolder]
[267月2026 23:42:39.585] [Render thread/DEBUG] [mezz.jei.library.recipes.RecipeManagerInternal/]: Adding recipes: RecipeType[uid=mekanism:painting, recipeClass=class net.minecraft.world.item.crafting.RecipeHolder]
[267月2026 23:42:39.587] [Render thread/DEBUG] [mezz.jei.library.recipes.RecipeManagerInternal/]: Adding recipes: RecipeType[uid=mekanism:condensentrating, recipeClass=class net.minecraft.world.item.crafting.RecipeHolder]
[267月2026 23:42:39.587] [Render thread/DEBUG] [mezz.jei.library.recipes.RecipeManagerInternal/]: Adding recipes: RecipeType[uid=mekanism:decondensentrating, recipeClass=class net.minecraft.world.item.crafting.RecipeHolder]
[267月2026 23:42:39.591] [Render thread/DEBUG] [mezz.jei.library.recipes.RecipeManagerInternal/]: Adding recipes: RecipeType[uid=mekanism:nutritional_liquifier, recipeClass=class mekanism.api.recipes.basic.BasicItemStackToFluidOptionalItemRecipe]
[267月2026 23:42:39.597] [Render thread/DEBUG] [mezz.jei.library.recipes.RecipeManagerInternal/]: Adding recipes: RecipeType[uid=mekanism:sps_casing, recipeClass=class mekanism.client.recipe_viewer.recipe.SPSRecipeViewerRecipe]
[267月2026 23:42:39.608] [Render thread/DEBUG] [mezz.jei.library.recipes.RecipeManagerInternal/]: Adding recipes: RecipeType[uid=mekanism:boiler_casing, recipeClass=class mekanism.client.recipe_viewer.recipe.BoilerRecipeViewerRecipe]
[267月2026 23:42:39.608] [Render thread/DEBUG] [mezz.jei.library.recipes.RecipeManagerInternal/]: Adding recipes: RecipeType[uid=mekanism:energy_conversion, recipeClass=class net.minecraft.world.item.crafting.RecipeHolder]
[267月2026 23:42:39.608] [Render thread/DEBUG] [mezz.jei.library.recipes.RecipeManagerInternal/]: Adding recipes: RecipeType[uid=mekanism:chemical_conversion, recipeClass=class net.minecraft.world.item.crafting.RecipeHolder]
[267月2026 23:42:39.609] [Render thread/DEBUG] [mezz.jei.library.recipes.RecipeManagerInternal/]: Adding recipes: RecipeType[uid=minecraft:anvil, recipeClass=interface mezz.jei.api.recipe.vanilla.IJeiAnvilRecipe]
[267月2026 23:42:39.609] [Render thread/DEBUG] [mezz.jei.library.recipes.RecipeManagerInternal/]: Adding recipes: RecipeType[uid=minecraft:anvil, recipeClass=interface mezz.jei.api.recipe.vanilla.IJeiAnvilRecipe]
[267月2026 23:42:39.614] [Render thread/DEBUG] [mezz.jei.library.recipes.RecipeManagerInternal/]: Adding recipes: RecipeType[uid=jei:information, recipeClass=interface mezz.jei.api.recipe.vanilla.IJeiIngredientInfoRecipe]
[267月2026 23:42:39.615] [Render thread/DEBUG] [mezz.jei.library.recipes.RecipeManagerInternal/]: Adding recipes: RecipeType[uid=jei:information, recipeClass=interface mezz.jei.api.recipe.vanilla.IJeiIngredientInfoRecipe]
[267月2026 23:42:39.618] [Render thread/INFO] [mezz.jei.library.load.PluginCallerTimerRunnable/]: Registering recipes: mekanism:jei_plugin took 69.16 milliseconds
[267月2026 23:42:39.618] [Render thread/DEBUG] [mezz.jei.library.load.PluginCallerTimerRunnable/]: Registering recipes: mekanismgenerators:jei_plugin...
[267月2026 23:42:39.625] [Render thread/DEBUG] [mezz.jei.library.recipes.RecipeManagerInternal/]: Adding recipes: RecipeType[uid=mekanismgenerators:fission, recipeClass=class mekanism.generators.client.recipe_viewer.recipe.FissionRecipeViewerRecipe]
[267月2026 23:42:39.625] [Render thread/DEBUG] [mezz.jei.library.load.PluginCallerTimerRunnable/]: Registering recipes: enderio:base...
[267月2026 23:42:39.627] [Render thread/DEBUG] [mezz.jei.library.recipes.RecipeManagerInternal/]: Adding recipes: RecipeType[uid=enderio:fire_crafting, recipeClass=class net.minecraft.world.item.crafting.RecipeHolder]
[267月2026 23:42:39.632] [Render thread/INFO] [mezz.jei.library.ingredients.IngredientManager/]: Ingredients are being removed at runtime: 83 net.minecraft.world.item.ItemStack
[267月2026 23:42:39.633] [Render thread/DEBUG] [mezz.jei.library.ingredients.IngredientManager/]: Ingredients removed at runtime: [enderio:broken_spawner, enderio:broken_spawner, enderio:broken_spawner, enderio:broken_spawner, enderio:broken_spawner, enderio:broken_spawner, enderio:broken_spawner, enderio:broken_spawner, enderio:broken_spawner, enderio:broken_spawner, enderio:broken_spawner, enderio:broken_spawner, enderio:broken_spawner, enderio:broken_spawner, enderio:broken_spawner, enderio:broken_spawner, enderio:broken_spawner, enderio:broken_spawner, enderio:broken_spawner, enderio:broken_spawner, enderio:broken_spawner, enderio:broken_spawner, enderio:broken_spawner, enderio:broken_spawner, enderio:broken_spawner, enderio:broken_spawner, enderio:broken_spawner, enderio:broken_spawner, enderio:broken_spawner, enderio:broken_spawner, enderio:broken_spawner, enderio:broken_spawner, enderio:broken_spawner, enderio:broken_spawner, enderio:broken_spawner, enderio:broken_spawner, enderio:broken_spawner, enderio:broken_spawner, enderio:broken_spawner, enderio:broken_spawner, enderio:broken_spawner, enderio:broken_spawner, enderio:broken_spawner, enderio:broken_spawner, enderio:broken_spawner, enderio:broken_spawner, enderio:broken_spawner, enderio:broken_spawner, enderio:broken_spawner, enderio:broken_spawner, enderio:broken_spawner, enderio:broken_spawner, enderio:broken_spawner, enderio:broken_spawner, enderio:broken_spawner, enderio:broken_spawner, enderio:broken_spawner, enderio:broken_spawner, enderio:broken_spawner, enderio:broken_spawner, enderio:broken_spawner, enderio:broken_spawner, enderio:broken_spawner, enderio:broken_spawner, enderio:broken_spawner, enderio:broken_spawner, enderio:broken_spawner, enderio:broken_spawner, enderio:broken_spawner, enderio:broken_spawner, enderio:broken_spawner, enderio:broken_spawner, enderio:broken_spawner, enderio:broken_spawner, enderio:broken_spawner, enderio:broken_spawner, enderio:broken_spawner, enderio:broken_spawner, enderio:broken_spawner, enderio:broken_spawner, enderio:broken_spawner, enderio:broken_spawner, enderio:broken_spawner]
[267月2026 23:42:39.637] [Render thread/INFO] [mezz.jei.library.ingredients.IngredientManager/]: Ingredients are being removed at runtime: 672 net.minecraft.world.item.ItemStack
[267月2026 23:42:39.637] [Render thread/DEBUG] [mezz.jei.library.ingredients.IngredientManager/]: Ingredients removed at runtime: [enderio:fused_quartz_dm_black, enderio:fused_quartz_dm_gray, enderio:fused_quartz_dm_light_gray, enderio:fused_quartz_dm_magenta, enderio:fused_quartz_dm_brown, enderio:fused_quartz_dm_white, enderio:fused_quartz_dm_green, enderio:fused_quartz_dm_blue, enderio:fused_quartz_dm_cyan, enderio:fused_quartz_dm_light_blue, enderio:fused_quartz_dm_yellow, enderio:fused_quartz_dm_pink, enderio:fused_quartz_dm_purple, enderio:fused_quartz_dm_red, enderio:fused_quartz_dm_lime, enderio:fused_quartz_dm_orange, enderio:clear_glass_np_black, enderio:clear_glass_np_gray, enderio:clear_glass_np_light_gray, enderio:clear_glass_np_magenta, enderio:clear_glass_np_brown, enderio:clear_glass_np_white, enderio:clear_glass_np_green, enderio:clear_glass_np_blue, enderio:clear_glass_np_cyan, enderio:clear_glass_np_light_blue, enderio:clear_glass_np_yellow, enderio:clear_glass_np_pink, enderio:clear_glass_np_purple, enderio:clear_glass_np_red, enderio:clear_glass_np_lime, enderio:clear_glass_np_orange, enderio:fused_quartz_m_black, enderio:fused_quartz_m_gray, enderio:fused_quartz_m_light_gray, enderio:fused_quartz_m_magenta, enderio:fused_quartz_m_brown, enderio:fused_quartz_m_white, enderio:fused_quartz_m_green, enderio:fused_quartz_m_blue, enderio:fused_quartz_m_cyan, enderio:fused_quartz_m_light_blue, enderio:fused_quartz_m_yellow, enderio:fused_quartz_m_pink, enderio:fused_quartz_m_purple, enderio:fused_quartz_m_red, enderio:fused_quartz_m_lime, enderio:fused_quartz_m_orange, enderio:clear_glass_dnm_black, enderio:clear_glass_dnm_gray, enderio:clear_glass_dnm_light_gray, enderio:clear_glass_dnm_magenta, enderio:clear_glass_dnm_brown, enderio:clear_glass_dnm_white, enderio:clear_glass_dnm_green, enderio:clear_glass_dnm_blue, enderio:clear_glass_dnm_cyan, enderio:clear_glass_dnm_light_blue, enderio:clear_glass_dnm_yellow, enderio:clear_glass_dnm_pink, enderio:clear_glass_dnm_purple, enderio:clear_glass_dnm_red, enderio:clear_glass_dnm_lime, enderio:clear_glass_dnm_orange, enderio:fused_quartz_p_black, enderio:fused_quartz_p_gray, enderio:fused_quartz_p_light_gray, enderio:fused_quartz_p_magenta, enderio:fused_quartz_p_brown, enderio:fused_quartz_p_white, enderio:fused_quartz_p_green, enderio:fused_quartz_p_blue, enderio:fused_quartz_p_cyan, enderio:fused_quartz_p_light_blue, enderio:fused_quartz_p_yellow, enderio:fused_quartz_p_pink, enderio:fused_quartz_p_purple, enderio:fused_quartz_p_red, enderio:fused_quartz_p_lime, enderio:fused_quartz_p_orange, enderio:clear_glass_dnp_black, enderio:clear_glass_dnp_gray, enderio:clear_glass_dnp_light_gray, enderio:clear_glass_dnp_magenta, enderio:clear_glass_dnp_brown, enderio:clear_glass_dnp_white, enderio:clear_glass_dnp_green, enderio:clear_glass_dnp_blue, enderio:clear_glass_dnp_cyan, enderio:clear_glass_dnp_light_blue, enderio:clear_glass_dnp_yellow, enderio:clear_glass_dnp_pink, enderio:clear_glass_dnp_purple, enderio:clear_glass_dnp_red, enderio:clear_glass_dnp_lime, enderio:clear_glass_dnp_orange, enderio:fused_quartz_enm_black, enderio:fused_quartz_enm_gray, enderio:fused_quartz_enm_light_gray, enderio:fused_quartz_enm_magenta, enderio:fused_quartz_enm_brown, enderio:fused_quartz_enm_white, enderio:fused_quartz_enm_green, enderio:fused_quartz_enm_blue, enderio:fused_quartz_enm_cyan, enderio:fused_quartz_enm_light_blue, enderio:fused_quartz_enm_yellow, enderio:fused_quartz_enm_pink, enderio:fused_quartz_enm_purple, enderio:fused_quartz_enm_red, enderio:fused_quartz_enm_lime, enderio:fused_quartz_enm_orange, enderio:clear_glass_dm_black, enderio:clear_glass_dm_gray, enderio:clear_glass_dm_light_gray, enderio:clear_glass_dm_magenta, enderio:clear_glass_dm_brown, enderio:clear_glass_dm_white, enderio:clear_glass_dm_green, enderio:clear_glass_dm_blue, enderio:clear_glass_dm_cyan, enderio:clear_glass_dm_light_blue, enderio:clear_glass_dm_yellow, enderio:clear_glass_dm_pink, enderio:clear_glass_dm_purple, enderio:clear_glass_dm_red, enderio:clear_glass_dm_lime, enderio:clear_glass_dm_orange, enderio:clear_glass_ea_black, enderio:clear_glass_ea_gray, enderio:clear_glass_ea_light_gray, enderio:clear_glass_ea_magenta, enderio:clear_glass_ea_brown, enderio:clear_glass_ea_white, enderio:clear_glass_ea_green, enderio:clear_glass_ea_blue, enderio:clear_glass_ea_cyan, enderio:clear_glass_ea_light_blue, enderio:clear_glass_ea_yellow, enderio:clear_glass_ea_pink, enderio:clear_glass_ea_purple, enderio:clear_glass_ea_red, enderio:clear_glass_ea_lime, enderio:clear_glass_ea_orange, enderio:clear_glass_p_black, enderio:clear_glass_p_gray, enderio:clear_glass_p_light_gray, enderio:clear_glass_p_magenta, enderio:clear_glass_p_brown, enderio:clear_glass_p_white, enderio:clear_glass_p_green, enderio:clear_glass_p_blue, enderio:clear_glass_p_cyan, enderio:clear_glass_p_light_blue, enderio:clear_glass_p_yellow, enderio:clear_glass_p_pink, enderio:clear_glass_p_purple, enderio:clear_glass_p_red, enderio:clear_glass_p_lime, enderio:clear_glass_p_orange, enderio:fused_quartz_np_black, enderio:fused_quartz_np_gray, enderio:fused_quartz_np_light_gray, enderio:fused_quartz_np_magenta, enderio:fused_quartz_np_brown, enderio:fused_quartz_np_white, enderio:fused_quartz_np_green, enderio:fused_quartz_np_blue, enderio:fused_quartz_np_cyan, enderio:fused_quartz_np_light_blue, enderio:fused_quartz_np_yellow, enderio:fused_quartz_np_pink, enderio:fused_quartz_np_purple, enderio:fused_quartz_np_red, enderio:fused_quartz_np_lime, enderio:fused_quartz_np_orange, enderio:clear_glass_enm_black, enderio:clear_glass_enm_gray, enderio:clear_glass_enm_light_gray, enderio:clear_glass_enm_magenta, enderio:clear_glass_enm_brown, enderio:clear_glass_enm_white, enderio:clear_glass_enm_green, enderio:clear_glass_enm_blue, enderio:clear_glass_enm_cyan, enderio:clear_glass_enm_light_blue, enderio:clear_glass_enm_yellow, enderio:clear_glass_enm_pink, enderio:clear_glass_enm_purple, enderio:clear_glass_enm_red, enderio:clear_glass_enm_lime, enderio:clear_glass_enm_orange, enderio:clear_glass_nm_black, enderio:clear_glass_nm_gray, enderio:clear_glass_nm_light_gray, enderio:clear_glass_nm_magenta, enderio:clear_glass_nm_brown, enderio:clear_glass_nm_white, enderio:clear_glass_nm_green, enderio:clear_glass_nm_blue, enderio:clear_glass_nm_cyan, enderio:clear_glass_nm_light_blue, enderio:clear_glass_nm_yellow, enderio:clear_glass_nm_pink, enderio:clear_glass_nm_purple, enderio:clear_glass_nm_red, enderio:clear_glass_nm_lime, enderio:clear_glass_nm_orange, enderio:fused_quartz_d_black, enderio:fused_quartz_d_gray, enderio:fused_quartz_d_light_gray, enderio:fused_quartz_d_magenta, enderio:fused_quartz_d_brown, enderio:fused_quartz_d_white, enderio:fused_quartz_d_green, enderio:fused_quartz_d_blue, enderio:fused_quartz_d_cyan, enderio:fused_quartz_d_light_blue, enderio:fused_quartz_d_yellow, enderio:fused_quartz_d_pink, enderio:fused_quartz_d_purple, enderio:fused_quartz_d_red, enderio:fused_quartz_d_lime, enderio:fused_quartz_d_orange, enderio:clear_glass_enp_black, enderio:clear_glass_enp_gray, enderio:clear_glass_enp_light_gray, enderio:clear_glass_enp_magenta, enderio:clear_glass_enp_brown, enderio:clear_glass_enp_white, enderio:clear_glass_enp_green, enderio:clear_glass_enp_blue, enderio:clear_glass_enp_cyan, enderio:clear_glass_enp_light_blue, enderio:clear_glass_enp_yellow, enderio:clear_glass_enp_pink, enderio:clear_glass_enp_purple, enderio:clear_glass_enp_red, enderio:clear_glass_enp_lime, enderio:clear_glass_enp_orange, enderio:clear_glass_em_black, enderio:clear_glass_em_gray, enderio:clear_glass_em_light_gray, enderio:clear_glass_em_magenta, enderio:clear_glass_em_brown, enderio:clear_glass_em_white, enderio:clear_glass_em_green, enderio:clear_glass_em_blue, enderio:clear_glass_em_cyan, enderio:clear_glass_em_light_blue, enderio:clear_glass_em_yellow, enderio:clear_glass_em_pink, enderio:clear_glass_em_purple, enderio:clear_glass_em_red, enderio:clear_glass_em_lime, enderio:clear_glass_em_orange, enderio:fused_quartz_ea_black, enderio:fused_quartz_ea_gray, enderio:fused_quartz_ea_light_gray, enderio:fused_quartz_ea_magenta, enderio:fused_quartz_ea_brown, enderio:fused_quartz_ea_white, enderio:fused_quartz_ea_green, enderio:fused_quartz_ea_blue, enderio:fused_quartz_ea_cyan, enderio:fused_quartz_ea_light_blue, enderio:fused_quartz_ea_yellow, enderio:fused_quartz_ea_pink, enderio:fused_quartz_ea_purple, enderio:fused_quartz_ea_red, enderio:fused_quartz_ea_lime, enderio:fused_quartz_ea_orange, enderio:fused_quartz_na_black, enderio:fused_quartz_na_gray, enderio:fused_quartz_na_light_gray, enderio:fused_quartz_na_magenta, enderio:fused_quartz_na_brown, enderio:fused_quartz_na_white, enderio:fused_quartz_na_green, enderio:fused_quartz_na_blue, enderio:fused_quartz_na_cyan, enderio:fused_quartz_na_light_blue, enderio:fused_quartz_na_yellow, enderio:fused_quartz_na_pink, enderio:fused_quartz_na_purple, enderio:fused_quartz_na_red, enderio:fused_quartz_na_lime, enderio:fused_quartz_na_orange, enderio:clear_glass_d_black, enderio:clear_glass_d_gray, enderio:clear_glass_d_light_gray, enderio:clear_glass_d_magenta, enderio:clear_glass_d_brown, enderio:clear_glass_d_white, enderio:clear_glass_d_green, enderio:clear_glass_d_blue, enderio:clear_glass_d_cyan, enderio:clear_glass_d_light_blue, enderio:clear_glass_d_yellow, enderio:clear_glass_d_pink, enderio:clear_glass_d_purple, enderio:clear_glass_d_red, enderio:clear_glass_d_lime, enderio:clear_glass_d_orange, enderio:fused_quartz_enp_black, enderio:fused_quartz_enp_gray, enderio:fused_quartz_enp_light_gray, enderio:fused_quartz_enp_magenta, enderio:fused_quartz_enp_brown, enderio:fused_quartz_enp_white, enderio:fused_quartz_enp_green, enderio:fused_quartz_enp_blue, enderio:fused_quartz_enp_cyan, enderio:fused_quartz_enp_light_blue, enderio:fused_quartz_enp_yellow, enderio:fused_quartz_enp_pink, enderio:fused_quartz_enp_purple, enderio:fused_quartz_enp_red, enderio:fused_quartz_enp_lime, enderio:fused_quartz_enp_orange, enderio:fused_quartz_em_black, enderio:fused_quartz_em_gray, enderio:fused_quartz_em_light_gray, enderio:fused_quartz_em_magenta, enderio:fused_quartz_em_brown, enderio:fused_quartz_em_white, enderio:fused_quartz_em_green, enderio:fused_quartz_em_blue, enderio:fused_quartz_em_cyan, enderio:fused_quartz_em_light_blue, enderio:fused_quartz_em_yellow, enderio:fused_quartz_em_pink, enderio:fused_quartz_em_purple, enderio:fused_quartz_em_red, enderio:fused_quartz_em_lime, enderio:fused_quartz_em_orange, enderio:fused_quartz_dnm_black, enderio:fused_quartz_dnm_gray, enderio:fused_quartz_dnm_light_gray, enderio:fused_quartz_dnm_magenta, enderio:fused_quartz_dnm_brown, enderio:fused_quartz_dnm_white, enderio:fused_quartz_dnm_green, enderio:fused_quartz_dnm_blue, enderio:fused_quartz_dnm_cyan, enderio:fused_quartz_dnm_light_blue, enderio:fused_quartz_dnm_yellow, enderio:fused_quartz_dnm_pink, enderio:fused_quartz_dnm_purple, enderio:fused_quartz_dnm_red, enderio:fused_quartz_dnm_lime, enderio:fused_quartz_dnm_orange, enderio:fused_quartz_dp_black, enderio:fused_quartz_dp_gray, enderio:fused_quartz_dp_light_gray, enderio:fused_quartz_dp_magenta, enderio:fused_quartz_dp_brown, enderio:fused_quartz_dp_white, enderio:fused_quartz_dp_green, enderio:fused_quartz_dp_blue, enderio:fused_quartz_dp_cyan, enderio:fused_quartz_dp_light_blue, enderio:fused_quartz_dp_yellow, enderio:fused_quartz_dp_pink, enderio:fused_quartz_dp_purple, enderio:fused_quartz_dp_red, enderio:fused_quartz_dp_lime, enderio:fused_quartz_dp_orange, enderio:clear_glass_ena_black, enderio:clear_glass_ena_gray, enderio:clear_glass_ena_light_gray, enderio:clear_glass_ena_magenta, enderio:clear_glass_ena_brown, enderio:clear_glass_ena_white, enderio:clear_glass_ena_green, enderio:clear_glass_ena_blue, enderio:clear_glass_ena_cyan, enderio:clear_glass_ena_light_blue, enderio:clear_glass_ena_yellow, enderio:clear_glass_ena_pink, enderio:clear_glass_ena_purple, enderio:clear_glass_ena_red, enderio:clear_glass_ena_lime, enderio:clear_glass_ena_orange, enderio:clear_glass_m_black, enderio:clear_glass_m_gray, enderio:clear_glass_m_light_gray, enderio:clear_glass_m_magenta, enderio:clear_glass_m_brown, enderio:clear_glass_m_white, enderio:clear_glass_m_green, enderio:clear_glass_m_blue, enderio:clear_glass_m_cyan, enderio:clear_glass_m_light_blue, enderio:clear_glass_m_yellow, enderio:clear_glass_m_pink, enderio:clear_glass_m_purple, enderio:clear_glass_m_red, enderio:clear_glass_m_lime, enderio:clear_glass_m_orange, enderio:clear_glass_dp_black, enderio:clear_glass_dp_gray, enderio:clear_glass_dp_light_gray, enderio:clear_glass_dp_magenta, enderio:clear_glass_dp_brown, enderio:clear_glass_dp_white, enderio:clear_glass_dp_green, enderio:clear_glass_dp_blue, enderio:clear_glass_dp_cyan, enderio:clear_glass_dp_light_blue, enderio:clear_glass_dp_yellow, enderio:clear_glass_dp_pink, enderio:clear_glass_dp_purple, enderio:clear_glass_dp_red, enderio:clear_glass_dp_lime, enderio:clear_glass_dp_orange, enderio:clear_glass_na_black, enderio:clear_glass_na_gray, enderio:clear_glass_na_light_gray, enderio:clear_glass_na_magenta, enderio:clear_glass_na_brown, enderio:clear_glass_na_white, enderio:clear_glass_na_green, enderio:clear_glass_na_blue, enderio:clear_glass_na_cyan, enderio:clear_glass_na_light_blue, enderio:clear_glass_na_yellow, enderio:clear_glass_na_pink, enderio:clear_glass_na_purple, enderio:clear_glass_na_red, enderio:clear_glass_na_lime, enderio:clear_glass_na_orange, enderio:fused_quartz_ena_black, enderio:fused_quartz_ena_gray, enderio:fused_quartz_ena_light_gray, enderio:fused_quartz_ena_magenta, enderio:fused_quartz_ena_brown, enderio:fused_quartz_ena_white, enderio:fused_quartz_ena_green, enderio:fused_quartz_ena_blue, enderio:fused_quartz_ena_cyan, enderio:fused_quartz_ena_light_blue, enderio:fused_quartz_ena_yellow, enderio:fused_quartz_ena_pink, enderio:fused_quartz_ena_purple, enderio:fused_quartz_ena_red, enderio:fused_quartz_ena_lime, enderio:fused_quartz_ena_orange, enderio:clear_glass_dna_black, enderio:clear_glass_dna_gray, enderio:clear_glass_dna_light_gray, enderio:clear_glass_dna_magenta, enderio:clear_glass_dna_brown, enderio:clear_glass_dna_white, enderio:clear_glass_dna_green, enderio:clear_glass_dna_blue, enderio:clear_glass_dna_cyan, enderio:clear_glass_dna_light_blue, enderio:clear_glass_dna_yellow, enderio:clear_glass_dna_pink, enderio:clear_glass_dna_purple, enderio:clear_glass_dna_red, enderio:clear_glass_dna_lime, enderio:clear_glass_dna_orange, enderio:fused_quartz_a_black, enderio:fused_quartz_a_gray, enderio:fused_quartz_a_light_gray, enderio:fused_quartz_a_magenta, enderio:fused_quartz_a_brown, enderio:fused_quartz_a_white, enderio:fused_quartz_a_green, enderio:fused_quartz_a_blue, enderio:fused_quartz_a_cyan, enderio:fused_quartz_a_light_blue, enderio:fused_quartz_a_yellow, enderio:fused_quartz_a_pink, enderio:fused_quartz_a_purple, enderio:fused_quartz_a_red, enderio:fused_quartz_a_lime, enderio:fused_quartz_a_orange, enderio:fused_quartz_dna_black, enderio:fused_quartz_dna_gray, enderio:fused_quartz_dna_light_gray, enderio:fused_quartz_dna_magenta, enderio:fused_quartz_dna_brown, enderio:fused_quartz_dna_white, enderio:fused_quartz_dna_green, enderio:fused_quartz_dna_blue, enderio:fused_quartz_dna_cyan, enderio:fused_quartz_dna_light_blue, enderio:fused_quartz_dna_yellow, enderio:fused_quartz_dna_pink, enderio:fused_quartz_dna_purple, enderio:fused_quartz_dna_red, enderio:fused_quartz_dna_lime, enderio:fused_quartz_dna_orange, enderio:fused_quartz_ep_black, enderio:fused_quartz_ep_gray, enderio:fused_quartz_ep_light_gray, enderio:fused_quartz_ep_magenta, enderio:fused_quartz_ep_brown, enderio:fused_quartz_ep_white, enderio:fused_quartz_ep_green, enderio:fused_quartz_ep_blue, enderio:fused_quartz_ep_cyan, enderio:fused_quartz_ep_light_blue, enderio:fused_quartz_ep_yellow, enderio:fused_quartz_ep_pink, enderio:fused_quartz_ep_purple, enderio:fused_quartz_ep_red, enderio:fused_quartz_ep_lime, enderio:fused_quartz_ep_orange, enderio:clear_glass_black, enderio:clear_glass_gray, enderio:clear_glass_light_gray, enderio:clear_glass_magenta, enderio:clear_glass_brown, enderio:clear_glass_white, enderio:clear_glass_green, enderio:clear_glass_blue, enderio:clear_glass_cyan, enderio:clear_glass_light_blue, enderio:clear_glass_yellow, enderio:clear_glass_pink, enderio:clear_glass_purple, enderio:clear_glass_red, enderio:clear_glass_lime, enderio:clear_glass_orange, enderio:clear_glass_da_black, enderio:clear_glass_da_gray, enderio:clear_glass_da_light_gray, enderio:clear_glass_da_magenta, enderio:clear_glass_da_brown, enderio:clear_glass_da_white, enderio:clear_glass_da_green, enderio:clear_glass_da_blue, enderio:clear_glass_da_cyan, enderio:clear_glass_da_light_blue, enderio:clear_glass_da_yellow, enderio:clear_glass_da_pink, enderio:clear_glass_da_purple, enderio:clear_glass_da_red, enderio:clear_glass_da_lime, enderio:clear_glass_da_orange, enderio:clear_glass_a_black, enderio:clear_glass_a_gray, enderio:clear_glass_a_light_gray, enderio:clear_glass_a_magenta, enderio:clear_glass_a_brown, enderio:clear_glass_a_white, enderio:clear_glass_a_green, enderio:clear_glass_a_blue, enderio:clear_glass_a_cyan, enderio:clear_glass_a_light_blue, enderio:clear_glass_a_yellow, enderio:clear_glass_a_pink, enderio:clear_glass_a_purple, enderio:clear_glass_a_red, enderio:clear_glass_a_lime, enderio:clear_glass_a_orange, enderio:fused_quartz_nm_black, enderio:fused_quartz_nm_gray, enderio:fused_quartz_nm_light_gray, enderio:fused_quartz_nm_magenta, enderio:fused_quartz_nm_brown, enderio:fused_quartz_nm_white, enderio:fused_quartz_nm_green, enderio:fused_quartz_nm_blue, enderio:fused_quartz_nm_cyan, enderio:fused_quartz_nm_light_blue, enderio:fused_quartz_nm_yellow, enderio:fused_quartz_nm_pink, enderio:fused_quartz_nm_purple, enderio:fused_quartz_nm_red, enderio:fused_quartz_nm_lime, enderio:fused_quartz_nm_orange, enderio:clear_glass_ep_black, enderio:clear_glass_ep_gray, enderio:clear_glass_ep_light_gray, enderio:clear_glass_ep_magenta, enderio:clear_glass_ep_brown, enderio:clear_glass_ep_white, enderio:clear_glass_ep_green, enderio:clear_glass_ep_blue, enderio:clear_glass_ep_cyan, enderio:clear_glass_ep_light_blue, enderio:clear_glass_ep_yellow, enderio:clear_glass_ep_pink, enderio:clear_glass_ep_purple, enderio:clear_glass_ep_red, enderio:clear_glass_ep_lime, enderio:clear_glass_ep_orange, enderio:fused_quartz_da_black, enderio:fused_quartz_da_gray, enderio:fused_quartz_da_light_gray, enderio:fused_quartz_da_magenta, enderio:fused_quartz_da_brown, enderio:fused_quartz_da_white, enderio:fused_quartz_da_green, enderio:fused_quartz_da_blue, enderio:fused_quartz_da_cyan, enderio:fused_quartz_da_light_blue, enderio:fused_quartz_da_yellow, enderio:fused_quartz_da_pink, enderio:fused_quartz_da_purple, enderio:fused_quartz_da_red, enderio:fused_quartz_da_lime, enderio:fused_quartz_da_orange, enderio:fused_quartz_e_black, enderio:fused_quartz_e_gray, enderio:fused_quartz_e_light_gray, enderio:fused_quartz_e_magenta, enderio:fused_quartz_e_brown, enderio:fused_quartz_e_white, enderio:fused_quartz_e_green, enderio:fused_quartz_e_blue, enderio:fused_quartz_e_cyan, enderio:fused_quartz_e_light_blue, enderio:fused_quartz_e_yellow, enderio:fused_quartz_e_pink, enderio:fused_quartz_e_purple, enderio:fused_quartz_e_red, enderio:fused_quartz_e_lime, enderio:fused_quartz_e_orange, enderio:fused_quartz_black, enderio:fused_quartz_gray, enderio:fused_quartz_light_gray, enderio:fused_quartz_magenta, enderio:fused_quartz_brown, enderio:fused_quartz_white, enderio:fused_quartz_green, enderio:fused_quartz_blue, enderio:fused_quartz_cyan, enderio:fused_quartz_light_blue, enderio:fused_quartz_yellow, enderio:fused_quartz_pink, enderio:fused_quartz_purple, enderio:fused_quartz_red, enderio:fused_quartz_lime, enderio:fused_quartz_orange, enderio:fused_quartz_dnp_black, enderio:fused_quartz_dnp_gray, enderio:fused_quartz_dnp_light_gray, enderio:fused_quartz_dnp_magenta, enderio:fused_quartz_dnp_brown, enderio:fused_quartz_dnp_white, enderio:fused_quartz_dnp_green, enderio:fused_quartz_dnp_blue, enderio:fused_quartz_dnp_cyan, enderio:fused_quartz_dnp_light_blue, enderio:fused_quartz_dnp_yellow, enderio:fused_quartz_dnp_pink, enderio:fused_quartz_dnp_purple, enderio:fused_quartz_dnp_red, enderio:fused_quartz_dnp_lime, enderio:fused_quartz_dnp_orange, enderio:clear_glass_e_black, enderio:clear_glass_e_gray, enderio:clear_glass_e_light_gray, enderio:clear_glass_e_magenta, enderio:clear_glass_e_brown, enderio:clear_glass_e_white, enderio:clear_glass_e_green, enderio:clear_glass_e_blue, enderio:clear_glass_e_cyan, enderio:clear_glass_e_light_blue, enderio:clear_glass_e_yellow, enderio:clear_glass_e_pink, enderio:clear_glass_e_purple, enderio:clear_glass_e_red, enderio:clear_glass_e_lime, enderio:clear_glass_e_orange]
[267月2026 23:42:39.639] [Render thread/INFO] [mezz.jei.library.load.PluginCallerTimerRunnable/]: Registering recipes: enderio:base took 13.60 milliseconds
[267月2026 23:42:39.639] [Render thread/DEBUG] [mezz.jei.library.load.PluginCallerTimerRunnable/]: Registering recipes: enderio:machines...
[267月2026 23:42:39.643] [Render thread/DEBUG] [mezz.jei.library.recipes.RecipeManagerInternal/]: Adding recipes: RecipeType[uid=enderio:alloy_smelting, recipeClass=class net.minecraft.world.item.crafting.RecipeHolder]
[267月2026 23:42:39.650] [Render thread/DEBUG] [mezz.jei.library.recipes.RecipeManagerInternal/]: Adding recipes: RecipeType[uid=enderio:enchanter, recipeClass=class com.enderio.enderio.compat.jei_machines_to_merge.util.WrappedEnchanterRecipe]
[267月2026 23:42:39.652] [Render thread/DEBUG] [mezz.jei.library.recipes.RecipeManagerInternal/]: Adding recipes: RecipeType[uid=enderio:sagmilling, recipeClass=class net.minecraft.world.item.crafting.RecipeHolder]
[267月2026 23:42:39.662] [Render thread/DEBUG] [mezz.jei.library.recipes.RecipeManagerInternal/]: Adding recipes: RecipeType[uid=enderio:slicing, recipeClass=class net.minecraft.world.item.crafting.RecipeHolder]
[267月2026 23:42:39.662] [Render thread/DEBUG] [mezz.jei.library.recipes.RecipeManagerInternal/]: Adding recipes: RecipeType[uid=enderio:soul_binding, recipeClass=class net.minecraft.world.item.crafting.RecipeHolder]
[267月2026 23:42:39.667] [Render thread/DEBUG] [mezz.jei.library.recipes.RecipeManagerInternal/]: Adding recipes: RecipeType[uid=enderio:tank, recipeClass=class net.minecraft.world.item.crafting.RecipeHolder]
[267月2026 23:42:39.669] [Render thread/DEBUG] [mezz.jei.library.recipes.RecipeManagerInternal/]: Adding recipes: RecipeType[uid=enderio:soul_engine, recipeClass=class com.enderio.enderio.foundation.souldata.EngineSoul$SoulData]
[267月2026 23:42:39.671] [Render thread/DEBUG] [mezz.jei.library.recipes.RecipeManagerInternal/]: Adding recipes: RecipeType[uid=enderio:vat_fermenting, recipeClass=class net.minecraft.world.item.crafting.RecipeHolder]
[267月2026 23:42:39.672] [Render thread/DEBUG] [mezz.jei.library.recipes.RecipeManagerInternal/]: Adding recipes: RecipeType[uid=enderio:weather_change, recipeClass=class net.minecraft.world.item.crafting.RecipeHolder]
[267月2026 23:42:39.673] [Render thread/INFO] [mezz.jei.library.load.PluginCallerTimerRunnable/]: Registering recipes: enderio:machines took 33.04 milliseconds
[267月2026 23:42:39.673] [Render thread/DEBUG] [mezz.jei.library.load.PluginCallerTimerRunnable/]: Registering recipes: jei:internal...
[267月2026 23:42:39.676] [Render thread/DEBUG] [mezz.jei.library.plugins.jei.tags.TagInfoRecipeMaker/]: No valid ingredients found for minecraft:fluid tag: Rabbit Stew (c:rabbit_stew)
[267月2026 23:42:39.676] [Render thread/DEBUG] [mezz.jei.library.plugins.jei.tags.TagInfoRecipeMaker/]: No valid ingredients found for minecraft:fluid tag: Suspicious Stew (c:suspicious_stew)
[267月2026 23:42:39.676] [Render thread/DEBUG] [mezz.jei.library.plugins.jei.tags.TagInfoRecipeMaker/]: No valid ingredients found for minecraft:fluid tag: Honey (c:honey)
[267月2026 23:42:39.676] [Render thread/DEBUG] [mezz.jei.library.plugins.jei.tags.TagInfoRecipeMaker/]: No valid ingredients found for minecraft:fluid tag: Mushroom Stew (c:mushroom_stew)
[267月2026 23:42:39.676] [Render thread/DEBUG] [mezz.jei.library.plugins.jei.tags.TagInfoRecipeMaker/]: No valid ingredients found for minecraft:fluid tag: #ae2:blacklisted/annihilation_plane (ae2:blacklisted/annihilation_plane)
[267月2026 23:42:39.676] [Render thread/DEBUG] [mezz.jei.library.plugins.jei.tags.TagInfoRecipeMaker/]: No valid ingredients found for minecraft:fluid tag: Potion (c:potion)
[267月2026 23:42:39.676] [Render thread/DEBUG] [mezz.jei.library.plugins.jei.tags.TagInfoRecipeMaker/]: No valid ingredients found for minecraft:fluid tag: Beetroot Soup (c:beetroot_soup)
[267月2026 23:42:39.676] [Render thread/DEBUG] [mezz.jei.library.recipes.RecipeManagerInternal/]: Adding recipes: RecipeType[uid=minecraft:tag_recipes/fluid, recipeClass=interface mezz.jei.library.plugins.jei.tags.ITagInfoRecipe]
[267月2026 23:42:39.677] [Render thread/DEBUG] [mezz.jei.library.plugins.jei.tags.TagInfoRecipeMaker/]: No valid ingredients found for minecraft:item tag: Doughs (c:foods/dough)
[267月2026 23:42:39.678] [Render thread/DEBUG] [mezz.jei.library.plugins.jei.tags.TagInfoRecipeMaker/]: No valid ingredients found for minecraft:item tag: Candies (c:foods/candy)
[267月2026 23:42:39.678] [Render thread/DEBUG] [mezz.jei.library.plugins.jei.tags.TagInfoRecipeMaker/]: No valid ingredients found for minecraft:item tag: #ae2:blacklisted/annihilation_plane (ae2:blacklisted/annihilation_plane)
[267月2026 23:42:39.679] [Render thread/DEBUG] [mezz.jei.library.plugins.jei.tags.TagInfoRecipeMaker/]: No valid ingredients found for minecraft:item tag: Ropes (c:ropes)
[267月2026 23:42:39.679] [Render thread/DEBUG] [mezz.jei.library.plugins.jei.tags.TagInfoRecipeMaker/]: No valid ingredients found for minecraft:item tag: Water (c:drinks/water)
[267月2026 23:42:39.680] [Render thread/DEBUG] [mezz.jei.library.plugins.jei.tags.TagInfoRecipeMaker/]: No valid ingredients found for minecraft:item tag: Juice (c:drinks/juice)
[267月2026 23:42:39.680] [Render thread/DEBUG] [mezz.jei.library.recipes.RecipeManagerInternal/]: Adding recipes: RecipeType[uid=minecraft:tag_recipes/item, recipeClass=interface mezz.jei.library.plugins.jei.tags.ITagInfoRecipe]
[267月2026 23:42:39.693] [Render thread/DEBUG] [mezz.jei.library.plugins.jei.tags.TagInfoRecipeMaker/]: No valid ingredients found for minecraft:block tag: #minecraft:candle_cakes (minecraft:candle_cakes)
[267月2026 23:42:39.693] [Render thread/DEBUG] [mezz.jei.library.plugins.jei.tags.TagInfoRecipeMaker/]: No valid ingredients found for minecraft:block tag: #minecraft:incorrect_for_diamond_tool (minecraft:incorrect_for_diamond_tool)
[267月2026 23:42:39.694] [Render thread/DEBUG] [mezz.jei.library.plugins.jei.tags.TagInfoRecipeMaker/]: No valid ingredients found for minecraft:block tag: #minecraft:strider_warm_blocks (minecraft:strider_warm_blocks)
[267月2026 23:42:39.694] [Render thread/DEBUG] [mezz.jei.library.plugins.jei.tags.TagInfoRecipeMaker/]: No valid ingredients found for minecraft:block tag: #minecraft:fire (minecraft:fire)
[267月2026 23:42:39.694] [Render thread/DEBUG] [mezz.jei.library.plugins.jei.tags.TagInfoRecipeMaker/]: No valid ingredients found for minecraft:block tag: #mekanism:miner_blacklist (mekanism:miner_blacklist)
[267月2026 23:42:39.694] [Render thread/DEBUG] [mezz.jei.library.plugins.jei.tags.TagInfoRecipeMaker/]: No valid ingredients found for minecraft:block tag: #ae2:blacklisted/annihilation_plane (ae2:blacklisted/annihilation_plane)
[267月2026 23:42:39.694] [Render thread/DEBUG] [mezz.jei.library.plugins.jei.tags.TagInfoRecipeMaker/]: No valid ingredients found for minecraft:block tag: Ropes (c:ropes)
[267月2026 23:42:39.694] [Render thread/DEBUG] [mezz.jei.library.plugins.jei.tags.TagInfoRecipeMaker/]: No valid ingredients found for minecraft:block tag: #minecraft:portals (minecraft:portals)
[267月2026 23:42:39.695] [Render thread/DEBUG] [mezz.jei.library.plugins.jei.tags.TagInfoRecipeMaker/]: No valid ingredients found for minecraft:block tag: #mekanism:incorrect_for_disassembler (mekanism:incorrect_for_disassembler)
[267月2026 23:42:39.695] [Render thread/DEBUG] [mezz.jei.library.plugins.jei.tags.TagInfoRecipeMaker/]: No valid ingredients found for minecraft:block tag: #minecraft:air (minecraft:air)
[267月2026 23:42:39.695] [Render thread/DEBUG] [mezz.jei.library.plugins.jei.tags.TagInfoRecipeMaker/]: No valid ingredients found for minecraft:block tag: Needs Netherite Tools (neoforge:needs_netherite_tool)
[267月2026 23:42:39.695] [Render thread/DEBUG] [mezz.jei.library.plugins.jei.tags.TagInfoRecipeMaker/]: No valid ingredients found for minecraft:block tag: #minecraft:invalid_spawn_inside (minecraft:invalid_spawn_inside)
[267月2026 23:42:39.695] [Render thread/DEBUG] [mezz.jei.library.plugins.jei.tags.TagInfoRecipeMaker/]: No valid ingredients found for minecraft:block tag: #minecraft:incorrect_for_netherite_tool (minecraft:incorrect_for_netherite_tool)
[267月2026 23:42:39.695] [Render thread/DEBUG] [mezz.jei.library.plugins.jei.tags.TagInfoRecipeMaker/]: No valid ingredients found for minecraft:block tag: #mekanism:incorrect_for_meka_tool (mekanism:incorrect_for_meka_tool)
[267月2026 23:42:39.695] [Render thread/DEBUG] [mezz.jei.library.recipes.RecipeManagerInternal/]: Adding recipes: RecipeType[uid=minecraft:tag_recipes/block, recipeClass=interface mezz.jei.library.plugins.jei.tags.ITagInfoRecipe]
[267月2026 23:42:39.708] [Render thread/INFO] [mezz.jei.library.load.PluginCallerTimerRunnable/]: Registering recipes: jei:internal took 35.27 milliseconds
[267月2026 23:42:39.708] [Render thread/INFO] [mezz.jei.library.load.PluginCaller/]: Registering recipes took 601.6 milliseconds
[267月2026 23:42:39.726] [Render thread/INFO] [mezz.jei.library.load.PluginCaller/]: Registering recipes transfer handlers...
[267月2026 23:42:39.726] [Render thread/DEBUG] [mezz.jei.library.load.PluginCallerTimerRunnable/]: Registering recipes transfer handlers: jei:minecraft...
[267月2026 23:42:39.734] [Render thread/DEBUG] [mezz.jei.library.load.PluginCallerTimerRunnable/]: Registering recipes transfer handlers: refurbished_furniture:plugin...
[267月2026 23:42:39.734] [Render thread/DEBUG] [mezz.jei.library.load.PluginCallerTimerRunnable/]: Registering recipes transfer handlers: jei:neoforge_gui...
[267月2026 23:42:39.734] [Render thread/DEBUG] [mezz.jei.library.load.PluginCallerTimerRunnable/]: Registering recipes transfer handlers: jei:debug...
[267月2026 23:42:39.734] [Render thread/DEBUG] [mezz.jei.library.load.PluginCallerTimerRunnable/]: Registering recipes transfer handlers: jei:gui...
[267月2026 23:42:39.734] [Render thread/DEBUG] [mezz.jei.library.load.PluginCallerTimerRunnable/]: Registering recipes transfer handlers: rtsbuilding:jei_plugin...
[267月2026 23:42:39.738] [Render thread/DEBUG] [mezz.jei.library.load.PluginCallerTimerRunnable/]: Registering recipes transfer handlers: mekanism:jei_plugin...
[267月2026 23:42:39.743] [Render thread/DEBUG] [mezz.jei.library.load.PluginCallerTimerRunnable/]: Registering recipes transfer handlers: mekanismgenerators:jei_plugin...
[267月2026 23:42:39.743] [Render thread/DEBUG] [mezz.jei.library.load.PluginCallerTimerRunnable/]: Registering recipes transfer handlers: enderio:base...
[267月2026 23:42:39.743] [Render thread/DEBUG] [mezz.jei.library.load.PluginCallerTimerRunnable/]: Registering recipes transfer handlers: enderio:machines...
[267月2026 23:42:39.750] [Render thread/DEBUG] [mezz.jei.library.load.PluginCallerTimerRunnable/]: Registering recipes transfer handlers: jei:internal...
[267月2026 23:42:39.750] [Render thread/INFO] [mezz.jei.library.load.PluginCaller/]: Registering recipes transfer handlers took 24.18 milliseconds
[267月2026 23:42:39.767] [Render thread/INFO] [mezz.jei.core.util.LoggedTimer/]: Building runtime...
[267月2026 23:42:39.773] [Render thread/INFO] [mezz.jei.library.load.PluginCaller/]: Registering gui handlers...
[267月2026 23:42:39.773] [Render thread/DEBUG] [mezz.jei.library.load.PluginCallerTimerRunnable/]: Registering gui handlers: jei:minecraft...
[267月2026 23:42:39.783] [Render thread/DEBUG] [mezz.jei.library.load.PluginCallerTimerRunnable/]: Registering gui handlers: refurbished_furniture:plugin...
[267月2026 23:42:39.786] [Render thread/DEBUG] [mezz.jei.library.load.PluginCallerTimerRunnable/]: Registering gui handlers: jei:neoforge_gui...
[267月2026 23:42:39.786] [Render thread/DEBUG] [mezz.jei.library.load.PluginCallerTimerRunnable/]: Registering gui handlers: jei:debug...
[267月2026 23:42:39.786] [Render thread/DEBUG] [mezz.jei.library.load.PluginCallerTimerRunnable/]: Registering gui handlers: jei:gui...
[267月2026 23:42:39.799] [Render thread/INFO] [mezz.jei.library.load.PluginCallerTimerRunnable/]: Registering gui handlers: jei:gui took 13.30 milliseconds
[267月2026 23:42:39.799] [Render thread/DEBUG] [mezz.jei.library.load.PluginCallerTimerRunnable/]: Registering gui handlers: rtsbuilding:jei_plugin...
[267月2026 23:42:39.802] [Render thread/DEBUG] [mezz.jei.library.load.PluginCallerTimerRunnable/]: Registering gui handlers: mekanism:jei_plugin...
[267月2026 23:42:39.805] [Render thread/DEBUG] [mezz.jei.library.load.PluginCallerTimerRunnable/]: Registering gui handlers: mekanismgenerators:jei_plugin...
[267月2026 23:42:39.805] [Render thread/DEBUG] [mezz.jei.library.load.PluginCallerTimerRunnable/]: Registering gui handlers: enderio:base...
[267月2026 23:42:39.806] [Render thread/DEBUG] [mezz.jei.library.load.PluginCallerTimerRunnable/]: Registering gui handlers: enderio:machines...
[267月2026 23:42:39.808] [Render thread/DEBUG] [mezz.jei.library.load.PluginCallerTimerRunnable/]: Registering gui handlers: jei:internal...
[267月2026 23:42:39.808] [Render thread/INFO] [mezz.jei.library.load.PluginCaller/]: Registering gui handlers took 35.24 milliseconds
[267月2026 23:42:39.820] [Render thread/INFO] [mezz.jei.library.load.PluginCaller/]: Registering Runtime...
[267月2026 23:42:39.821] [Render thread/DEBUG] [mezz.jei.library.load.PluginCallerTimerRunnable/]: Registering Runtime: jei:minecraft...
[267月2026 23:42:39.821] [Render thread/DEBUG] [mezz.jei.library.load.PluginCallerTimerRunnable/]: Registering Runtime: refurbished_furniture:plugin...
[267月2026 23:42:39.821] [Render thread/DEBUG] [mezz.jei.library.load.PluginCallerTimerRunnable/]: Registering Runtime: jei:neoforge_gui...
[267月2026 23:42:39.824] [Render thread/INFO] [mezz.jei.gui.startup.JeiGuiStarter/]: Starting JEI GUI
[267月2026 23:42:39.825] [Render thread/INFO] [mezz.jei.core.util.LoggedTimer/]: Building ingredient list...
[267月2026 23:42:39.826] [Render thread/DEBUG] [mezz.jei.gui.ingredients.IngredientListElementFactory/]: Registering ingredients: ItemStack
[267月2026 23:42:39.866] [Render thread/DEBUG] [mezz.jei.gui.ingredients.IngredientListElementFactory/]: Registering ingredients: FluidStack
[267月2026 23:42:39.867] [Render thread/DEBUG] [mezz.jei.gui.ingredients.IngredientListElementFactory/]: Registering ingredients: ChemicalStack
[267月2026 23:42:39.869] [Render thread/INFO] [mezz.jei.core.util.LoggedTimer/]: Building ingredient list took 43.43 milliseconds
[267月2026 23:42:39.869] [Render thread/INFO] [mezz.jei.core.util.LoggedTimer/]: Building ingredient filter...
[267月2026 23:42:39.965] [Render thread/INFO] [mezz.jei.gui.ingredients.IngredientFilter/]: Adding 3514 ingredients
[267月2026 23:42:40.213] [Render thread/INFO] [mezz.jei.gui.ingredients.IngredientFilter/]: Added 3514 ingredients
[267月2026 23:42:40.215] [Render thread/INFO] [mezz.jei.core.util.LoggedTimer/]: Building ingredient filter took 345.8 milliseconds
[267月2026 23:42:40.250] [JEI Config Save Delay/DEBUG] [mezz.jei.common.config.file.ConfigSerializer/]: Saving config file: E:\Minecraft\Minecraft Modding\RTSbuilding\run\config\jei\jei-debug.ini
[267月2026 23:42:40.251] [JEI Config Save Delay/DEBUG] [mezz.jei.common.config.file.ConfigSerializer/]: Saving config file: E:\Minecraft\Minecraft Modding\RTSbuilding\run\config\jei\jei-mod-id-format.ini
[267月2026 23:42:40.251] [JEI Config Save Delay/DEBUG] [mezz.jei.common.config.file.ConfigSerializer/]: Saving config file: E:\Minecraft\Minecraft Modding\RTSbuilding\run\config\jei\jei-colors.ini
[267月2026 23:42:40.252] [JEI Config Save Delay/DEBUG] [mezz.jei.common.config.file.ConfigSerializer/]: Saving config file: E:\Minecraft\Minecraft Modding\RTSbuilding\run\config\jei\jei-client.ini
[267月2026 23:42:40.407] [Render thread/INFO] [mezz.jei.library.load.PluginCallerTimerRunnable/]: Registering Runtime: jei:neoforge_gui took 585.8 milliseconds
[267月2026 23:42:40.407] [Render thread/DEBUG] [mezz.jei.library.load.PluginCallerTimerRunnable/]: Registering Runtime: jei:debug...
[267月2026 23:42:40.407] [Render thread/DEBUG] [mezz.jei.library.load.PluginCallerTimerRunnable/]: Registering Runtime: jei:gui...
[267月2026 23:42:40.407] [Render thread/DEBUG] [mezz.jei.library.load.PluginCallerTimerRunnable/]: Registering Runtime: rtsbuilding:jei_plugin...
[267月2026 23:42:40.407] [Render thread/DEBUG] [mezz.jei.library.load.PluginCallerTimerRunnable/]: Registering Runtime: mekanism:jei_plugin...
[267月2026 23:42:40.407] [Render thread/DEBUG] [mezz.jei.library.load.PluginCallerTimerRunnable/]: Registering Runtime: mekanismgenerators:jei_plugin...
[267月2026 23:42:40.407] [Render thread/DEBUG] [mezz.jei.library.load.PluginCallerTimerRunnable/]: Registering Runtime: enderio:base...
[267月2026 23:42:40.407] [Render thread/DEBUG] [mezz.jei.library.load.PluginCallerTimerRunnable/]: Registering Runtime: enderio:machines...
[267月2026 23:42:40.407] [Render thread/DEBUG] [mezz.jei.library.load.PluginCallerTimerRunnable/]: Registering Runtime: jei:internal...
[267月2026 23:42:40.407] [Render thread/INFO] [mezz.jei.library.load.PluginCaller/]: Registering Runtime took 586.6 milliseconds
[267月2026 23:42:40.410] [Render thread/INFO] [mezz.jei.core.util.LoggedTimer/]: Building runtime took 642.5 milliseconds
[267月2026 23:42:40.411] [Render thread/INFO] [mezz.jei.library.load.PluginCaller/]: Sending Runtime...
[267月2026 23:42:40.411] [Render thread/DEBUG] [mezz.jei.library.load.PluginCallerTimerRunnable/]: Sending Runtime: jei:minecraft...
[267月2026 23:42:40.411] [Render thread/DEBUG] [mezz.jei.library.load.PluginCallerTimerRunnable/]: Sending Runtime: refurbished_furniture:plugin...
[267月2026 23:42:40.411] [Render thread/DEBUG] [mezz.jei.library.load.PluginCallerTimerRunnable/]: Sending Runtime: jei:neoforge_gui...
[267月2026 23:42:40.411] [Render thread/DEBUG] [mezz.jei.library.load.PluginCallerTimerRunnable/]: Sending Runtime: jei:debug...
[267月2026 23:42:40.411] [Render thread/DEBUG] [mezz.jei.library.load.PluginCallerTimerRunnable/]: Sending Runtime: jei:gui...
[267月2026 23:42:40.411] [Render thread/DEBUG] [mezz.jei.library.load.PluginCallerTimerRunnable/]: Sending Runtime: rtsbuilding:jei_plugin...
[267月2026 23:42:40.411] [Render thread/DEBUG] [mezz.jei.library.load.PluginCallerTimerRunnable/]: Sending Runtime: mekanism:jei_plugin...
[267月2026 23:42:40.411] [Render thread/DEBUG] [mezz.jei.library.load.PluginCallerTimerRunnable/]: Sending Runtime: mekanismgenerators:jei_plugin...
[267月2026 23:42:40.411] [Render thread/DEBUG] [mezz.jei.library.load.PluginCallerTimerRunnable/]: Sending Runtime: enderio:base...
[267月2026 23:42:40.411] [Render thread/DEBUG] [mezz.jei.library.load.PluginCallerTimerRunnable/]: Sending Runtime: enderio:machines...
[267月2026 23:42:40.411] [Render thread/DEBUG] [mezz.jei.library.load.PluginCallerTimerRunnable/]: Sending Runtime: jei:internal...
[267月2026 23:42:40.411] [Render thread/INFO] [mezz.jei.library.load.PluginCaller/]: Sending Runtime took 516.2 microseconds
[267月2026 23:42:40.411] [Render thread/INFO] [mezz.jei.core.util.LoggedTimer/]: Starting JEI took 2.165 seconds
[267月2026 23:42:40.482] [Render thread/INFO] [net.minecraft.client.gui.components.ChatComponent/]: [System] [CHAT] [Warning] Ender IO is in alpha - expect bugs and take backups often!
[267月2026 23:42:40.512] [Render thread/INFO] [net.minecraft.advancements.AdvancementTree/]: Loaded 7 advancements
[267月2026 23:42:40.758] [JEI Config File Watcher/DEBUG] [mezz.jei.common.config.file.FileWatcherThread/]: Detected changes in files:
E:\Minecraft\Minecraft Modding\RTSbuilding\run\config\jei\jei-debug.ini
E:\Minecraft\Minecraft Modding\RTSbuilding\run\config\jei\jei-mod-id-format.ini
E:\Minecraft\Minecraft Modding\RTSbuilding\run\config\jei\jei-colors.ini
E:\Minecraft\Minecraft Modding\RTSbuilding\run\config\jei\jei-client.ini
[267月2026 23:42:40.878] [Render thread/DEBUG] [mezz.jei.common.config.file.ConfigSerializer/]: Skipping loading config file, it was just saved by us: E:\Minecraft\Minecraft Modding\RTSbuilding\run\config\jei\jei-debug.ini
[267月2026 23:42:41.643] [Render thread/INFO] [net.minecraft.client.gui.components.ChatComponent/]: [System] [CHAT] JourneyMap: 按 [J]
[267月2026 23:43:10.522] [Render thread/DEBUG] [com.rtsbuilding.rtsbuilding.RtsbuildingMod/]: ViewCapture: created 2560x1494 FBO+texture (fbo=7, tex=196)
